{
  "post_stream": {
    "posts": [
      {
        "id": 583973,
        "name": "Saransh Saini",
        "username": "Saransh_Saini",
        "avatar_template": "/user_avatar/discourse.onlinedegree.iitm.ac.in/saransh_saini/{size}/123495_2.png",
        "created_at": "2025-01-23T08:19:14.593Z",
        "cooked": "Hi Everyone,\nFor today\u2019s live session [23-01-2025] we will be giving an elaborate tutorial on using Flask framework for API creation, also we will discuss the last 3 questions of GA1.\nFlask is a Python Framework used for creating APIs and accessing databases. We highly encourage everyone to join this session at 8pm, as Flask is an important topic which might be useful in your projects and even ROE. Also anyone who is not enrolled in TDS, but wished to learn about Flask are also encouraged to join.\nLink: meet.google.com/brz-ksac-evo\nTimings: 8pm - 10pm\nRegards,\nSaransh Saini\nTDS TA",
        "post_number": 1,
        "post_type": 1,
        "posts_count": 4,
        "updated_at": "2025-01-23T10:21:56.620Z",
        "reply_count": 0,
        "reply_to_post_number": null,
        "quote_count": 0,
        "incoming_link_count": 0,
        "reads": 48,
        "readers_count": 47,
        "score": 24.0,
        "yours": false,
        "topic_id": 164869,
        "topic_slug": "agenda-for-todays-live-session-flask-tutorial",
        "display_username": "Saransh Saini",
        "primary_group_name": "ds-students",
        "flair_name": "ds-students",
        "flair_url": null,
        "flair_bg_color": "",
        "flair_color": "",
        "flair_group_id": 294,
        "badges_granted": [],
        "version": 2,
        "can_edit": false,
        "can_delete": false,
        "can_recover": false,
        "can_see_hidden_post": false,
        "can_wiki": false,
        "link_counts": [
          {
            "url": "http://meet.google.com/brz-ksac-evo",
            "internal": false,
            "reflection": false,
            "clicks": 4
          }
        ],
        "read": false,
        "user_title": "Course TA",
        "title_is_group": false,
        "bookmarked": false,
        "actions_summary": [
          {
            "id": 2,
            "count": 1,
            "can_act": true
          },
          {
            "id": 6,
            "can_act": true
          },
          {
            "id": 3,
            "can_act": true
          },
          {
            "id": 4,
            "can_act": true
          },
          {
            "id": 8,
            "can_act": true
          },
          {
            "id": 10,
            "can_act": true
          },
          {
            "id": 7,
            "can_act": true
          }
        ],
        "moderator": false,
        "admin": false,
        "staff": false,
        "group_moderator": true,
        "user_id": 13078,
        "hidden": false,
        "trust_level": 1,
        "deleted_at": null,
        "user_deleted": false,
        "edit_reason": null,
        "can_view_edit_history": true,
        "wiki": false,
        "post_url": "/t/agenda-for-todays-live-session-flask-tutorial/164869/1",
        "user_cakedate": "2022-05-02",
        "user_birthdate": "1904-08-04",
        "reactions": [
          {
            "id": "heart",
            "type": "emoji",
            "count": 1
          }
        ],
        "current_user_reaction": null,
        "reaction_users_count": 1,
        "current_user_used_main_reaction": false,
        "can_accept_answer": false,
        "can_unaccept_answer": false,
        "accepted_answer": false,
        "topic_accepted_answer": true,
        "can_vote": false
      },
      {
        "id": 584177,
        "name": "Avinash Prasad ",
        "username": "23f3003453",
        "avatar_template": "/user_avatar/discourse.onlinedegree.iitm.ac.in/23f3003453/{size}/111174_2.png",
        "created_at": "2025-01-23T16:39:19.321Z",
        "cooked": "Sir, Is the same meeting link valid for all the  future live sessions? It would be really helpful if you could share the updates through mail.",
        "post_number": 2,
        "post_type": 1,
        "posts_count": 4,
        "updated_at": "2025-01-23T16:39:19.321Z",
        "reply_count": 0,
        "reply_to_post_number": null,
        "quote_count": 0,
        "incoming_link_count": 0,
        "reads": 33,
        "readers_count": 32,
        "score": 20.8,
        "yours": false,
        "topic_id": 164869,
        "topic_slug": "agenda-for-todays-live-session-flask-tutorial",
        "display_username": "Avinash Prasad ",
        "primary_group_name": "ds-students",
        "flair_name": "ds-students",
        "flair_url": null,
        "flair_bg_color": "",
        "flair_color": "",
        "flair_group_id": 294,
        "badges_granted": [],
        "version": 1,
        "can_edit": false,
        "can_delete": false,
        "can_recover": false,
        "can_see_hidden_post": false,
        "can_wiki": false,
        "read": false,
        "user_title": null,
        "bookmarked": false,
        "actions_summary": [
          {
            "id": 2,
            "count": 1,
            "can_act": true
          },
          {
            "id": 6,
            "can_act": true
          },
          {
            "id": 3,
            "can_act": true
          },
          {
            "id": 4,
            "can_act": true
          },
          {
            "id": 8,
            "can_act": true
          },
          {
            "id": 10,
            "can_act": true
          },
          {
            "id": 7,
            "can_act": true
          }
        ],
        "moderator": false,
        "admin": false,
        "staff": false,
        "user_id": 25677,
        "hidden": false,
        "trust_level": 0,
        "deleted_at": null,
        "user_deleted": false,
        "edit_reason": null,
        "can_view_edit_history": true,
        "wiki": false,
        "post_url": "/t/agenda-for-todays-live-session-flask-tutorial/164869/2",
        "user_cakedate": "2024-01-23",
        "reactions": [
          {
            "id": "heart",
            "type": "emoji",
            "count": 1
          }
        ],
        "current_user_reaction": null,
        "reaction_users_count": 1,
        "current_user_used_main_reaction": false,
        "can_accept_answer": false,
        "can_unaccept_answer": false,
        "accepted_answer": false,
        "topic_accepted_answer": true
      },
      {
        "id": 584416,
        "name": "DEEPANSHU",
        "username": "23f2004097",
        "avatar_template": "/user_avatar/discourse.onlinedegree.iitm.ac.in/23f2004097/{size}/68126_2.png",
        "created_at": "2025-01-24T08:21:37.553Z",
        "cooked": "Was this session recorded? If recorded please provide link. This session was not in calender so missed that.",
        "post_number": 3,
        "post_type": 1,
        "posts_count": 4,
        "updated_at": "2025-01-24T08:21:37.553Z",
        "reply_count": 1,
        "reply_to_post_number": null,
        "quote_count": 0,
        "incoming_link_count": 1,
        "reads": 25,
        "readers_count": 24,
        "score": 14.6,
        "yours": false,
        "topic_id": 164869,
        "topic_slug": "agenda-for-todays-live-session-flask-tutorial",
        "display_username": "DEEPANSHU",
        "primary_group_name": "ds-students",
        "flair_name": "ds-students",
        "flair_url": null,
        "flair_bg_color": "",
        "flair_color": "",
        "flair_group_id": 294,
        "badges_granted": [],
        "version": 1,
        "can_edit": false,
        "can_delete": false,
        "can_recover": false,
        "can_see_hidden_post": false,
        "can_wiki": false,
        "read": false,
        "user_title": null,
        "bookmarked": false,
        "actions_summary": [
          {
            "id": 2,
            "can_act": true
          },
          {
            "id": 6,
            "can_act": true
          },
          {
            "id": 3,
            "can_act": true
          },
          {
            "id": 4,
            "can_act": true
          },
          {
            "id": 8,
            "can_act": true
          },
          {
            "id": 10,
            "can_act": true
          },
          {
            "id": 7,
            "can_act": true
          }
        ],
        "moderator": false,
        "admin": false,
        "staff": false,
        "user_id": 24086,
        "hidden": false,
        "trust_level": 1,
        "deleted_at": null,
        "user_deleted": false,
        "edit_reason": null,
        "can_view_edit_history": true,
        "wiki": false,
        "post_url": "/t/agenda-for-todays-live-session-flask-tutorial/164869/3",
        "user_cakedate": "2023-10-13",
        "reactions": [],
        "current_user_reaction": null,
        "reaction_users_count": 0,
        "current_user_used_main_reaction": false,
        "can_accept_answer": false,
        "can_unaccept_answer": false,
        "accepted_answer": false,
        "topic_accepted_answer": true
      },
      {
        "id": 584423,
        "name": "Saransh Saini",
        "username": "Saransh_Saini",
        "avatar_template": "/user_avatar/discourse.onlinedegree.iitm.ac.in/saransh_saini/{size}/123495_2.png",
        "created_at": "2025-01-24T08:43:13.776Z",
        "cooked": "This session will be uploaded on YouTube soon. In the meanwhile you can access the recording here\n\ndrive.google.com\n\n\n\nLive Session - TDS - 2025/01/23 19:54 GMT+05:30 - Recording\nGoogle Drive file.\n\n\n\n\n\n",
        "post_number": 4,
        "post_type": 1,
        "posts_count": 4,
        "updated_at": "2025-01-24T08:43:32.061Z",
        "reply_count": 0,
        "reply_to_post_number": 3,
        "quote_count": 0,
        "incoming_link_count": 0,
        "reads": 28,
        "readers_count": 27,
        "score": 19.8,
        "yours": false,
        "topic_id": 164869,
        "topic_slug": "agenda-for-todays-live-session-flask-tutorial",
        "display_username": "Saransh Saini",
        "primary_group_name": "ds-students",
        "flair_name": "ds-students",
        "flair_url": null,
        "flair_bg_color": "",
        "flair_color": "",
        "flair_group_id": 294,
        "badges_granted": [],
        "version": 1,
        "can_edit": false,
        "can_delete": false,
        "can_recover": false,
        "can_see_hidden_post": false,
        "can_wiki": false,
        "link_counts": [
          {
            "url": "https://drive.google.com/file/d/1w-zklGDSInE1n_T_bIGgo9GFE9_jPhTe/view?usp=drivesdk",
            "internal": false,
            "reflection": false,
            "title": "Live Session - TDS - 2025/01/23 19:54 GMT+05:30 - Recording - Google Drive",
            "clicks": 3
          }
        ],
        "read": false,
        "user_title": "Course TA",
        "title_is_group": false,
        "reply_to_user": {
          "id": 24086,
          "username": "23f2004097",
          "name": "DEEPANSHU",
          "avatar_template": "/user_avatar/discourse.onlinedegree.iitm.ac.in/23f2004097/{size}/68126_2.png"
        },
        "bookmarked": false,
        "actions_summary": [
          {
            "id": 2,
            "count": 1,
            "can_act": true
          },
          {
            "id": 6,
            "can_act": true
          },
          {
            "id": 3,
            "can_act": true
          },
          {
            "id": 4,
            "can_act": true
          },
          {
            "id": 8,
            "can_act": true
          },
          {
            "id": 10,
            "can_act": true
          },
          {
            "id": 7,
            "can_act": true
          }
        ],
        "moderator": false,
        "admin": false,
        "staff": false,
        "group_moderator": true,
        "user_id": 13078,
        "hidden": false,
        "trust_level": 1,
        "deleted_at": null,
        "user_deleted": false,
        "edit_reason": null,
        "can_view_edit_history": true,
        "wiki": false,
        "post_url": "/t/agenda-for-todays-live-session-flask-tutorial/164869/4",
        "user_cakedate": "2022-05-02",
        "user_birthdate": "1904-08-04",
        "reactions": [
          {
            "id": "heart",
            "type": "emoji",
            "count": 1
          }
        ],
        "current_user_reaction": null,
        "reaction_users_count": 1,
        "current_user_used_main_reaction": false,
        "can_accept_answer": false,
        "can_unaccept_answer": false,
        "accepted_answer": true,
        "topic_accepted_answer": true
      }
    ],
    "stream": [
      583973,
      584177,
      584416,
      584423
    ]
  },
  "timeline_lookup": [
    [
      1,
      140
    ],
    [
      3,
      139
    ]
  ],
  "suggested_topics": [
    {
      "id": 176644,
      "title": "Project 1 deadline extension",
      "fancy_title": "Project 1 deadline extension",
      "slug": "project-1-deadline-extension",
      "posts_count": 10,
      "reply_count": 0,
      "highest_post_number": 10,
      "image_url": null,
      "created_at": "2025-05-29T08:07:52.701Z",
      "last_posted_at": "2025-06-02T05:33:44.600Z",
      "bumped": true,
      "bumped_at": "2025-06-02T05:33:44.600Z",
      "archetype": "regular",
      "unseen": false,
      "last_read_post_number": 5,
      "unread": 0,
      "new_posts": 5,
      "unread_posts": 5,
      "pinned": false,
      "unpinned": null,
      "visible": true,
      "closed": false,
      "archived": false,
      "notification_level": 2,
      "bookmarked": false,
      "liked": true,
      "tags": [
        "diploma-level",
        "term2-2025"
      ],
      "tags_descriptions": {},
      "like_count": 40,
      "views": 173,
      "category_id": 34,
      "featured_link": null,
      "has_accepted_answer": false,
      "posters": [
        {
          "extras": null,
          "description": "Original Poster",
          "user": {
            "id": 23245,
            "username": "23f3001439",
            "name": "Siddarth S",
            "avatar_template": "/user_avatar/discourse.onlinedegree.iitm.ac.in/23f3001439/{size}/87894_2.png",
            "primary_group_name": "ds-students",
            "flair_name": "ds-students",
            "flair_group_id": 294,
            "trust_level": 0
          }
        },
        {
          "extras": null,
          "description": "Frequent Poster",
          "user": {
            "id": 12950,
            "username": "22f1001753",
            "name": "Prateek Gupta",
            "avatar_template": "/user_avatar/discourse.onlinedegree.iitm.ac.in/22f1001753/{size}/47479_2.png",
            "primary_group_name": "ds-students",
            "flair_name": "ds-students",
            "flair_group_id": 294,
            "trust_level": 1
          }
        },
        {
          "extras": null,
          "description": "Frequent Poster",
          "user": {
            "id": 30643,
            "username": "Rajat_Raj",
            "name": "Rajat Raj Singh",
            "avatar_template": "/user_avatar/discourse.onlinedegree.iitm.ac.in/rajat_raj/{size}/119975_2.png",
            "primary_group_name": "ds-students",
            "flair_name": "ds-students",
            "flair_group_id": 294,
            "trust_level": 1
          }
        },
        {
          "extras": null,
          "description": "Frequent Poster",
          "user": {
            "id": 23587,
            "username": "23f3001435",
            "name": "Sonu kumar",
            "avatar_template": "/user_avatar/discourse.onlinedegree.iitm.ac.in/23f3001435/{size}/66883_2.png",
            "primary_group_name": "ds-students",
            "flair_name": "ds-students",
            "flair_group_id": 294,
            "trust_level": 1
          }
        },
        {
          "extras": "latest",
          "description": "Most Recent Poster",
          "user": {
            "id": 17041,
            "username": "22f3003226",
            "name": "Shibashish ",
            "avatar_template": "/user_avatar/discourse.onlinedegree.iitm.ac.in/22f3003226/{size}/97251_2.png",
            "primary_group_name": "ds-students",
            "flair_name": "ds-students",
            "flair_group_id": 294,
            "trust_level": 1
          }
        }
      ]
    },
    {
      "id": 173524,
      "title": "GA1 - Development Tools - Discussion Thread [TDS May 2025]",
      "fancy_title": "GA1 - Development Tools - Discussion Thread [TDS May 2025]",
      "slug": "ga1-development-tools-discussion-thread-tds-may-2025",
      "posts_count": 81,
      "reply_count": 52,
      "highest_post_number": 86,
      "image_url": null,
      "created_at": "2025-05-01T11:39:00.734Z",
      "last_posted_at": "2025-05-31T18:44:32.559Z",
      "bumped": true,
      "bumped_at": "2025-05-31T18:44:32.559Z",
      "archetype": "regular",
      "unseen": false,
      "last_read_post_number": 30,
      "unread": 0,
      "new_posts": 56,
      "unread_posts": 56,
      "pinned": false,
      "unpinned": null,
      "visible": true,
      "closed": false,
      "archived": false,
      "notification_level": 2,
      "bookmarked": false,
      "liked": false,
      "tags": [
        "term2-2025",
        "graded-assignment"
      ],
      "tags_descriptions": {},
      "like_count": 25,
      "views": 1221,
      "category_id": 34,
      "featured_link": null,
      "has_accepted_answer": false,
      "posters": [
        {
          "extras": null,
          "description": "Original Poster",
          "user": {
            "id": 9419,
            "username": "s.anand",
            "name": "Anand S",
            "avatar_template": "/user_avatar/discourse.onlinedegree.iitm.ac.in/s.anand/{size}/15264_2.png",
            "primary_group_name": "faculty",
            "flair_name": "faculty",
            "flair_url": "chalkboard-user",
            "flair_bg_color": "f2c26e",
            "flair_color": "000",
            "flair_group_id": 54,
            "trust_level": 4
          }
        },
        {
          "extras": null,
          "description": "Frequent Poster",
          "user": {
            "id": 22472,
            "username": "Advaith52",
            "name": "Advaith Sanil Kumar",
            "avatar_template": "/user_avatar/discourse.onlinedegree.iitm.ac.in/advaith52/{size}/67172_2.png",
            "primary_group_name": "ds-students",
            "flair_name": "ds-students",
            "flair_group_id": 294,
            "trust_level": 1
          }
        },
        {
          "extras": null,
          "description": "Frequent Poster",
          "user": {
            "id": 16094,
            "username": "carlton",
            "name": "Carlton D'Silva",
            "avatar_template": "/user_avatar/discourse.onlinedegree.iitm.ac.in/carlton/{size}/56317_2.png",
            "primary_group_name": "ds-students",
            "flair_name": "ds-students",
            "flair_group_id": 294,
            "trust_level": 3
          }
        },
        {
          "extras": null,
          "description": "Frequent Poster",
          "user": {
            "id": 15658,
            "username": "HritikRoshan_HRM",
            "name": "HRITIK ROSHAN MAURYA",
            "avatar_template": "/user_avatar/discourse.onlinedegree.iitm.ac.in/hritikroshan_hrm/{size}/66975_2.png",
            "primary_group_name": "ds-students",
            "flair_name": "ds-students",
            "flair_group_id": 294,
            "trust_level": 1
          }
        },
        {
          "extras": "latest",
          "description": "Most Recent Poster",
          "user": {
            "id": 7234,
            "username": "21f3000813",
            "name": "Suraj mishra",
            "avatar_template": "/user_avatar/discourse.onlinedegree.iitm.ac.in/21f3000813/{size}/12622_2.png",
            "primary_group_name": "ds-students",
            "flair_name": "ds-students",
            "flair_group_id": 294,
            "trust_level": 1
          }
        }
      ]
    },
    {
      "id": 178878,
      "title": "Getting an api key error upon running npx -y promptfoo eval --config project-tds-virtual-ta-promptfoo.yaml",
      "fancy_title": "Getting an api key error upon running npx -y promptfoo eval &ndash;config project-tds-virtual-ta-promptfoo.yaml",
      "slug": "getting-an-api-key-error-upon-running-npx-y-promptfoo-eval-config-project-tds-virtual-ta-promptfoo-yaml",
      "posts_count": 2,
      "reply_count": 0,
      "highest_post_number": 2,
      "image_url": null,
      "created_at": "2025-06-11T15:59:44.146Z",
      "last_posted_at": "2025-06-12T09:04:32.396Z",
      "bumped": true,
      "bumped_at": "2025-06-12T09:04:32.396Z",
      "archetype": "regular",
      "unseen": true,
      "pinned": false,
      "unpinned": null,
      "visible": true,
      "closed": false,
      "archived": false,
      "bookmarked": null,
      "liked": null,
      "tags": [
        "clarification",
        "diploma-level",
        "term2-2025"
      ],
      "tags_descriptions": {},
      "like_count": 0,
      "views": 34,
      "category_id": 34,
      "featured_link": null,
      "has_accepted_answer": false,
      "posters": [
        {
          "extras": "latest single",
          "description": "Original Poster, Most Recent Poster",
          "user": {
            "id": 23837,
            "username": "23f1000129",
            "name": "Suyash Raj",
            "avatar_template": "/user_avatar/discourse.onlinedegree.iitm.ac.in/23f1000129/{size}/122013_2.png",
            "primary_group_name": "ds-students",
            "flair_name": "ds-students",
            "flair_group_id": 294,
            "trust_level": 0
          }
        }
      ]
    },
    {
      "id": 178898,
      "title": "Api Key Error",
      "fancy_title": "Api Key Error",
      "slug": "api-key-error",
      "posts_count": 2,
      "reply_count": 0,
      "highest_post_number": 2,
      "image_url": null,
      "created_at": "2025-06-11T18:29:53.636Z",
      "last_posted_at": "2025-06-12T06:50:28.438Z",
      "bumped": true,
      "bumped_at": "2025-06-12T06:50:28.438Z",
      "archetype": "regular",
      "unseen": true,
      "pinned": false,
      "unpinned": null,
      "visible": true,
      "closed": false,
      "archived": false,
      "bookmarked": null,
      "liked": null,
      "tags": [
        "clarification",
        "diploma-level",
        "term2-2025"
      ],
      "tags_descriptions": {},
      "like_count": 0,
      "views": 37,
      "category_id": 34,
      "featured_link": null,
      "has_accepted_answer": false,
      "posters": [
        {
          "extras": null,
          "description": "Original Poster",
          "user": {
            "id": 30904,
            "username": "24ds2000087",
            "name": "Banani Mallick",
            "avatar_template": "/user_avatar/discourse.onlinedegree.iitm.ac.in/24ds2000087/{size}/119469_2.png",
            "primary_group_name": "ds-students",
            "flair_name": "ds-students",
            "flair_group_id": 294,
            "trust_level": 0
          }
        },
        {
          "extras": "latest",
          "description": "Most Recent Poster",
          "user": {
            "id": 24803,
            "username": "23f2003651",
            "name": "Akshobh Verma",
            "avatar_template": "/user_avatar/discourse.onlinedegree.iitm.ac.in/23f2003651/{size}/67172_2.png",
            "primary_group_name": "ds-students",
            "flair_name": "ds-students",
            "flair_group_id": 294,
            "trust_level": 1
          }
        }
      ]
    },
    {
      "id": 178881,
      "title": "GA4 - Data Sourcing - Discussion Thread [TDS May 2025]",
      "fancy_title": "GA4 - Data Sourcing - Discussion Thread [TDS May 2025]",
      "slug": "ga4-data-sourcing-discussion-thread-tds-may-2025",
      "posts_count": 1,
      "reply_count": 0,
      "highest_post_number": 1,
      "image_url": null,
      "created_at": "2025-06-11T16:23:45.872Z",
      "last_posted_at": "2025-06-11T16:23:46.149Z",
      "bumped": true,
      "bumped_at": "2025-06-11T16:23:46.149Z",
      "archetype": "regular",
      "unseen": true,
      "pinned": false,
      "unpinned": null,
      "visible": true,
      "closed": false,
      "archived": false,
      "bookmarked": null,
      "liked": null,
      "tags": [
        "term2-2025",
        "graded-assignment",
        "week-4"
      ],
      "tags_descriptions": {},
      "like_count": 2,
      "views": 42,
      "category_id": 34,
      "featured_link": null,
      "has_accepted_answer": false,
      "posters": [
        {
          "extras": "latest single",
          "description": "Original Poster, Most Recent Poster",
          "user": {
            "id": 9419,
            "username": "s.anand",
            "name": "Anand S",
            "avatar_template": "/user_avatar/discourse.onlinedegree.iitm.ac.in/s.anand/{size}/15264_2.png",
            "primary_group_name": "faculty",
            "flair_name": "faculty",
            "flair_url": "chalkboard-user",
            "flair_bg_color": "f2c26e",
            "flair_color": "000",
            "flair_group_id": 54,
            "trust_level": 4
          }
        }
      ]
    }
  ],
  "tags": [
    "diploma-level",
    "announcement",
    "live-session",
    "agenda"
  ],
  "tags_descriptions": {},
  "id": 164869,
  "title": "Agenda for Today's Live Session [Flask Tutorial]",
  "fancy_title": "Agenda for Today&rsquo;s Live Session [Flask Tutorial]",
  "posts_count": 4,
  "created_at": "2025-01-23T08:19:14.359Z",
  "views": 69,
  "reply_count": 1,
  "like_count": 3,
  "last_posted_at": "2025-01-24T08:43:13.776Z",
  "visible": true,
  "closed": false,
  "archived": false,
  "has_summary": false,
  "archetype": "regular",
  "slug": "agenda-for-todays-live-session-flask-tutorial",
  "category_id": 34,
  "word_count": 178,
  "deleted_at": null,
  "user_id": 13078,
  "featured_link": null,
  "pinned_globally": false,
  "pinned_at": null,
  "pinned_until": null,
  "image_url": null,
  "slow_mode_seconds": 0,
  "draft": null,
  "draft_key": "topic_164869",
  "draft_sequence": 0,
  "unpinned": null,
  "pinned": false,
  "current_post_number": 1,
  "highest_post_number": 4,
  "deleted_by": null,
  "actions_summary": [
    {
      "id": 4,
      "count": 0,
      "hidden": false,
      "can_act": true
    },
    {
      "id": 8,
      "count": 0,
      "hidden": false,
      "can_act": true
    },
    {
      "id": 10,
      "count": 0,
      "hidden": false,
      "can_act": true
    },
    {
      "id": 7,
      "count": 0,
      "hidden": false,
      "can_act": true
    }
  ],
  "chunk_size": 20,
  "bookmarked": false,
  "topic_timer": null,
  "message_bus_last_id": 0,
  "participant_count": 3,
  "show_read_indicator": false,
  "thumbnails": null,
  "slow_mode_enabled_until": null,
  "tags_disable_ads": false,
  "related_topics": [
    {
      "id": 165830,
      "title": "Live Session Agenda - 30/01/2025",
      "fancy_title": "Live Session Agenda - 30/01/2025",
      "slug": "live-session-agenda-30-01-2025",
      "posts_count": 1,
      "reply_count": 0,
      "highest_post_number": 1,
      "image_url": null,
      "created_at": "2025-01-30T09:31:29.488Z",
      "last_posted_at": "2025-01-30T09:31:29.813Z",
      "bumped": true,
      "bumped_at": "2025-01-30T10:41:02.363Z",
      "archetype": "regular",
      "unseen": false,
      "pinned": false,
      "unpinned": null,
      "visible": true,
      "closed": false,
      "archived": false,
      "bookmarked": null,
      "liked": null,
      "tags": [
        "term1-2025",
        "tds",
        "live-session"
      ],
      "tags_descriptions": {},
      "like_count": 0,
      "views": 41,
      "category_id": 34,
      "featured_link": null,
      "has_accepted_answer": false,
      "posters": [
        {
          "extras": "latest single",
          "description": "Original Poster, Most Recent Poster",
          "user": {
            "id": 16094,
            "username": "carlton",
            "name": "Carlton D'Silva",
            "avatar_template": "/user_avatar/discourse.onlinedegree.iitm.ac.in/carlton/{size}/56317_2.png",
            "primary_group_name": "ds-students",
            "flair_name": "ds-students",
            "flair_group_id": 294,
            "trust_level": 3
          }
        }
      ]
    },
    {
      "id": 151978,
      "title": "Recording links for TDS session",
      "fancy_title": "Recording links for TDS session",
      "slug": "recording-links-for-tds-session",
      "posts_count": 10,
      "reply_count": 8,
      "highest_post_number": 10,
      "image_url": null,
      "created_at": "2024-10-12T02:14:04.157Z",
      "last_posted_at": "2024-10-21T07:38:42.698Z",
      "bumped": true,
      "bumped_at": "2024-10-21T07:38:42.698Z",
      "archetype": "regular",
      "unseen": false,
      "pinned": false,
      "unpinned": null,
      "visible": true,
      "closed": false,
      "archived": false,
      "bookmarked": null,
      "liked": null,
      "tags": [
        "operational"
      ],
      "tags_descriptions": {},
      "like_count": 5,
      "views": 128,
      "category_id": 34,
      "featured_link": null,
      "has_accepted_answer": false,
      "posters": [
        {
          "extras": null,
          "description": "Original Poster",
          "user": {
            "id": 15556,
            "username": "kumarpa",
            "name": "Pradeep Kumar P",
            "avatar_template": "/user_avatar/discourse.onlinedegree.iitm.ac.in/kumarpa/{size}/68254_2.png",
            "primary_group_name": "ds-students",
            "flair_name": "ds-students",
            "flair_group_id": 294,
            "trust_level": 1
          }
        },
        {
          "extras": null,
          "description": "Frequent Poster",
          "user": {
            "id": 16094,
            "username": "carlton",
            "name": "Carlton D'Silva",
            "avatar_template": "/user_avatar/discourse.onlinedegree.iitm.ac.in/carlton/{size}/56317_2.png",
            "primary_group_name": "ds-students",
            "flair_name": "ds-students",
            "flair_group_id": 294,
            "trust_level": 3
          }
        },
        {
          "extras": "latest",
          "description": "Most Recent Poster",
          "user": {
            "id": 17331,
            "username": "23f1002330",
            "name": "Haifa",
            "avatar_template": "/user_avatar/discourse.onlinedegree.iitm.ac.in/23f1002330/{size}/67219_2.png",
            "primary_group_name": "ds-students",
            "flair_name": "ds-students",
            "flair_group_id": 294,
            "trust_level": 1
          }
        }
      ]
    },
    {
      "id": 118337,
      "title": "Today's live Session clashes with Mad2 live session",
      "fancy_title": "Today&rsquo;s live Session clashes with Mad2 live session",
      "slug": "todays-live-session-clashes-with-mad2-live-session",
      "posts_count": 7,
      "reply_count": 5,
      "highest_post_number": 7,
      "image_url": null,
      "created_at": "2024-02-06T05:15:51.395Z",
      "last_posted_at": "2024-02-29T23:34:46.411Z",
      "bumped": true,
      "bumped_at": "2024-02-29T23:34:46.411Z",
      "archetype": "regular",
      "unseen": false,
      "pinned": false,
      "unpinned": null,
      "visible": true,
      "closed": false,
      "archived": false,
      "bookmarked": null,
      "liked": null,
      "tags": [
        "operational"
      ],
      "tags_descriptions": {},
      "like_count": 0,
      "views": 75,
      "category_id": 34,
      "featured_link": null,
      "has_accepted_answer": false,
      "posters": [
        {
          "extras": null,
          "description": "Original Poster",
          "user": {
            "id": 11563,
            "username": "21f3001584",
            "name": "Deep Kevin Luthra",
            "avatar_template": "/user_avatar/discourse.onlinedegree.iitm.ac.in/21f3001584/{size}/14198_2.png",
            "primary_group_name": "ds-students",
            "flair_name": "ds-students",
            "flair_group_id": 294,
            "trust_level": 1
          }
        },
        {
          "extras": null,
          "description": "Frequent Poster",
          "user": {
            "id": 11208,
            "username": "anoop_saxena09",
            "name": "Anoop Kumar Saxena",
            "avatar_template": "/user_avatar/discourse.onlinedegree.iitm.ac.in/anoop_saxena09/{size}/12765_2.png",
            "primary_group_name": "ds-students",
            "flair_name": "ds-students",
            "flair_group_id": 294,
            "trust_level": 1
          }
        },
        {
          "extras": null,
          "description": "Frequent Poster",
          "user": {
            "id": 4892,
            "username": "himanshutiwari16",
            "name": "Himanshu Tiwari",
            "avatar_template": "/user_avatar/discourse.onlinedegree.iitm.ac.in/himanshutiwari16/{size}/372_2.png",
            "primary_group_name": "ds-students",
            "flair_name": "ds-students",
            "flair_group_id": 294,
            "trust_level": 1
          }
        },
        {
          "extras": null,
          "description": "Frequent Poster",
          "user": {
            "id": 4961,
            "username": "Nithish_Kumar",
            "name": "Nithish Kumar",
            "avatar_template": "/user_avatar/discourse.onlinedegree.iitm.ac.in/nithish_kumar/{size}/45_2.png",
            "primary_group_name": "ds-students",
            "flair_name": "ds-students",
            "flair_group_id": 294,
            "trust_level": 1
          }
        },
        {
          "extras": "latest",
          "description": "Most Recent Poster",
          "user": {
            "id": 12073,
            "username": "22f1001142",
            "name": "A.Vivekananda",
            "avatar_template": "/user_avatar/discourse.onlinedegree.iitm.ac.in/22f1001142/{size}/44795_2.png",
            "primary_group_name": "ds-students",
            "flair_name": "ds-students",
            "flair_group_id": 294,
            "trust_level": 1
          }
        }
      ]
    },
    {
      "id": 155326,
      "title": "Agenda for Today's TA session",
      "fancy_title": "Agenda for Today&rsquo;s TA session",
      "slug": "agenda-for-todays-ta-session",
      "posts_count": 3,
      "reply_count": 0,
      "highest_post_number": 4,
      "image_url": null,
      "created_at": "2024-11-02T12:06:17.202Z",
      "last_posted_at": "2024-11-04T10:31:39.445Z",
      "bumped": true,
      "bumped_at": "2024-11-04T10:29:05.593Z",
      "archetype": "regular",
      "unseen": false,
      "pinned": false,
      "unpinned": null,
      "visible": true,
      "closed": false,
      "archived": false,
      "bookmarked": null,
      "liked": null,
      "tags": [
        "term3-2024",
        "live-session-ta"
      ],
      "tags_descriptions": {},
      "like_count": 2,
      "views": 45,
      "category_id": 34,
      "featured_link": null,
      "has_accepted_answer": false,
      "posters": [
        {
          "extras": null,
          "description": "Original Poster",
          "user": {
            "id": 15651,
            "username": "Jivraj",
            "name": "Jivraj Singh Shekhawat",
            "avatar_template": "https://avatars.discourse-cdn.com/v4/letter/j/b9bd4f/{size}.png",
            "primary_group_name": "ds-students",
            "flair_name": "ds-students",
            "flair_group_id": 294,
            "trust_level": 2
          }
        },
        {
          "extras": "latest",
          "description": "Most Recent Poster",
          "user": {
            "id": 16094,
            "username": "carlton",
            "name": "Carlton D'Silva",
            "avatar_template": "/user_avatar/discourse.onlinedegree.iitm.ac.in/carlton/{size}/56317_2.png",
            "primary_group_name": "ds-students",
            "flair_name": "ds-students",
            "flair_group_id": 294,
            "trust_level": 3
          }
        }
      ]
    },
    {
      "id": 62208,
      "title": "Live sessions for TDS Sep 2022 Term?",
      "fancy_title": "Live sessions for TDS Sep 2022 Term?",
      "slug": "live-sessions-for-tds-sep-2022-term",
      "posts_count": 6,
      "reply_count": 4,
      "highest_post_number": 6,
      "image_url": "https://europe1.discourse-cdn.com/flex013/uploads/iitm/optimized/3X/9/8/98d50b6aafd70932060208e2046c8701193902aa_2_1024x631.png",
      "created_at": "2022-09-03T13:09:17.709Z",
      "last_posted_at": "2022-09-10T06:48:18.741Z",
      "bumped": true,
      "bumped_at": "2022-09-10T06:48:18.741Z",
      "archetype": "regular",
      "unseen": false,
      "pinned": false,
      "unpinned": null,
      "visible": true,
      "closed": false,
      "archived": false,
      "bookmarked": null,
      "liked": null,
      "tags": [
        "operational"
      ],
      "tags_descriptions": {},
      "like_count": 1,
      "views": 128,
      "category_id": 34,
      "featured_link": null,
      "has_accepted_answer": false,
      "posters": [
        {
          "extras": "latest",
          "description": "Original Poster, Most Recent Poster",
          "user": {
            "id": 11222,
            "username": "Bhupesh",
            "name": "Bhupesh Gupta",
            "avatar_template": "/user_avatar/discourse.onlinedegree.iitm.ac.in/bhupesh/{size}/16011_2.png",
            "primary_group_name": "ds-students",
            "flair_name": "ds-students",
            "flair_group_id": 294,
            "trust_level": 1
          }
        },
        {
          "extras": null,
          "description": "Frequent Poster",
          "user": {
            "id": 6871,
            "username": "21f2000560",
            "name": "Debashree Nandi",
            "avatar_template": "/user_avatar/discourse.onlinedegree.iitm.ac.in/21f2000560/{size}/1199_2.png",
            "primary_group_name": "ds-students",
            "flair_name": "ds-students",
            "flair_group_id": 294,
            "trust_level": 1
          }
        },
        {
          "extras": null,
          "description": "Frequent Poster",
          "user": {
            "id": 6142,
            "username": "Dixon",
            "name": "Dixon",
            "avatar_template": "/user_avatar/discourse.onlinedegree.iitm.ac.in/dixon/{size}/1027_2.png",
            "trust_level": 1
          }
        }
      ]
    }
  ],
  "summarizable": false,
  "valid_reactions": [
    "heart",
    "+1",
    "laughing",
    "open_mouth",
    "clap",
    "confetti_ball",
    "rocket",
    "-1"
  ],
  "accepted_answer": {
    "post_number": 4,
    "username": "Saransh_Saini",
    "name": null,
    "excerpt": "This session will be uploaded on YouTube soon. In the meanwhile you can access the recording here",
    "accepter_name": null,
    "accepter_username": "Saransh_Saini"
  },
  "can_vote": false,
  "vote_count": 0,
  "user_voted": false,
  "discourse_zendesk_plugin_zendesk_id": null,
  "discourse_zendesk_plugin_zendesk_url": "https://your-url.zendesk.com/agent/tickets/",
  "details": {
    "can_edit": false,
    "notification_level": 1,
    "can_create_post": true,
    "can_reply_as_new_topic": true,
    "can_flag_topic": true,
    "participants": [
      {
        "id": 13078,
        "username": "Saransh_Saini",
        "name": "Saransh Saini",
        "avatar_template": "/user_avatar/discourse.onlinedegree.iitm.ac.in/saransh_saini/{size}/123495_2.png",
        "post_count": 2,
        "primary_group_name": "ds-students",
        "flair_name": "ds-students",
        "flair_url": null,
        "flair_color": "",
        "flair_bg_color": "",
        "flair_group_id": 294,
        "trust_level": 1
      },
      {
        "id": 24086,
        "username": "23f2004097",
        "name": "DEEPANSHU",
        "avatar_template": "/user_avatar/discourse.onlinedegree.iitm.ac.in/23f2004097/{size}/68126_2.png",
        "post_count": 1,
        "primary_group_name": "ds-students",
        "flair_name": "ds-students",
        "flair_url": null,
        "flair_color": "",
        "flair_bg_color": "",
        "flair_group_id": 294,
        "trust_level": 1
      },
      {
        "id": 25677,
        "username": "23f3003453",
        "name": "Avinash Prasad ",
        "avatar_template": "/user_avatar/discourse.onlinedegree.iitm.ac.in/23f3003453/{size}/111174_2.png",
        "post_count": 1,
        "primary_group_name": "ds-students",
        "flair_name": "ds-students",
        "flair_url": null,
        "flair_color": "",
        "flair_bg_color": "",
        "flair_group_id": 294,
        "trust_level": 0
      }
    ],
    "created_by": {
      "id": 13078,
      "username": "Saransh_Saini",
      "name": "Saransh Saini",
      "avatar_template": "/user_avatar/discourse.onlinedegree.iitm.ac.in/saransh_saini/{size}/123495_2.png"
    },
    "last_poster": {
      "id": 13078,
      "username": "Saransh_Saini",
      "name": "Saransh Saini",
      "avatar_template": "/user_avatar/discourse.onlinedegree.iitm.ac.in/saransh_saini/{size}/123495_2.png"
    },
    "links": [
      {
        "url": "http://meet.google.com/brz-ksac-evo",
        "title": null,
        "internal": false,
        "attachment": false,
        "reflection": false,
        "clicks": 4,
        "user_id": 13078,
        "domain": "meet.google.com",
        "root_domain": "google.com"
      },
      {
        "url": "https://drive.google.com/file/d/1w-zklGDSInE1n_T_bIGgo9GFE9_jPhTe/view?usp=drivesdk",
        "title": "Live Session - TDS - 2025/01/23 19:54 GMT+05:30 - Recording - Google Drive",
        "internal": false,
        "attachment": false,
        "reflection": false,
        "clicks": 3,
        "user_id": 13078,
        "domain": "drive.google.com",
        "root_domain": "google.com"
      }
    ]
  },
  "pending_posts": [],
  "bookmarks": []
}