{
  "post_stream": {
    "posts": [
      {
        "id": 607378,
        "name": "LAKSHAY",
        "username": "lakshaygarg654",
        "avatar_template": "/user_avatar/discourse.onlinedegree.iitm.ac.in/lakshaygarg654/{size}/129814_2.png",
        "created_at": "2025-03-17T05:32:43.063Z",
        "cooked": "@s.anand @carlton @Jivraj\nDear TDS Team,\nI hope you are doing well. I am writing to highlight several issues and doubts related to different aspects of the course that require clarification and resolution.\n1. Graded Assignments (GA)\n\n\nGA6 Doubts Unresolved: While doubts related to Q1 and Q2 have been addressed, other queries remain unresolved despite being posted in the GA6 thread . The deadline has passed, but no solutions have been provided. (Thread link)\n\n\nGA Platform Changes: Initially, we were solving questions on exam.sanand.workers.dev . However, in GA6, we moved to Seek and in GA7, to Google Forms. The issue is that in GA6, we cannot check our answers like we could in previous assignments.\n\n\n2. Project Updates\n\nProject 1: The result is still awaited, although it was expected on or before March 16. Any update on this would be helpful.\nProject 2: There are multiple doubts posted in the Project 2 discussion thread, but they have not been addressed yet. Without these clarifications, it is difficult to proceed with the project. Could you please provide an expected timeline for when these queries will be resolved?  (thread link)\n\n3. ROE Score Update\n\nWhile ROE scores may not be a primary concern, the bonus marks in ROE have still not been updated on the student dashboard. It would be helpful to get confirmation on when these will be reflected.\n\nI appreciate your time and assistance in addressing these concerns. Looking forward to your response.\nBest regards,\nLakshay",
        "post_number": 1,
        "post_type": 1,
        "posts_count": 5,
        "updated_at": "2025-03-17T05:32:43.063Z",
        "reply_count": 1,
        "reply_to_post_number": null,
        "quote_count": 0,
        "incoming_link_count": 46,
        "reads": 134,
        "readers_count": 133,
        "score": 411.0,
        "yours": false,
        "topic_id": 170147,
        "topic_slug": "concerns-regarding-various-issues-graded-assignments-project-doubts-and-roe-score-updates",
        "display_username": "LAKSHAY",
        "primary_group_name": "ds-students",
        "flair_name": "ds-students",
        "flair_url": null,
        "flair_bg_color": "",
        "flair_color": "",
        "flair_group_id": 294,
        "badges_granted": [],
        "version": 1,
        "can_edit": false,
        "can_delete": false,
        "can_recover": false,
        "can_see_hidden_post": false,
        "can_wiki": false,
        "link_counts": [
          {
            "url": "https://discourse.onlinedegree.iitm.ac.in/t/project-2-tds-solver-discussion-thread/169029/29",
            "internal": true,
            "reflection": false,
            "title": "Project 2 - TDS Solver - Discussion Thread",
            "clicks": 2
          },
          {
            "url": "https://discourse.onlinedegree.iitm.ac.in/t/graded-assignment-6/169283",
            "internal": true,
            "reflection": false,
            "title": "Graded assignment 6",
            "clicks": 0
          },
          {
            "url": "https://exam.sanand.workers.dev",
            "internal": false,
            "reflection": false,
            "title": "Exam Portal",
            "clicks": 0
          }
        ],
        "read": false,
        "user_title": null,
        "bookmarked": false,
        "actions_summary": [
          {
            "id": 2,
            "count": 10,
            "can_act": true
          },
          {
            "id": 6,
            "can_act": true
          },
          {
            "id": 3,
            "can_act": true
          },
          {
            "id": 4,
            "can_act": true
          },
          {
            "id": 8,
            "can_act": true
          },
          {
            "id": 10,
            "can_act": true
          },
          {
            "id": 7,
            "can_act": true
          }
        ],
        "moderator": false,
        "admin": false,
        "staff": false,
        "user_id": 7193,
        "hidden": false,
        "trust_level": 1,
        "deleted_at": null,
        "user_deleted": false,
        "edit_reason": null,
        "can_view_edit_history": true,
        "wiki": false,
        "post_url": "/t/concerns-regarding-various-issues-graded-assignments-project-doubts-and-roe-score-updates/170147/1",
        "user_cakedate": "2021-09-12",
        "reactions": [
          {
            "id": "heart",
            "type": "emoji",
            "count": 10
          }
        ],
        "current_user_reaction": null,
        "reaction_users_count": 10,
        "current_user_used_main_reaction": false,
        "can_accept_answer": false,
        "can_unaccept_answer": false,
        "accepted_answer": false,
        "topic_accepted_answer": true,
        "can_vote": false
      },
      {
        "id": 607384,
        "name": "ABHIJEET KUMAR ",
        "username": "23f2004912",
        "avatar_template": "/user_avatar/discourse.onlinedegree.iitm.ac.in/23f2004912/{size}/108710_2.png",
        "created_at": "2025-03-17T05:51:22.965Z",
        "cooked": "tigertds212\u00d7148 6.99 KB\n@carlton It\u2019s been over a month, and now an extra day has been taken as well\u2014when will TDS Project 1 finally be released? The delay is getting excessive; some clarity on the timeline would be appreciated.",
        "post_number": 2,
        "post_type": 1,
        "posts_count": 5,
        "updated_at": "2025-03-17T05:51:22.965Z",
        "reply_count": 1,
        "reply_to_post_number": null,
        "quote_count": 0,
        "incoming_link_count": 8,
        "reads": 112,
        "readers_count": 111,
        "score": 127.0,
        "yours": false,
        "topic_id": 170147,
        "topic_slug": "concerns-regarding-various-issues-graded-assignments-project-doubts-and-roe-score-updates",
        "display_username": "ABHIJEET KUMAR ",
        "primary_group_name": "ds-students",
        "flair_name": "ds-students",
        "flair_url": null,
        "flair_bg_color": "",
        "flair_color": "",
        "flair_group_id": 294,
        "badges_granted": [],
        "version": 1,
        "can_edit": false,
        "can_delete": false,
        "can_recover": false,
        "can_see_hidden_post": false,
        "can_wiki": false,
        "read": false,
        "user_title": null,
        "bookmarked": false,
        "actions_summary": [
          {
            "id": 2,
            "count": 4,
            "can_act": true
          },
          {
            "id": 6,
            "can_act": true
          },
          {
            "id": 3,
            "can_act": true
          },
          {
            "id": 4,
            "can_act": true
          },
          {
            "id": 8,
            "can_act": true
          },
          {
            "id": 10,
            "can_act": true
          },
          {
            "id": 7,
            "can_act": true
          }
        ],
        "moderator": false,
        "admin": false,
        "staff": false,
        "user_id": 21980,
        "hidden": false,
        "trust_level": 1,
        "deleted_at": null,
        "user_deleted": false,
        "edit_reason": null,
        "can_view_edit_history": true,
        "wiki": false,
        "post_url": "/t/concerns-regarding-various-issues-graded-assignments-project-doubts-and-roe-score-updates/170147/2",
        "user_cakedate": "2023-09-18",
        "reactions": [
          {
            "id": "heart",
            "type": "emoji",
            "count": 4
          }
        ],
        "current_user_reaction": null,
        "reaction_users_count": 4,
        "current_user_used_main_reaction": false,
        "can_accept_answer": false,
        "can_unaccept_answer": false,
        "accepted_answer": false,
        "topic_accepted_answer": true
      },
      {
        "id": 607520,
        "name": "Carlton D'Silva",
        "username": "carlton",
        "avatar_template": "/user_avatar/discourse.onlinedegree.iitm.ac.in/carlton/{size}/56317_2.png",
        "created_at": "2025-03-17T08:10:53.775Z",
        "cooked": "\n\n\n lakshaygarg654:\n\nGA Platform Changes: Initially, we were solving questions on exam.sanand.workers.dev . However, in GA6, we moved to Seek and in GA7, to Google Forms. The issue is that in GA6, we cannot check our answers like we could in previous assignments.\n\n\nThe course is in transition. Initially all of it used to be on seek portal. But there were limitations of seek portal that we were not able to work around to deliver the kind of interactive, reactive and rapid corrections/iterations that are now possible because we moved the evaluations from the seek portal to the TDS server. Since the move to the new TDS server on the back end, we are able to also directly see students actual parameterised questions whenever doubts are raised. This is NOT possible on seek portal for us. The results are immediate to see. You got timely rapid feedback for GA 1 to GA 5 from the TAs. The TAs were also able to iterate quickly in discussion with the instructors and the professor as well as operations.\nWith GA 6 our inability to actually see your individual question sets immediately (its possible, but it has to take a very circuitous route via 3 set of people) meant we were always on the back foot for both, checking the answers, as well as making any corrections. And since the questions were parameterised, for technical reasons it was extremely cumbersome/risky/impossible to make changes without it being VERY disruptive to all students. These were some of the reasons we are transitioning. We have seen this problem term after term in prior terms with regards to the seek portal. This is a technological limitation of the current seek portal that directly impacts our ability to react to a dynamic course like TDS.\nGA 7 was decided to submit via forms again for the reasons listed above. GA6 was straightforward because it was a traditional evaluation. Whereas GA7 is once again very unique and does not handle well in being configured in Seek Portal. Since it was not possible in such a short time to transition GA7 to our preferred hosting server and student favourite, we opted for the least disruptive solution that we are able to action very quickly upon.\n\n\n\n lakshaygarg654:\n\nProject 1: The result is still awaited, although it was expected on or before March 16. Any update on this would be helpful.\n\n\nProject 1 evaluations is VERY computationally intensive for us to evaluate. Each project although dockerised, with an average submission weighing at 2GB, we have to provision space of 1 TB along with the cloud computer resources for all of that (RAM and vCPUs) and if you thought creating project 1 was tough, you can imagine the technical challenge involved in evaluating the 600+ submissions with all the errors and issues we have to fix. In truth its all hands on deck for us here on the back end because it has been deemed critical. So while we are moving the course along, we are also aware that evaluations are at serious risk of missing crucial deadlines. We are taking the matter with utmost seriousness. Its just that we cant always keep you up to date on every set back we are facing.\nEach and everyone of us are concerned about Project 1 and are working on it. Anand, JK, Prasanna, myself, Jivraj and Saransh. We all have been given access to the eval server which we only managed to provision a few days ago and we are all trying to get the most ambitious TDS project evaluation out the dry dock and into the water and hoping it floats gracefully rather than sink in the estuary. Meanwhile we are busy patching the pipes in the belly of the ship while its rolling down the slipway.\n\n\n\n lakshaygarg654:\n\n3. ROE Score Update\n\nWhile ROE scores may not be a primary concern, the bonus marks in ROE have still not been updated on the student dashboard. It would be helpful to get confirmation on when these will be reflected.\n\n\n\nYou got the maximum possible mark in ROE. Does it not show you got 100 in ROE in the dashboard? I have been told by operations that it has been pushed.\nKind regards",
        "post_number": 3,
        "post_type": 1,
        "posts_count": 5,
        "updated_at": "2025-03-17T08:13:13.909Z",
        "reply_count": 1,
        "reply_to_post_number": null,
        "quote_count": 1,
        "incoming_link_count": 8,
        "reads": 93,
        "readers_count": 92,
        "score": 78.2,
        "yours": false,
        "topic_id": 170147,
        "topic_slug": "concerns-regarding-various-issues-graded-assignments-project-doubts-and-roe-score-updates",
        "display_username": "Carlton D'Silva",
        "primary_group_name": "ds-students",
        "flair_name": "ds-students",
        "flair_url": null,
        "flair_bg_color": "",
        "flair_color": "",
        "flair_group_id": 294,
        "badges_granted": [],
        "version": 1,
        "can_edit": false,
        "can_delete": false,
        "can_recover": false,
        "can_see_hidden_post": false,
        "can_wiki": false,
        "read": false,
        "user_title": "Regular",
        "title_is_group": false,
        "bookmarked": false,
        "actions_summary": [
          {
            "id": 2,
            "count": 1,
            "can_act": true
          },
          {
            "id": 6,
            "can_act": true
          },
          {
            "id": 3,
            "can_act": true
          },
          {
            "id": 4,
            "can_act": true
          },
          {
            "id": 8,
            "can_act": true
          },
          {
            "id": 10,
            "can_act": true
          },
          {
            "id": 7,
            "can_act": true
          }
        ],
        "moderator": false,
        "admin": false,
        "staff": false,
        "group_moderator": true,
        "user_id": 16094,
        "hidden": false,
        "trust_level": 3,
        "deleted_at": null,
        "user_deleted": false,
        "edit_reason": null,
        "can_view_edit_history": true,
        "wiki": false,
        "post_url": "/t/concerns-regarding-various-issues-graded-assignments-project-doubts-and-roe-score-updates/170147/3",
        "user_cakedate": "2023-01-25",
        "reactions": [
          {
            "id": "heart",
            "type": "emoji",
            "count": 1
          }
        ],
        "current_user_reaction": null,
        "reaction_users_count": 1,
        "current_user_used_main_reaction": false,
        "can_accept_answer": false,
        "can_unaccept_answer": false,
        "accepted_answer": true,
        "topic_accepted_answer": true
      },
      {
        "id": 607528,
        "name": "Carlton D'Silva",
        "username": "carlton",
        "avatar_template": "/user_avatar/discourse.onlinedegree.iitm.ac.in/carlton/{size}/56317_2.png",
        "created_at": "2025-03-17T08:16:00.295Z",
        "cooked": "We do not know yet. Please read reply to the original poster.\nThanks,\nKind regards",
        "post_number": 4,
        "post_type": 1,
        "posts_count": 5,
        "updated_at": "2025-03-17T08:16:00.295Z",
        "reply_count": 0,
        "reply_to_post_number": 2,
        "quote_count": 0,
        "incoming_link_count": 2,
        "reads": 92,
        "readers_count": 91,
        "score": 28.0,
        "yours": false,
        "topic_id": 170147,
        "topic_slug": "concerns-regarding-various-issues-graded-assignments-project-doubts-and-roe-score-updates",
        "display_username": "Carlton D'Silva",
        "primary_group_name": "ds-students",
        "flair_name": "ds-students",
        "flair_url": null,
        "flair_bg_color": "",
        "flair_color": "",
        "flair_group_id": 294,
        "badges_granted": [],
        "version": 1,
        "can_edit": false,
        "can_delete": false,
        "can_recover": false,
        "can_see_hidden_post": false,
        "can_wiki": false,
        "read": false,
        "user_title": "Regular",
        "title_is_group": false,
        "reply_to_user": {
          "id": 21980,
          "username": "23f2004912",
          "name": "ABHIJEET KUMAR ",
          "avatar_template": "/user_avatar/discourse.onlinedegree.iitm.ac.in/23f2004912/{size}/108710_2.png"
        },
        "bookmarked": false,
        "actions_summary": [
          {
            "id": 2,
            "can_act": true
          },
          {
            "id": 6,
            "can_act": true
          },
          {
            "id": 3,
            "can_act": true
          },
          {
            "id": 4,
            "can_act": true
          },
          {
            "id": 8,
            "can_act": true
          },
          {
            "id": 10,
            "can_act": true
          },
          {
            "id": 7,
            "can_act": true
          }
        ],
        "moderator": false,
        "admin": false,
        "staff": false,
        "group_moderator": true,
        "user_id": 16094,
        "hidden": false,
        "trust_level": 3,
        "deleted_at": null,
        "user_deleted": false,
        "edit_reason": null,
        "can_view_edit_history": true,
        "wiki": false,
        "post_url": "/t/concerns-regarding-various-issues-graded-assignments-project-doubts-and-roe-score-updates/170147/4",
        "user_cakedate": "2023-01-25",
        "reactions": [],
        "current_user_reaction": null,
        "reaction_users_count": 0,
        "current_user_used_main_reaction": false,
        "can_accept_answer": false,
        "can_unaccept_answer": false,
        "accepted_answer": false,
        "topic_accepted_answer": true
      },
      {
        "id": 607749,
        "name": "LAKSHAY",
        "username": "lakshaygarg654",
        "avatar_template": "/user_avatar/discourse.onlinedegree.iitm.ac.in/lakshaygarg654/{size}/129814_2.png",
        "created_at": "2025-03-17T12:43:30.265Z",
        "cooked": "Thank you for your response @carlton and for addressing our concerns. We appreciate the efforts of the entire team in ensuring a smooth transition and improving the course experience.\nThe reason for raising this separate post is that multiple doubts related to the course have been left unanswered over the past few days. Even if the course team provides a response without an immediate resolution, it would help us understand the ongoing process and what to expect next.\nWe will wait for the resolution of GA6 issues and the release of Project 1 results. Regarding ROE, we initially assumed that marks would be awarded in the same manner as GA4 (110/100); however, now that you have clarified the maximum marks is 100.\nMeanwhile, we would like to know if a session can be arranged to discuss the solution for Project 1. This would be beneficial for us in working on Project 2. Additionally, any updates regarding the pending queries for Project 2 would be greatly appreciated.\nLooking forward to your response.\nRegards,\nLakshay",
        "post_number": 5,
        "post_type": 1,
        "posts_count": 5,
        "updated_at": "2025-03-17T12:43:30.265Z",
        "reply_count": 0,
        "reply_to_post_number": 3,
        "quote_count": 0,
        "incoming_link_count": 2,
        "reads": 76,
        "readers_count": 75,
        "score": 24.8,
        "yours": false,
        "topic_id": 170147,
        "topic_slug": "concerns-regarding-various-issues-graded-assignments-project-doubts-and-roe-score-updates",
        "display_username": "LAKSHAY",
        "primary_group_name": "ds-students",
        "flair_name": "ds-students",
        "flair_url": null,
        "flair_bg_color": "",
        "flair_color": "",
        "flair_group_id": 294,
        "badges_granted": [],
        "version": 1,
        "can_edit": false,
        "can_delete": false,
        "can_recover": false,
        "can_see_hidden_post": false,
        "can_wiki": false,
        "read": false,
        "user_title": null,
        "reply_to_user": {
          "id": 16094,
          "username": "carlton",
          "name": "Carlton D'Silva",
          "avatar_template": "/user_avatar/discourse.onlinedegree.iitm.ac.in/carlton/{size}/56317_2.png"
        },
        "bookmarked": false,
        "actions_summary": [
          {
            "id": 2,
            "can_act": true
          },
          {
            "id": 6,
            "can_act": true
          },
          {
            "id": 3,
            "can_act": true
          },
          {
            "id": 4,
            "can_act": true
          },
          {
            "id": 8,
            "can_act": true
          },
          {
            "id": 10,
            "can_act": true
          },
          {
            "id": 7,
            "can_act": true
          }
        ],
        "moderator": false,
        "admin": false,
        "staff": false,
        "user_id": 7193,
        "hidden": false,
        "trust_level": 1,
        "deleted_at": null,
        "user_deleted": false,
        "edit_reason": null,
        "can_view_edit_history": true,
        "wiki": false,
        "post_url": "/t/concerns-regarding-various-issues-graded-assignments-project-doubts-and-roe-score-updates/170147/5",
        "user_cakedate": "2021-09-12",
        "reactions": [],
        "current_user_reaction": null,
        "reaction_users_count": 0,
        "current_user_used_main_reaction": false,
        "can_accept_answer": false,
        "can_unaccept_answer": false,
        "accepted_answer": false,
        "topic_accepted_answer": true
      }
    ],
    "stream": [
      607378,
      607384,
      607520,
      607528,
      607749
    ]
  },
  "timeline_lookup": [
    [
      1,
      87
    ]
  ],
  "suggested_topics": [
    {
      "id": 176644,
      "title": "Project 1 deadline extension",
      "fancy_title": "Project 1 deadline extension",
      "slug": "project-1-deadline-extension",
      "posts_count": 10,
      "reply_count": 0,
      "highest_post_number": 10,
      "image_url": null,
      "created_at": "2025-05-29T08:07:52.701Z",
      "last_posted_at": "2025-06-02T05:33:44.600Z",
      "bumped": true,
      "bumped_at": "2025-06-02T05:33:44.600Z",
      "archetype": "regular",
      "unseen": false,
      "last_read_post_number": 5,
      "unread": 0,
      "new_posts": 5,
      "unread_posts": 5,
      "pinned": false,
      "unpinned": null,
      "visible": true,
      "closed": false,
      "archived": false,
      "notification_level": 2,
      "bookmarked": false,
      "liked": true,
      "tags": [
        "diploma-level",
        "term2-2025"
      ],
      "tags_descriptions": {},
      "like_count": 40,
      "views": 173,
      "category_id": 34,
      "featured_link": null,
      "has_accepted_answer": false,
      "posters": [
        {
          "extras": null,
          "description": "Original Poster",
          "user": {
            "id": 23245,
            "username": "23f3001439",
            "name": "Siddarth S",
            "avatar_template": "/user_avatar/discourse.onlinedegree.iitm.ac.in/23f3001439/{size}/87894_2.png",
            "primary_group_name": "ds-students",
            "flair_name": "ds-students",
            "flair_group_id": 294,
            "trust_level": 0
          }
        },
        {
          "extras": null,
          "description": "Frequent Poster",
          "user": {
            "id": 12950,
            "username": "22f1001753",
            "name": "Prateek Gupta",
            "avatar_template": "/user_avatar/discourse.onlinedegree.iitm.ac.in/22f1001753/{size}/47479_2.png",
            "primary_group_name": "ds-students",
            "flair_name": "ds-students",
            "flair_group_id": 294,
            "trust_level": 1
          }
        },
        {
          "extras": null,
          "description": "Frequent Poster",
          "user": {
            "id": 30643,
            "username": "Rajat_Raj",
            "name": "Rajat Raj Singh",
            "avatar_template": "/user_avatar/discourse.onlinedegree.iitm.ac.in/rajat_raj/{size}/119975_2.png",
            "primary_group_name": "ds-students",
            "flair_name": "ds-students",
            "flair_group_id": 294,
            "trust_level": 1
          }
        },
        {
          "extras": null,
          "description": "Frequent Poster",
          "user": {
            "id": 23587,
            "username": "23f3001435",
            "name": "Sonu kumar",
            "avatar_template": "/user_avatar/discourse.onlinedegree.iitm.ac.in/23f3001435/{size}/66883_2.png",
            "primary_group_name": "ds-students",
            "flair_name": "ds-students",
            "flair_group_id": 294,
            "trust_level": 1
          }
        },
        {
          "extras": "latest",
          "description": "Most Recent Poster",
          "user": {
            "id": 17041,
            "username": "22f3003226",
            "name": "Shibashish ",
            "avatar_template": "/user_avatar/discourse.onlinedegree.iitm.ac.in/22f3003226/{size}/97251_2.png",
            "primary_group_name": "ds-students",
            "flair_name": "ds-students",
            "flair_group_id": 294,
            "trust_level": 1
          }
        }
      ]
    },
    {
      "id": 173524,
      "title": "GA1 - Development Tools - Discussion Thread [TDS May 2025]",
      "fancy_title": "GA1 - Development Tools - Discussion Thread [TDS May 2025]",
      "slug": "ga1-development-tools-discussion-thread-tds-may-2025",
      "posts_count": 81,
      "reply_count": 52,
      "highest_post_number": 86,
      "image_url": null,
      "created_at": "2025-05-01T11:39:00.734Z",
      "last_posted_at": "2025-05-31T18:44:32.559Z",
      "bumped": true,
      "bumped_at": "2025-05-31T18:44:32.559Z",
      "archetype": "regular",
      "unseen": false,
      "last_read_post_number": 30,
      "unread": 0,
      "new_posts": 56,
      "unread_posts": 56,
      "pinned": false,
      "unpinned": null,
      "visible": true,
      "closed": false,
      "archived": false,
      "notification_level": 2,
      "bookmarked": false,
      "liked": false,
      "tags": [
        "term2-2025",
        "graded-assignment"
      ],
      "tags_descriptions": {},
      "like_count": 25,
      "views": 1221,
      "category_id": 34,
      "featured_link": null,
      "has_accepted_answer": false,
      "posters": [
        {
          "extras": null,
          "description": "Original Poster",
          "user": {
            "id": 9419,
            "username": "s.anand",
            "name": "Anand S",
            "avatar_template": "/user_avatar/discourse.onlinedegree.iitm.ac.in/s.anand/{size}/15264_2.png",
            "primary_group_name": "faculty",
            "flair_name": "faculty",
            "flair_url": "chalkboard-user",
            "flair_bg_color": "f2c26e",
            "flair_color": "000",
            "flair_group_id": 54,
            "trust_level": 4
          }
        },
        {
          "extras": null,
          "description": "Frequent Poster",
          "user": {
            "id": 22472,
            "username": "Advaith52",
            "name": "Advaith Sanil Kumar",
            "avatar_template": "/user_avatar/discourse.onlinedegree.iitm.ac.in/advaith52/{size}/67172_2.png",
            "primary_group_name": "ds-students",
            "flair_name": "ds-students",
            "flair_group_id": 294,
            "trust_level": 1
          }
        },
        {
          "extras": null,
          "description": "Frequent Poster",
          "user": {
            "id": 16094,
            "username": "carlton",
            "name": "Carlton D'Silva",
            "avatar_template": "/user_avatar/discourse.onlinedegree.iitm.ac.in/carlton/{size}/56317_2.png",
            "primary_group_name": "ds-students",
            "flair_name": "ds-students",
            "flair_group_id": 294,
            "trust_level": 3
          }
        },
        {
          "extras": null,
          "description": "Frequent Poster",
          "user": {
            "id": 15658,
            "username": "HritikRoshan_HRM",
            "name": "HRITIK ROSHAN MAURYA",
            "avatar_template": "/user_avatar/discourse.onlinedegree.iitm.ac.in/hritikroshan_hrm/{size}/66975_2.png",
            "primary_group_name": "ds-students",
            "flair_name": "ds-students",
            "flair_group_id": 294,
            "trust_level": 1
          }
        },
        {
          "extras": "latest",
          "description": "Most Recent Poster",
          "user": {
            "id": 7234,
            "username": "21f3000813",
            "name": "Suraj mishra",
            "avatar_template": "/user_avatar/discourse.onlinedegree.iitm.ac.in/21f3000813/{size}/12622_2.png",
            "primary_group_name": "ds-students",
            "flair_name": "ds-students",
            "flair_group_id": 294,
            "trust_level": 1
          }
        }
      ]
    },
    {
      "id": 178878,
      "title": "Getting an api key error upon running npx -y promptfoo eval --config project-tds-virtual-ta-promptfoo.yaml",
      "fancy_title": "Getting an api key error upon running npx -y promptfoo eval &ndash;config project-tds-virtual-ta-promptfoo.yaml",
      "slug": "getting-an-api-key-error-upon-running-npx-y-promptfoo-eval-config-project-tds-virtual-ta-promptfoo-yaml",
      "posts_count": 2,
      "reply_count": 0,
      "highest_post_number": 2,
      "image_url": null,
      "created_at": "2025-06-11T15:59:44.146Z",
      "last_posted_at": "2025-06-12T09:04:32.396Z",
      "bumped": true,
      "bumped_at": "2025-06-12T09:04:32.396Z",
      "archetype": "regular",
      "unseen": true,
      "pinned": false,
      "unpinned": null,
      "visible": true,
      "closed": false,
      "archived": false,
      "bookmarked": null,
      "liked": null,
      "tags": [
        "clarification",
        "diploma-level",
        "term2-2025"
      ],
      "tags_descriptions": {},
      "like_count": 0,
      "views": 34,
      "category_id": 34,
      "featured_link": null,
      "has_accepted_answer": false,
      "posters": [
        {
          "extras": "latest single",
          "description": "Original Poster, Most Recent Poster",
          "user": {
            "id": 23837,
            "username": "23f1000129",
            "name": "Suyash Raj",
            "avatar_template": "/user_avatar/discourse.onlinedegree.iitm.ac.in/23f1000129/{size}/122013_2.png",
            "primary_group_name": "ds-students",
            "flair_name": "ds-students",
            "flair_group_id": 294,
            "trust_level": 0
          }
        }
      ]
    },
    {
      "id": 178898,
      "title": "Api Key Error",
      "fancy_title": "Api Key Error",
      "slug": "api-key-error",
      "posts_count": 2,
      "reply_count": 0,
      "highest_post_number": 2,
      "image_url": null,
      "created_at": "2025-06-11T18:29:53.636Z",
      "last_posted_at": "2025-06-12T06:50:28.438Z",
      "bumped": true,
      "bumped_at": "2025-06-12T06:50:28.438Z",
      "archetype": "regular",
      "unseen": true,
      "pinned": false,
      "unpinned": null,
      "visible": true,
      "closed": false,
      "archived": false,
      "bookmarked": null,
      "liked": null,
      "tags": [
        "clarification",
        "diploma-level",
        "term2-2025"
      ],
      "tags_descriptions": {},
      "like_count": 0,
      "views": 37,
      "category_id": 34,
      "featured_link": null,
      "has_accepted_answer": false,
      "posters": [
        {
          "extras": null,
          "description": "Original Poster",
          "user": {
            "id": 30904,
            "username": "24ds2000087",
            "name": "Banani Mallick",
            "avatar_template": "/user_avatar/discourse.onlinedegree.iitm.ac.in/24ds2000087/{size}/119469_2.png",
            "primary_group_name": "ds-students",
            "flair_name": "ds-students",
            "flair_group_id": 294,
            "trust_level": 0
          }
        },
        {
          "extras": "latest",
          "description": "Most Recent Poster",
          "user": {
            "id": 24803,
            "username": "23f2003651",
            "name": "Akshobh Verma",
            "avatar_template": "/user_avatar/discourse.onlinedegree.iitm.ac.in/23f2003651/{size}/67172_2.png",
            "primary_group_name": "ds-students",
            "flair_name": "ds-students",
            "flair_group_id": 294,
            "trust_level": 1
          }
        }
      ]
    },
    {
      "id": 178881,
      "title": "GA4 - Data Sourcing - Discussion Thread [TDS May 2025]",
      "fancy_title": "GA4 - Data Sourcing - Discussion Thread [TDS May 2025]",
      "slug": "ga4-data-sourcing-discussion-thread-tds-may-2025",
      "posts_count": 1,
      "reply_count": 0,
      "highest_post_number": 1,
      "image_url": null,
      "created_at": "2025-06-11T16:23:45.872Z",
      "last_posted_at": "2025-06-11T16:23:46.149Z",
      "bumped": true,
      "bumped_at": "2025-06-11T16:23:46.149Z",
      "archetype": "regular",
      "unseen": true,
      "pinned": false,
      "unpinned": null,
      "visible": true,
      "closed": false,
      "archived": false,
      "bookmarked": null,
      "liked": null,
      "tags": [
        "term2-2025",
        "graded-assignment",
        "week-4"
      ],
      "tags_descriptions": {},
      "like_count": 2,
      "views": 42,
      "category_id": 34,
      "featured_link": null,
      "has_accepted_answer": false,
      "posters": [
        {
          "extras": "latest single",
          "description": "Original Poster, Most Recent Poster",
          "user": {
            "id": 9419,
            "username": "s.anand",
            "name": "Anand S",
            "avatar_template": "/user_avatar/discourse.onlinedegree.iitm.ac.in/s.anand/{size}/15264_2.png",
            "primary_group_name": "faculty",
            "flair_name": "faculty",
            "flair_url": "chalkboard-user",
            "flair_bg_color": "f2c26e",
            "flair_color": "000",
            "flair_group_id": 54,
            "trust_level": 4
          }
        }
      ]
    }
  ],
  "tags": [
    "clarification"
  ],
  "tags_descriptions": {},
  "id": 170147,
  "title": "Concerns Regarding Various Issues: Graded Assignments, Project Doubts, and ROE Score Updates",
  "fancy_title": "Concerns Regarding Various Issues: Graded Assignments, Project Doubts, and ROE Score Updates",
  "posts_count": 5,
  "created_at": "2025-03-17T05:32:42.862Z",
  "views": 185,
  "reply_count": 2,
  "like_count": 15,
  "last_posted_at": "2025-03-17T12:43:30.265Z",
  "visible": true,
  "closed": false,
  "archived": false,
  "has_summary": false,
  "archetype": "regular",
  "slug": "concerns-regarding-various-issues-graded-assignments-project-doubts-and-roe-score-updates",
  "category_id": 34,
  "word_count": 1246,
  "deleted_at": null,
  "user_id": 7193,
  "featured_link": null,
  "pinned_globally": false,
  "pinned_at": null,
  "pinned_until": null,
  "image_url": null,
  "slow_mode_seconds": 0,
  "draft": null,
  "draft_key": "topic_170147",
  "draft_sequence": 0,
  "unpinned": null,
  "pinned": false,
  "current_post_number": 1,
  "highest_post_number": 5,
  "deleted_by": null,
  "actions_summary": [
    {
      "id": 4,
      "count": 0,
      "hidden": false,
      "can_act": true
    },
    {
      "id": 8,
      "count": 0,
      "hidden": false,
      "can_act": true
    },
    {
      "id": 10,
      "count": 0,
      "hidden": false,
      "can_act": true
    },
    {
      "id": 7,
      "count": 0,
      "hidden": false,
      "can_act": true
    }
  ],
  "chunk_size": 20,
  "bookmarked": false,
  "topic_timer": null,
  "message_bus_last_id": 0,
  "participant_count": 3,
  "show_read_indicator": false,
  "thumbnails": null,
  "slow_mode_enabled_until": null,
  "tags_disable_ads": false,
  "related_topics": [
    {
      "id": 168476,
      "title": "Concerns Regarding TDS Course Difficulty and Grading Fairness",
      "fancy_title": "Concerns Regarding TDS Course Difficulty and Grading Fairness",
      "slug": "concerns-regarding-tds-course-difficulty-and-grading-fairness",
      "posts_count": 17,
      "reply_count": 6,
      "highest_post_number": 17,
      "image_url": null,
      "created_at": "2025-02-25T17:21:11.726Z",
      "last_posted_at": "2025-02-28T13:48:45.642Z",
      "bumped": true,
      "bumped_at": "2025-02-28T13:48:45.642Z",
      "archetype": "regular",
      "unseen": false,
      "pinned": false,
      "unpinned": null,
      "visible": true,
      "closed": false,
      "archived": false,
      "bookmarked": null,
      "liked": null,
      "tags": [
        "clarification",
        "diploma-level",
        "term1-2025"
      ],
      "tags_descriptions": {},
      "like_count": 157,
      "views": 554,
      "category_id": 34,
      "featured_link": null,
      "has_accepted_answer": false,
      "posters": [
        {
          "extras": null,
          "description": "Original Poster",
          "user": {
            "id": 14374,
            "username": "A_LAKSHMI",
            "name": "A LAKSHMI",
            "avatar_template": "/user_avatar/discourse.onlinedegree.iitm.ac.in/a_lakshmi/{size}/14204_2.png",
            "primary_group_name": "ds-students",
            "flair_name": "ds-students",
            "flair_group_id": 294,
            "trust_level": 1
          }
        },
        {
          "extras": null,
          "description": "Frequent Poster",
          "user": {
            "id": 17202,
            "username": "22f3002811",
            "name": "Aditya Gupta",
            "avatar_template": "/user_avatar/discourse.onlinedegree.iitm.ac.in/22f3002811/{size}/66736_2.png",
            "primary_group_name": "ds-students",
            "flair_name": "ds-students",
            "flair_group_id": 294,
            "trust_level": 1
          }
        },
        {
          "extras": null,
          "description": "Frequent Poster",
          "user": {
            "id": 19088,
            "username": "23f2001286",
            "name": "Ayush Kumar Shaw ",
            "avatar_template": "/user_avatar/discourse.onlinedegree.iitm.ac.in/23f2001286/{size}/67594_2.png",
            "primary_group_name": "ds-students",
            "flair_name": "ds-students",
            "flair_group_id": 294,
            "trust_level": 1
          }
        },
        {
          "extras": null,
          "description": "Frequent Poster",
          "user": {
            "id": 12334,
            "username": "namanshyamsukha",
            "name": "Naman S. ",
            "avatar_template": "/user_avatar/discourse.onlinedegree.iitm.ac.in/namanshyamsukha/{size}/108303_2.png",
            "primary_group_name": "ds-students",
            "flair_name": "ds-students",
            "flair_group_id": 294,
            "trust_level": 1
          }
        },
        {
          "extras": "latest",
          "description": "Most Recent Poster",
          "user": {
            "id": 16094,
            "username": "carlton",
            "name": "Carlton D'Silva",
            "avatar_template": "/user_avatar/discourse.onlinedegree.iitm.ac.in/carlton/{size}/56317_2.png",
            "primary_group_name": "ds-students",
            "flair_name": "ds-students",
            "flair_group_id": 294,
            "trust_level": 3
          }
        }
      ]
    },
    {
      "id": 128213,
      "title": "TDS Jan-2024 : File your complaints here",
      "fancy_title": "TDS Jan-2024 : File your complaints here",
      "slug": "tds-jan-2024-file-your-complaints-here",
      "posts_count": 50,
      "reply_count": 32,
      "highest_post_number": 53,
      "image_url": null,
      "created_at": "2024-05-06T11:11:31.656Z",
      "last_posted_at": "2024-05-17T02:58:34.297Z",
      "bumped": true,
      "bumped_at": "2024-05-17T02:58:34.297Z",
      "archetype": "regular",
      "unseen": false,
      "pinned": false,
      "unpinned": null,
      "visible": true,
      "closed": false,
      "archived": false,
      "bookmarked": null,
      "liked": null,
      "tags": [
        "operational"
      ],
      "tags_descriptions": {},
      "like_count": 38,
      "views": 486,
      "category_id": 34,
      "featured_link": null,
      "has_accepted_answer": false,
      "posters": [
        {
          "extras": null,
          "description": "Original Poster",
          "user": {
            "id": 3009,
            "username": "Amit1",
            "name": "Amit Kumar Gupta",
            "avatar_template": "/user_avatar/discourse.onlinedegree.iitm.ac.in/amit1/{size}/30210_2.png",
            "primary_group_name": "ds-students",
            "flair_name": "ds-students",
            "flair_group_id": 294,
            "trust_level": 1
          }
        },
        {
          "extras": null,
          "description": "Frequent Poster",
          "user": {
            "id": 14354,
            "username": "22f2001624",
            "name": "Swastik Guha Roy",
            "avatar_template": "/user_avatar/discourse.onlinedegree.iitm.ac.in/22f2001624/{size}/12622_2.png",
            "primary_group_name": "ds-students",
            "flair_name": "ds-students",
            "flair_group_id": 294,
            "trust_level": 1
          }
        },
        {
          "extras": null,
          "description": "Frequent Poster",
          "user": {
            "id": 14364,
            "username": "22f2001362",
            "name": "Anonymous",
            "avatar_template": "/user_avatar/discourse.onlinedegree.iitm.ac.in/22f2001362/{size}/45392_2.png",
            "primary_group_name": "ds-students",
            "flair_name": "ds-students",
            "flair_group_id": 294,
            "trust_level": 1
          }
        },
        {
          "extras": null,
          "description": "Frequent Poster",
          "user": {
            "id": 1081,
            "username": "Vidya",
            "name": "Vidya P",
            "avatar_template": "/user_avatar/discourse.onlinedegree.iitm.ac.in/vidya/{size}/337_2.png",
            "primary_group_name": "ds-students",
            "flair_name": "ds-students",
            "flair_group_id": 294,
            "trust_level": 1
          }
        },
        {
          "extras": "latest",
          "description": "Most Recent Poster",
          "user": {
            "id": 3617,
            "username": "Nivi",
            "name": "Nibedita Chakraborty",
            "avatar_template": "/user_avatar/discourse.onlinedegree.iitm.ac.in/nivi/{size}/72471_2.png",
            "primary_group_name": "ds-students",
            "flair_name": "ds-students",
            "flair_group_id": 294,
            "trust_level": 1
          }
        }
      ]
    },
    {
      "id": 126961,
      "title": "Project 1 Wrongly Evaluated",
      "fancy_title": "Project 1 Wrongly Evaluated",
      "slug": "project-1-wrongly-evaluated",
      "posts_count": 2,
      "reply_count": 0,
      "highest_post_number": 2,
      "image_url": null,
      "created_at": "2024-04-19T13:41:52.866Z",
      "last_posted_at": "2024-04-21T03:24:27.143Z",
      "bumped": true,
      "bumped_at": "2024-04-21T03:24:27.143Z",
      "archetype": "regular",
      "unseen": false,
      "pinned": false,
      "unpinned": null,
      "visible": true,
      "closed": false,
      "archived": false,
      "bookmarked": null,
      "liked": null,
      "tags": [
        "operational"
      ],
      "tags_descriptions": {},
      "like_count": 0,
      "views": 55,
      "category_id": 34,
      "featured_link": null,
      "has_accepted_answer": false,
      "posters": [
        {
          "extras": null,
          "description": "Original Poster",
          "user": {
            "id": 16809,
            "username": "Parnikaa",
            "name": "Parnikaa",
            "avatar_template": "/user_avatar/discourse.onlinedegree.iitm.ac.in/parnikaa/{size}/92888_2.png",
            "primary_group_name": "ds-students",
            "flair_name": "ds-students",
            "flair_group_id": 294,
            "trust_level": 1
          }
        },
        {
          "extras": "latest",
          "description": "Most Recent Poster",
          "user": {
            "id": 12082,
            "username": "PremKumarGupta",
            "name": "Prem Kumar Gupta ",
            "avatar_template": "https://avatars.discourse-cdn.com/v4/letter/p/b5ac83/{size}.png",
            "primary_group_name": "ds-students",
            "flair_name": "ds-students",
            "flair_group_id": 294,
            "trust_level": 1
          }
        }
      ]
    },
    {
      "id": 166189,
      "title": "Tds: assignment is not submitting",
      "fancy_title": "Tds: assignment is not submitting",
      "slug": "tds-assignment-is-not-submitting",
      "posts_count": 21,
      "reply_count": 5,
      "highest_post_number": 25,
      "image_url": null,
      "created_at": "2025-02-03T06:54:27.692Z",
      "last_posted_at": "2025-05-31T09:14:12.326Z",
      "bumped": true,
      "bumped_at": "2025-05-31T09:14:12.326Z",
      "archetype": "regular",
      "unseen": false,
      "pinned": false,
      "unpinned": null,
      "visible": true,
      "closed": false,
      "archived": false,
      "bookmarked": null,
      "liked": null,
      "tags": [
        "diploma-level",
        "graded-assignment"
      ],
      "tags_descriptions": {},
      "like_count": 7,
      "views": 141,
      "category_id": 34,
      "featured_link": null,
      "has_accepted_answer": true,
      "posters": [
        {
          "extras": null,
          "description": "Original Poster",
          "user": {
            "id": 24614,
            "username": "23f3002530",
            "name": "Sompartha Sinha",
            "avatar_template": "/user_avatar/discourse.onlinedegree.iitm.ac.in/23f3002530/{size}/66753_2.png",
            "primary_group_name": "ds-students",
            "flair_name": "ds-students",
            "flair_group_id": 294,
            "trust_level": 0
          }
        },
        {
          "extras": "latest",
          "description": "Most Recent Poster, Accepted Answer",
          "user": {
            "id": 16094,
            "username": "carlton",
            "name": "Carlton D'Silva",
            "avatar_template": "/user_avatar/discourse.onlinedegree.iitm.ac.in/carlton/{size}/56317_2.png",
            "primary_group_name": "ds-students",
            "flair_name": "ds-students",
            "flair_group_id": 294,
            "trust_level": 3
          }
        },
        {
          "extras": null,
          "description": "Frequent Poster",
          "user": {
            "id": 3230,
            "username": "shriaviator",
            "name": "Srinivas Chilukuri",
            "avatar_template": "https://avatars.discourse-cdn.com/v4/letter/s/59ef9b/{size}.png",
            "primary_group_name": "ds-students",
            "flair_name": "Community-TA",
            "flair_url": "handshake-angle",
            "flair_bg_color": "717BF7",
            "flair_color": "6BEE3D",
            "flair_group_id": 89,
            "trust_level": 2
          }
        },
        {
          "extras": null,
          "description": "Frequent Poster",
          "user": {
            "id": 17966,
            "username": "23f2000232",
            "name": "Yashraj Pradip Haridas",
            "avatar_template": "/user_avatar/discourse.onlinedegree.iitm.ac.in/23f2000232/{size}/67018_2.png",
            "primary_group_name": "ds-students",
            "flair_name": "ds-students",
            "flair_group_id": 294,
            "trust_level": 0
          }
        },
        {
          "extras": null,
          "description": "Frequent Poster",
          "user": {
            "id": 12666,
            "username": "Dnyanu27",
            "name": "Dnyaneshwari Rajendra Mahajan",
            "avatar_template": "/user_avatar/discourse.onlinedegree.iitm.ac.in/dnyanu27/{size}/70017_2.png",
            "primary_group_name": "ds-students",
            "flair_name": "ds-students",
            "flair_group_id": 294,
            "trust_level": 0
          }
        }
      ]
    },
    {
      "id": 142532,
      "title": "Official Announcement: TDS May 2024 Marks Discrepancy GForm",
      "fancy_title": "Official Announcement: TDS May 2024 Marks Discrepancy GForm",
      "slug": "official-announcement-tds-may-2024-marks-discrepancy-gform",
      "posts_count": 6,
      "reply_count": 2,
      "highest_post_number": 6,
      "image_url": null,
      "created_at": "2024-08-09T10:06:01.148Z",
      "last_posted_at": "2024-08-20T14:25:59.904Z",
      "bumped": true,
      "bumped_at": "2024-08-20T14:25:59.904Z",
      "archetype": "regular",
      "unseen": false,
      "pinned": false,
      "unpinned": null,
      "visible": true,
      "closed": false,
      "archived": false,
      "bookmarked": null,
      "liked": null,
      "tags": [
        "clarification",
        "operational"
      ],
      "tags_descriptions": {},
      "like_count": 7,
      "views": 136,
      "category_id": 34,
      "featured_link": null,
      "has_accepted_answer": false,
      "posters": [
        {
          "extras": "latest",
          "description": "Original Poster, Most Recent Poster",
          "user": {
            "id": 16094,
            "username": "carlton",
            "name": "Carlton D'Silva",
            "avatar_template": "/user_avatar/discourse.onlinedegree.iitm.ac.in/carlton/{size}/56317_2.png",
            "primary_group_name": "ds-students",
            "flair_name": "ds-students",
            "flair_group_id": 294,
            "trust_level": 3
          }
        },
        {
          "extras": null,
          "description": "Frequent Poster",
          "user": {
            "id": 3009,
            "username": "Amit1",
            "name": "Amit Kumar Gupta",
            "avatar_template": "/user_avatar/discourse.onlinedegree.iitm.ac.in/amit1/{size}/30210_2.png",
            "primary_group_name": "ds-students",
            "flair_name": "ds-students",
            "flair_group_id": 294,
            "trust_level": 1
          }
        },
        {
          "extras": null,
          "description": "Frequent Poster",
          "user": {
            "id": 15826,
            "username": "iitmanupam",
            "name": "Anupam Chandra",
            "avatar_template": "/user_avatar/discourse.onlinedegree.iitm.ac.in/iitmanupam/{size}/56694_2.png",
            "primary_group_name": "ds-students",
            "flair_name": "ds-students",
            "flair_group_id": 294,
            "trust_level": 2
          }
        }
      ]
    }
  ],
  "summarizable": false,
  "valid_reactions": [
    "heart",
    "+1",
    "laughing",
    "open_mouth",
    "clap",
    "confetti_ball",
    "rocket",
    "-1"
  ],
  "accepted_answer": {
    "post_number": 3,
    "username": "carlton",
    "name": null,
    "excerpt": "The course is in transition. Initially all of it used to be on seek portal. But there were limitations of seek portal that we were not able to work around to deliver the kind of interactive, reactive and rapid corrections/iterations that are now possible because we moved the evaluations from the se&hellip;",
    "accepter_name": null,
    "accepter_username": "lakshaygarg654"
  },
  "can_vote": false,
  "vote_count": 0,
  "user_voted": false,
  "discourse_zendesk_plugin_zendesk_id": null,
  "discourse_zendesk_plugin_zendesk_url": "https://your-url.zendesk.com/agent/tickets/",
  "details": {
    "can_edit": false,
    "notification_level": 1,
    "can_create_post": true,
    "can_reply_as_new_topic": true,
    "can_flag_topic": true,
    "participants": [
      {
        "id": 16094,
        "username": "carlton",
        "name": "Carlton D'Silva",
        "avatar_template": "/user_avatar/discourse.onlinedegree.iitm.ac.in/carlton/{size}/56317_2.png",
        "post_count": 2,
        "primary_group_name": "ds-students",
        "flair_name": "ds-students",
        "flair_url": null,
        "flair_color": "",
        "flair_bg_color": "",
        "flair_group_id": 294,
        "trust_level": 3
      },
      {
        "id": 7193,
        "username": "lakshaygarg654",
        "name": "LAKSHAY",
        "avatar_template": "/user_avatar/discourse.onlinedegree.iitm.ac.in/lakshaygarg654/{size}/129814_2.png",
        "post_count": 2,
        "primary_group_name": "ds-students",
        "flair_name": "ds-students",
        "flair_url": null,
        "flair_color": "",
        "flair_bg_color": "",
        "flair_group_id": 294,
        "trust_level": 1
      },
      {
        "id": 21980,
        "username": "23f2004912",
        "name": "ABHIJEET KUMAR ",
        "avatar_template": "/user_avatar/discourse.onlinedegree.iitm.ac.in/23f2004912/{size}/108710_2.png",
        "post_count": 1,
        "primary_group_name": "ds-students",
        "flair_name": "ds-students",
        "flair_url": null,
        "flair_color": "",
        "flair_bg_color": "",
        "flair_group_id": 294,
        "trust_level": 1
      }
    ],
    "created_by": {
      "id": 7193,
      "username": "lakshaygarg654",
      "name": "LAKSHAY",
      "avatar_template": "/user_avatar/discourse.onlinedegree.iitm.ac.in/lakshaygarg654/{size}/129814_2.png"
    },
    "last_poster": {
      "id": 7193,
      "username": "lakshaygarg654",
      "name": "LAKSHAY",
      "avatar_template": "/user_avatar/discourse.onlinedegree.iitm.ac.in/lakshaygarg654/{size}/129814_2.png"
    },
    "links": [
      {
        "url": "https://discourse.onlinedegree.iitm.ac.in/t/project-2-tds-solver-discussion-thread/169029/29",
        "title": "Project 2 - TDS Solver - Discussion Thread",
        "internal": true,
        "attachment": false,
        "reflection": false,
        "clicks": 2,
        "user_id": 7193,
        "domain": "discourse.onlinedegree.iitm.ac.in",
        "root_domain": "iitm.ac.in"
      }
    ]
  },
  "pending_posts": [],
  "bookmarks": []
}