{
  "post_stream": {
    "posts": [
      {
        "id": 600396,
        "name": "Andrew David",
        "username": "23f1002382",
        "avatar_template": "/user_avatar/discourse.onlinedegree.iitm.ac.in/23f1002382/{size}/68945_2.png",
        "created_at": "2025-02-26T15:49:28.464Z",
        "cooked": "Whoever wants can participate and then we go into breakout rooms and each group solves a particular question and then we all share the code so we can complete the ROE faster and more effienctly?\n@all",
        "post_number": 1,
        "post_type": 1,
        "posts_count": 15,
        "updated_at": "2025-03-02T07:28:43.747Z",
        "reply_count": 0,
        "reply_to_post_number": null,
        "quote_count": 0,
        "incoming_link_count": 29,
        "reads": 110,
        "readers_count": 109,
        "score": 271.2,
        "yours": false,
        "topic_id": 168567,
        "topic_slug": "create-a-question-solving-groups-for-roe",
        "display_username": "Andrew David",
        "primary_group_name": "ds-students",
        "flair_name": "ds-students",
        "flair_url": null,
        "flair_bg_color": "",
        "flair_color": "",
        "flair_group_id": 294,
        "badges_granted": [],
        "version": 2,
        "can_edit": false,
        "can_delete": false,
        "can_recover": false,
        "can_see_hidden_post": false,
        "can_wiki": false,
        "read": false,
        "user_title": null,
        "bookmarked": false,
        "actions_summary": [
          {
            "id": 2,
            "count": 7,
            "can_act": true
          },
          {
            "id": 6,
            "can_act": true
          },
          {
            "id": 3,
            "can_act": true
          },
          {
            "id": 4,
            "can_act": true
          },
          {
            "id": 8,
            "can_act": true
          },
          {
            "id": 10,
            "can_act": true
          },
          {
            "id": 7,
            "can_act": true
          }
        ],
        "moderator": false,
        "admin": false,
        "staff": false,
        "user_id": 18297,
        "hidden": false,
        "trust_level": 1,
        "deleted_at": null,
        "user_deleted": false,
        "edit_reason": null,
        "can_view_edit_history": true,
        "wiki": false,
        "post_url": "/t/create-a-question-solving-groups-for-roe/168567/1",
        "user_cakedate": "2023-06-05",
        "user_birthdate": "1904-01-05",
        "reactions": [
          {
            "id": "heart",
            "type": "emoji",
            "count": 7
          }
        ],
        "current_user_reaction": null,
        "reaction_users_count": 7,
        "current_user_used_main_reaction": false,
        "can_accept_answer": false,
        "can_unaccept_answer": false,
        "accepted_answer": false,
        "topic_accepted_answer": true,
        "can_vote": false
      },
      {
        "id": 600397,
        "name": "Manit Bohra",
        "username": "ItsMeAlex",
        "avatar_template": "/user_avatar/discourse.onlinedegree.iitm.ac.in/itsmealex/{size}/119167_2.png",
        "created_at": "2025-02-26T15:55:03.430Z",
        "cooked": "Are we allowed to do that?",
        "post_number": 2,
        "post_type": 1,
        "posts_count": 15,
        "updated_at": "2025-02-26T15:55:03.430Z",
        "reply_count": 1,
        "reply_to_post_number": null,
        "quote_count": 0,
        "incoming_link_count": 0,
        "reads": 101,
        "readers_count": 100,
        "score": 24.4,
        "yours": false,
        "topic_id": 168567,
        "topic_slug": "create-a-question-solving-groups-for-roe",
        "display_username": "Manit Bohra",
        "primary_group_name": "ds-students",
        "flair_name": "ds-students",
        "flair_url": null,
        "flair_bg_color": "",
        "flair_color": "",
        "flair_group_id": 294,
        "badges_granted": [],
        "version": 1,
        "can_edit": false,
        "can_delete": false,
        "can_recover": false,
        "can_see_hidden_post": false,
        "can_wiki": false,
        "read": false,
        "user_title": null,
        "bookmarked": false,
        "actions_summary": [
          {
            "id": 2,
            "can_act": true
          },
          {
            "id": 6,
            "can_act": true
          },
          {
            "id": 3,
            "can_act": true
          },
          {
            "id": 4,
            "can_act": true
          },
          {
            "id": 8,
            "can_act": true
          },
          {
            "id": 10,
            "can_act": true
          },
          {
            "id": 7,
            "can_act": true
          }
        ],
        "moderator": false,
        "admin": false,
        "staff": false,
        "user_id": 32468,
        "hidden": false,
        "trust_level": 1,
        "deleted_at": null,
        "user_deleted": false,
        "edit_reason": null,
        "can_view_edit_history": true,
        "wiki": false,
        "post_url": "/t/create-a-question-solving-groups-for-roe/168567/2",
        "user_cakedate": "2024-06-04",
        "reactions": [],
        "current_user_reaction": null,
        "reaction_users_count": 0,
        "current_user_used_main_reaction": false,
        "can_accept_answer": false,
        "can_unaccept_answer": false,
        "accepted_answer": false,
        "topic_accepted_answer": true
      },
      {
        "id": 600398,
        "name": "Andrew David",
        "username": "23f1002382",
        "avatar_template": "/user_avatar/discourse.onlinedegree.iitm.ac.in/23f1002382/{size}/68945_2.png",
        "created_at": "2025-02-26T15:55:53.574Z",
        "cooked": "Yeah they said you can take help anyway possible even  to ask a cat also or a pet, im not sure",
        "post_number": 3,
        "post_type": 1,
        "posts_count": 15,
        "updated_at": "2025-02-26T15:55:53.574Z",
        "reply_count": 1,
        "reply_to_post_number": 2,
        "quote_count": 0,
        "incoming_link_count": 0,
        "reads": 97,
        "readers_count": 96,
        "score": 23.4,
        "yours": false,
        "topic_id": 168567,
        "topic_slug": "create-a-question-solving-groups-for-roe",
        "display_username": "Andrew David",
        "primary_group_name": "ds-students",
        "flair_name": "ds-students",
        "flair_url": null,
        "flair_bg_color": "",
        "flair_color": "",
        "flair_group_id": 294,
        "badges_granted": [],
        "version": 1,
        "can_edit": false,
        "can_delete": false,
        "can_recover": false,
        "can_see_hidden_post": false,
        "can_wiki": false,
        "read": false,
        "user_title": null,
        "reply_to_user": {
          "id": 32468,
          "username": "ItsMeAlex",
          "name": "Manit Bohra",
          "avatar_template": "/user_avatar/discourse.onlinedegree.iitm.ac.in/itsmealex/{size}/119167_2.png"
        },
        "bookmarked": false,
        "actions_summary": [
          {
            "id": 2,
            "can_act": true
          },
          {
            "id": 6,
            "can_act": true
          },
          {
            "id": 3,
            "can_act": true
          },
          {
            "id": 4,
            "can_act": true
          },
          {
            "id": 8,
            "can_act": true
          },
          {
            "id": 10,
            "can_act": true
          },
          {
            "id": 7,
            "can_act": true
          }
        ],
        "moderator": false,
        "admin": false,
        "staff": false,
        "user_id": 18297,
        "hidden": false,
        "trust_level": 1,
        "deleted_at": null,
        "user_deleted": false,
        "edit_reason": null,
        "can_view_edit_history": true,
        "wiki": false,
        "post_url": "/t/create-a-question-solving-groups-for-roe/168567/3",
        "user_cakedate": "2023-06-05",
        "user_birthdate": "1904-01-05",
        "reactions": [],
        "current_user_reaction": null,
        "reaction_users_count": 0,
        "current_user_used_main_reaction": false,
        "can_accept_answer": false,
        "can_unaccept_answer": false,
        "accepted_answer": false,
        "topic_accepted_answer": true
      },
      {
        "id": 600399,
        "name": "Manit Bohra",
        "username": "ItsMeAlex",
        "avatar_template": "/user_avatar/discourse.onlinedegree.iitm.ac.in/itsmealex/{size}/119167_2.png",
        "created_at": "2025-02-26T15:56:39.829Z",
        "cooked": "Alright, works. I am down to collaborate.",
        "post_number": 4,
        "post_type": 1,
        "posts_count": 15,
        "updated_at": "2025-02-26T15:56:39.829Z",
        "reply_count": 0,
        "reply_to_post_number": 3,
        "quote_count": 0,
        "incoming_link_count": 0,
        "reads": 89,
        "readers_count": 88,
        "score": 17.2,
        "yours": false,
        "topic_id": 168567,
        "topic_slug": "create-a-question-solving-groups-for-roe",
        "display_username": "Manit Bohra",
        "primary_group_name": "ds-students",
        "flair_name": "ds-students",
        "flair_url": null,
        "flair_bg_color": "",
        "flair_color": "",
        "flair_group_id": 294,
        "badges_granted": [],
        "version": 1,
        "can_edit": false,
        "can_delete": false,
        "can_recover": false,
        "can_see_hidden_post": false,
        "can_wiki": false,
        "read": false,
        "user_title": null,
        "reply_to_user": {
          "id": 18297,
          "username": "23f1002382",
          "name": "Andrew David",
          "avatar_template": "/user_avatar/discourse.onlinedegree.iitm.ac.in/23f1002382/{size}/68945_2.png"
        },
        "bookmarked": false,
        "actions_summary": [
          {
            "id": 2,
            "can_act": true
          },
          {
            "id": 6,
            "can_act": true
          },
          {
            "id": 3,
            "can_act": true
          },
          {
            "id": 4,
            "can_act": true
          },
          {
            "id": 8,
            "can_act": true
          },
          {
            "id": 10,
            "can_act": true
          },
          {
            "id": 7,
            "can_act": true
          }
        ],
        "moderator": false,
        "admin": false,
        "staff": false,
        "user_id": 32468,
        "hidden": false,
        "trust_level": 1,
        "deleted_at": null,
        "user_deleted": false,
        "edit_reason": null,
        "can_view_edit_history": true,
        "wiki": false,
        "post_url": "/t/create-a-question-solving-groups-for-roe/168567/4",
        "user_cakedate": "2024-06-04",
        "reactions": [],
        "current_user_reaction": null,
        "reaction_users_count": 0,
        "current_user_used_main_reaction": false,
        "can_accept_answer": false,
        "can_unaccept_answer": false,
        "accepted_answer": false,
        "topic_accepted_answer": true
      },
      {
        "id": 600400,
        "name": "Trebhuvan SB",
        "username": "trebhuvansb",
        "avatar_template": "/user_avatar/discourse.onlinedegree.iitm.ac.in/trebhuvansb/{size}/109875_2.png",
        "created_at": "2025-02-26T15:57:23.258Z",
        "cooked": "Asking help is different from sharing answers in a public forum. I don\u2019t think they will permit this.",
        "post_number": 5,
        "post_type": 1,
        "posts_count": 15,
        "updated_at": "2025-02-26T15:57:23.258Z",
        "reply_count": 3,
        "reply_to_post_number": null,
        "quote_count": 0,
        "incoming_link_count": 0,
        "reads": 86,
        "readers_count": 85,
        "score": 31.4,
        "yours": false,
        "topic_id": 168567,
        "topic_slug": "create-a-question-solving-groups-for-roe",
        "display_username": "Trebhuvan SB",
        "primary_group_name": "ds-students",
        "flair_name": "ds-students",
        "flair_url": null,
        "flair_bg_color": "",
        "flair_color": "",
        "flair_group_id": 294,
        "badges_granted": [],
        "version": 1,
        "can_edit": false,
        "can_delete": false,
        "can_recover": false,
        "can_see_hidden_post": false,
        "can_wiki": false,
        "read": false,
        "user_title": null,
        "bookmarked": false,
        "actions_summary": [
          {
            "id": 2,
            "can_act": true
          },
          {
            "id": 6,
            "can_act": true
          },
          {
            "id": 3,
            "can_act": true
          },
          {
            "id": 4,
            "can_act": true
          },
          {
            "id": 8,
            "can_act": true
          },
          {
            "id": 10,
            "can_act": true
          },
          {
            "id": 7,
            "can_act": true
          }
        ],
        "moderator": false,
        "admin": false,
        "staff": false,
        "user_id": 36619,
        "hidden": false,
        "trust_level": 1,
        "deleted_at": null,
        "user_deleted": false,
        "edit_reason": null,
        "can_view_edit_history": true,
        "wiki": false,
        "post_url": "/t/create-a-question-solving-groups-for-roe/168567/5",
        "user_cakedate": "2024-09-21",
        "reactions": [],
        "current_user_reaction": null,
        "reaction_users_count": 0,
        "current_user_used_main_reaction": false,
        "can_accept_answer": false,
        "can_unaccept_answer": false,
        "accepted_answer": false,
        "topic_accepted_answer": true
      },
      {
        "id": 600401,
        "name": "Andrew David",
        "username": "23f1002382",
        "avatar_template": "/user_avatar/discourse.onlinedegree.iitm.ac.in/23f1002382/{size}/68945_2.png",
        "created_at": "2025-02-26T15:58:01.998Z",
        "cooked": "Sharing answers is asking for help",
        "post_number": 6,
        "post_type": 1,
        "posts_count": 15,
        "updated_at": "2025-02-26T15:58:01.998Z",
        "reply_count": 0,
        "reply_to_post_number": 5,
        "quote_count": 0,
        "incoming_link_count": 0,
        "reads": 84,
        "readers_count": 83,
        "score": 16.0,
        "yours": false,
        "topic_id": 168567,
        "topic_slug": "create-a-question-solving-groups-for-roe",
        "display_username": "Andrew David",
        "primary_group_name": "ds-students",
        "flair_name": "ds-students",
        "flair_url": null,
        "flair_bg_color": "",
        "flair_color": "",
        "flair_group_id": 294,
        "badges_granted": [],
        "version": 1,
        "can_edit": false,
        "can_delete": false,
        "can_recover": false,
        "can_see_hidden_post": false,
        "can_wiki": false,
        "read": false,
        "user_title": null,
        "reply_to_user": {
          "id": 36619,
          "username": "trebhuvansb",
          "name": "Trebhuvan SB",
          "avatar_template": "/user_avatar/discourse.onlinedegree.iitm.ac.in/trebhuvansb/{size}/109875_2.png"
        },
        "bookmarked": false,
        "actions_summary": [
          {
            "id": 2,
            "can_act": true
          },
          {
            "id": 6,
            "can_act": true
          },
          {
            "id": 3,
            "can_act": true
          },
          {
            "id": 4,
            "can_act": true
          },
          {
            "id": 8,
            "can_act": true
          },
          {
            "id": 10,
            "can_act": true
          },
          {
            "id": 7,
            "can_act": true
          }
        ],
        "moderator": false,
        "admin": false,
        "staff": false,
        "user_id": 18297,
        "hidden": false,
        "trust_level": 1,
        "deleted_at": null,
        "user_deleted": false,
        "edit_reason": null,
        "can_view_edit_history": true,
        "wiki": false,
        "post_url": "/t/create-a-question-solving-groups-for-roe/168567/6",
        "user_cakedate": "2023-06-05",
        "user_birthdate": "1904-01-05",
        "reactions": [],
        "current_user_reaction": null,
        "reaction_users_count": 0,
        "current_user_used_main_reaction": false,
        "can_accept_answer": false,
        "can_unaccept_answer": false,
        "accepted_answer": false,
        "topic_accepted_answer": true
      },
      {
        "id": 600402,
        "name": "Manit Bohra",
        "username": "ItsMeAlex",
        "avatar_template": "/user_avatar/discourse.onlinedegree.iitm.ac.in/itsmealex/{size}/119167_2.png",
        "created_at": "2025-02-26T15:58:17.610Z",
        "cooked": "If the ROE is like how it was for MOCK ROE1 then this probably wont work right?\nOnly for today\u2019s ROE(mock 2) we can split  the tasks efficiently and get it done.\nThoughts?",
        "post_number": 7,
        "post_type": 1,
        "posts_count": 15,
        "updated_at": "2025-02-26T15:58:17.610Z",
        "reply_count": 1,
        "reply_to_post_number": null,
        "quote_count": 0,
        "incoming_link_count": 0,
        "reads": 81,
        "readers_count": 80,
        "score": 20.6,
        "yours": false,
        "topic_id": 168567,
        "topic_slug": "create-a-question-solving-groups-for-roe",
        "display_username": "Manit Bohra",
        "primary_group_name": "ds-students",
        "flair_name": "ds-students",
        "flair_url": null,
        "flair_bg_color": "",
        "flair_color": "",
        "flair_group_id": 294,
        "badges_granted": [],
        "version": 1,
        "can_edit": false,
        "can_delete": false,
        "can_recover": false,
        "can_see_hidden_post": false,
        "can_wiki": false,
        "read": false,
        "user_title": null,
        "bookmarked": false,
        "actions_summary": [
          {
            "id": 2,
            "can_act": true
          },
          {
            "id": 6,
            "can_act": true
          },
          {
            "id": 3,
            "can_act": true
          },
          {
            "id": 4,
            "can_act": true
          },
          {
            "id": 8,
            "can_act": true
          },
          {
            "id": 10,
            "can_act": true
          },
          {
            "id": 7,
            "can_act": true
          }
        ],
        "moderator": false,
        "admin": false,
        "staff": false,
        "user_id": 32468,
        "hidden": false,
        "trust_level": 1,
        "deleted_at": null,
        "user_deleted": false,
        "edit_reason": null,
        "can_view_edit_history": true,
        "wiki": false,
        "post_url": "/t/create-a-question-solving-groups-for-roe/168567/7",
        "user_cakedate": "2024-06-04",
        "reactions": [],
        "current_user_reaction": null,
        "reaction_users_count": 0,
        "current_user_used_main_reaction": false,
        "can_accept_answer": false,
        "can_unaccept_answer": false,
        "accepted_answer": false,
        "topic_accepted_answer": true
      },
      {
        "id": 600403,
        "name": "Manit Bohra",
        "username": "ItsMeAlex",
        "avatar_template": "/user_avatar/discourse.onlinedegree.iitm.ac.in/itsmealex/{size}/119167_2.png",
        "created_at": "2025-02-26T15:59:11.906Z",
        "cooked": "\n\n\n trebhuvansb:\n\nAsking help is different from sharing answers in a public forum. I don\u2019t think they will permit this.\n\n\nthis is valid. should we just ask them? Could u message a TA?",
        "post_number": 8,
        "post_type": 1,
        "posts_count": 15,
        "updated_at": "2025-02-26T15:59:11.906Z",
        "reply_count": 0,
        "reply_to_post_number": 5,
        "quote_count": 1,
        "incoming_link_count": 1,
        "reads": 84,
        "readers_count": 83,
        "score": 21.2,
        "yours": false,
        "topic_id": 168567,
        "topic_slug": "create-a-question-solving-groups-for-roe",
        "display_username": "Manit Bohra",
        "primary_group_name": "ds-students",
        "flair_name": "ds-students",
        "flair_url": null,
        "flair_bg_color": "",
        "flair_color": "",
        "flair_group_id": 294,
        "badges_granted": [],
        "version": 1,
        "can_edit": false,
        "can_delete": false,
        "can_recover": false,
        "can_see_hidden_post": false,
        "can_wiki": false,
        "read": false,
        "user_title": null,
        "bookmarked": false,
        "actions_summary": [
          {
            "id": 2,
            "can_act": true
          },
          {
            "id": 6,
            "can_act": true
          },
          {
            "id": 3,
            "can_act": true
          },
          {
            "id": 4,
            "can_act": true
          },
          {
            "id": 8,
            "can_act": true
          },
          {
            "id": 10,
            "can_act": true
          },
          {
            "id": 7,
            "can_act": true
          }
        ],
        "moderator": false,
        "admin": false,
        "staff": false,
        "user_id": 32468,
        "hidden": false,
        "trust_level": 1,
        "deleted_at": null,
        "user_deleted": false,
        "edit_reason": null,
        "can_view_edit_history": true,
        "wiki": false,
        "post_url": "/t/create-a-question-solving-groups-for-roe/168567/8",
        "user_cakedate": "2024-06-04",
        "reactions": [],
        "current_user_reaction": null,
        "reaction_users_count": 0,
        "current_user_used_main_reaction": false,
        "can_accept_answer": false,
        "can_unaccept_answer": false,
        "accepted_answer": false,
        "topic_accepted_answer": true
      },
      {
        "id": 600404,
        "name": "Andrew David",
        "username": "23f1002382",
        "avatar_template": "/user_avatar/discourse.onlinedegree.iitm.ac.in/23f1002382/{size}/68945_2.png",
        "created_at": "2025-02-26T15:59:14.516Z",
        "cooked": "Yeah thats the idea\u2026",
        "post_number": 9,
        "post_type": 1,
        "posts_count": 15,
        "updated_at": "2025-02-26T15:59:14.516Z",
        "reply_count": 0,
        "reply_to_post_number": 7,
        "quote_count": 0,
        "incoming_link_count": 0,
        "reads": 84,
        "readers_count": 83,
        "score": 16.2,
        "yours": false,
        "topic_id": 168567,
        "topic_slug": "create-a-question-solving-groups-for-roe",
        "display_username": "Andrew David",
        "primary_group_name": "ds-students",
        "flair_name": "ds-students",
        "flair_url": null,
        "flair_bg_color": "",
        "flair_color": "",
        "flair_group_id": 294,
        "badges_granted": [],
        "version": 1,
        "can_edit": false,
        "can_delete": false,
        "can_recover": false,
        "can_see_hidden_post": false,
        "can_wiki": false,
        "read": false,
        "user_title": null,
        "reply_to_user": {
          "id": 32468,
          "username": "ItsMeAlex",
          "name": "Manit Bohra",
          "avatar_template": "/user_avatar/discourse.onlinedegree.iitm.ac.in/itsmealex/{size}/119167_2.png"
        },
        "bookmarked": false,
        "actions_summary": [
          {
            "id": 2,
            "can_act": true
          },
          {
            "id": 6,
            "can_act": true
          },
          {
            "id": 3,
            "can_act": true
          },
          {
            "id": 4,
            "can_act": true
          },
          {
            "id": 8,
            "can_act": true
          },
          {
            "id": 10,
            "can_act": true
          },
          {
            "id": 7,
            "can_act": true
          }
        ],
        "moderator": false,
        "admin": false,
        "staff": false,
        "user_id": 18297,
        "hidden": false,
        "trust_level": 1,
        "deleted_at": null,
        "user_deleted": false,
        "edit_reason": null,
        "can_view_edit_history": true,
        "wiki": false,
        "post_url": "/t/create-a-question-solving-groups-for-roe/168567/9",
        "user_cakedate": "2023-06-05",
        "user_birthdate": "1904-01-05",
        "reactions": [],
        "current_user_reaction": null,
        "reaction_users_count": 0,
        "current_user_used_main_reaction": false,
        "can_accept_answer": false,
        "can_unaccept_answer": false,
        "accepted_answer": false,
        "topic_accepted_answer": true
      },
      {
        "id": 600405,
        "name": "Andrew David",
        "username": "23f1002382",
        "avatar_template": "/user_avatar/discourse.onlinedegree.iitm.ac.in/23f1002382/{size}/68945_2.png",
        "created_at": "2025-02-26T15:59:28.646Z",
        "cooked": "\n\n\n\nWhat's the actual purpose of impossible ROE exam? Tools in Data Science\n\n\n@ankit.jain \u2013 I\u2019m the culprit behind this RoE structure. Thanks for the opportunity to share my thought process. \nWhat does this RoE evaluate? Implicit learning. \n\nImplicit learning is \u201cHow much can they answer if woken up from sleep?\u201d\nExplicit learning is \u201cHow much can they answer given time and Internet?\u201d\n\nSome may know 10% implicitly. Some know 50%. They\u2019ll answer those in a few seconds. \nSome, they can FIND out. with Google, StackOverflow, ChatGPT. That\u2019s explicit learning. But it takes time\u2026\n  \n\n",
        "post_number": 10,
        "post_type": 1,
        "posts_count": 15,
        "updated_at": "2025-02-26T15:59:28.646Z",
        "reply_count": 1,
        "reply_to_post_number": 5,
        "quote_count": 0,
        "incoming_link_count": 0,
        "reads": 83,
        "readers_count": 82,
        "score": 21.2,
        "yours": false,
        "topic_id": 168567,
        "topic_slug": "create-a-question-solving-groups-for-roe",
        "display_username": "Andrew David",
        "primary_group_name": "ds-students",
        "flair_name": "ds-students",
        "flair_url": null,
        "flair_bg_color": "",
        "flair_color": "",
        "flair_group_id": 294,
        "badges_granted": [],
        "version": 1,
        "can_edit": false,
        "can_delete": false,
        "can_recover": false,
        "can_see_hidden_post": false,
        "can_wiki": false,
        "link_counts": [
          {
            "url": "https://discourse.onlinedegree.iitm.ac.in/t/whats-the-actual-purpose-of-impossible-roe-exam/99838/2",
            "internal": true,
            "reflection": false,
            "title": "What's the actual purpose of impossible ROE exam?",
            "clicks": 0
          }
        ],
        "read": false,
        "user_title": null,
        "reply_to_user": {
          "id": 36619,
          "username": "trebhuvansb",
          "name": "Trebhuvan SB",
          "avatar_template": "/user_avatar/discourse.onlinedegree.iitm.ac.in/trebhuvansb/{size}/109875_2.png"
        },
        "bookmarked": false,
        "actions_summary": [
          {
            "id": 2,
            "can_act": true
          },
          {
            "id": 6,
            "can_act": true
          },
          {
            "id": 3,
            "can_act": true
          },
          {
            "id": 4,
            "can_act": true
          },
          {
            "id": 8,
            "can_act": true
          },
          {
            "id": 10,
            "can_act": true
          },
          {
            "id": 7,
            "can_act": true
          }
        ],
        "moderator": false,
        "admin": false,
        "staff": false,
        "user_id": 18297,
        "hidden": false,
        "trust_level": 1,
        "deleted_at": null,
        "user_deleted": false,
        "edit_reason": null,
        "can_view_edit_history": true,
        "wiki": false,
        "post_url": "/t/create-a-question-solving-groups-for-roe/168567/10",
        "user_cakedate": "2023-06-05",
        "user_birthdate": "1904-01-05",
        "reactions": [],
        "current_user_reaction": null,
        "reaction_users_count": 0,
        "current_user_used_main_reaction": false,
        "can_accept_answer": false,
        "can_unaccept_answer": false,
        "accepted_answer": false,
        "topic_accepted_answer": true
      },
      {
        "id": 600407,
        "name": "Trebhuvan SB",
        "username": "trebhuvansb",
        "avatar_template": "/user_avatar/discourse.onlinedegree.iitm.ac.in/trebhuvansb/{size}/109875_2.png",
        "created_at": "2025-02-26T16:01:28.501Z",
        "cooked": "Their whole concept of implicit learning disappears when people start sharing answers in a public forum.",
        "post_number": 11,
        "post_type": 1,
        "posts_count": 15,
        "updated_at": "2025-02-26T16:01:28.501Z",
        "reply_count": 1,
        "reply_to_post_number": 10,
        "quote_count": 0,
        "incoming_link_count": 0,
        "reads": 83,
        "readers_count": 82,
        "score": 21.2,
        "yours": false,
        "topic_id": 168567,
        "topic_slug": "create-a-question-solving-groups-for-roe",
        "display_username": "Trebhuvan SB",
        "primary_group_name": "ds-students",
        "flair_name": "ds-students",
        "flair_url": null,
        "flair_bg_color": "",
        "flair_color": "",
        "flair_group_id": 294,
        "badges_granted": [],
        "version": 1,
        "can_edit": false,
        "can_delete": false,
        "can_recover": false,
        "can_see_hidden_post": false,
        "can_wiki": false,
        "read": false,
        "user_title": null,
        "reply_to_user": {
          "id": 18297,
          "username": "23f1002382",
          "name": "Andrew David",
          "avatar_template": "/user_avatar/discourse.onlinedegree.iitm.ac.in/23f1002382/{size}/68945_2.png"
        },
        "bookmarked": false,
        "actions_summary": [
          {
            "id": 2,
            "can_act": true
          },
          {
            "id": 6,
            "can_act": true
          },
          {
            "id": 3,
            "can_act": true
          },
          {
            "id": 4,
            "can_act": true
          },
          {
            "id": 8,
            "can_act": true
          },
          {
            "id": 10,
            "can_act": true
          },
          {
            "id": 7,
            "can_act": true
          }
        ],
        "moderator": false,
        "admin": false,
        "staff": false,
        "user_id": 36619,
        "hidden": false,
        "trust_level": 1,
        "deleted_at": null,
        "user_deleted": false,
        "edit_reason": null,
        "can_view_edit_history": true,
        "wiki": false,
        "post_url": "/t/create-a-question-solving-groups-for-roe/168567/11",
        "user_cakedate": "2024-09-21",
        "reactions": [],
        "current_user_reaction": null,
        "reaction_users_count": 0,
        "current_user_used_main_reaction": false,
        "can_accept_answer": false,
        "can_unaccept_answer": false,
        "accepted_answer": false,
        "topic_accepted_answer": true
      },
      {
        "id": 600408,
        "name": "Andrew David",
        "username": "23f1002382",
        "avatar_template": "/user_avatar/discourse.onlinedegree.iitm.ac.in/23f1002382/{size}/68945_2.png",
        "created_at": "2025-02-26T16:03:20.750Z",
        "cooked": "\n\n\nOn another topic\n\net?\n\n\nread the post, its about explicit learning xD\nEDIT its implicit my bad !",
        "post_number": 12,
        "post_type": 1,
        "posts_count": 15,
        "updated_at": "2025-02-26T16:04:00.339Z",
        "reply_count": 0,
        "reply_to_post_number": 11,
        "quote_count": 0,
        "incoming_link_count": 0,
        "reads": 82,
        "readers_count": 81,
        "score": 16.2,
        "yours": false,
        "topic_id": 168567,
        "topic_slug": "create-a-question-solving-groups-for-roe",
        "display_username": "Andrew David",
        "primary_group_name": "ds-students",
        "flair_name": "ds-students",
        "flair_url": null,
        "flair_bg_color": "",
        "flair_color": "",
        "flair_group_id": 294,
        "badges_granted": [],
        "version": 1,
        "can_edit": false,
        "can_delete": false,
        "can_recover": false,
        "can_see_hidden_post": false,
        "can_wiki": false,
        "link_counts": [
          {
            "url": "https://discourse.onlinedegree.iitm.ac.in/t/whats-the-actual-purpose-of-impossible-roe-exam/99838/2",
            "internal": true,
            "reflection": false,
            "title": "What's the actual purpose of impossible ROE exam?",
            "clicks": 0
          }
        ],
        "read": false,
        "user_title": null,
        "reply_to_user": {
          "id": 36619,
          "username": "trebhuvansb",
          "name": "Trebhuvan SB",
          "avatar_template": "/user_avatar/discourse.onlinedegree.iitm.ac.in/trebhuvansb/{size}/109875_2.png"
        },
        "bookmarked": false,
        "actions_summary": [
          {
            "id": 2,
            "can_act": true
          },
          {
            "id": 6,
            "can_act": true
          },
          {
            "id": 3,
            "can_act": true
          },
          {
            "id": 4,
            "can_act": true
          },
          {
            "id": 8,
            "can_act": true
          },
          {
            "id": 10,
            "can_act": true
          },
          {
            "id": 7,
            "can_act": true
          }
        ],
        "moderator": false,
        "admin": false,
        "staff": false,
        "user_id": 18297,
        "hidden": false,
        "trust_level": 1,
        "deleted_at": null,
        "user_deleted": false,
        "edit_reason": null,
        "can_view_edit_history": true,
        "wiki": false,
        "post_url": "/t/create-a-question-solving-groups-for-roe/168567/12",
        "user_cakedate": "2023-06-05",
        "user_birthdate": "1904-01-05",
        "reactions": [],
        "current_user_reaction": null,
        "reaction_users_count": 0,
        "current_user_used_main_reaction": false,
        "can_accept_answer": false,
        "can_unaccept_answer": false,
        "accepted_answer": false,
        "topic_accepted_answer": true
      },
      {
        "id": 600409,
        "name": "Trebhuvan SB",
        "username": "trebhuvansb",
        "avatar_template": "/user_avatar/discourse.onlinedegree.iitm.ac.in/trebhuvansb/{size}/109875_2.png",
        "created_at": "2025-02-26T16:05:01.591Z",
        "cooked": "off topic, how do you dm people on discourse?",
        "post_number": 13,
        "post_type": 1,
        "posts_count": 15,
        "updated_at": "2025-02-26T16:05:01.591Z",
        "reply_count": 0,
        "reply_to_post_number": null,
        "quote_count": 0,
        "incoming_link_count": 0,
        "reads": 81,
        "readers_count": 80,
        "score": 16.2,
        "yours": false,
        "topic_id": 168567,
        "topic_slug": "create-a-question-solving-groups-for-roe",
        "display_username": "Trebhuvan SB",
        "primary_group_name": "ds-students",
        "flair_name": "ds-students",
        "flair_url": null,
        "flair_bg_color": "",
        "flair_color": "",
        "flair_group_id": 294,
        "badges_granted": [],
        "version": 1,
        "can_edit": false,
        "can_delete": false,
        "can_recover": false,
        "can_see_hidden_post": false,
        "can_wiki": false,
        "read": false,
        "user_title": null,
        "bookmarked": false,
        "actions_summary": [
          {
            "id": 2,
            "can_act": true
          },
          {
            "id": 6,
            "can_act": true
          },
          {
            "id": 3,
            "can_act": true
          },
          {
            "id": 4,
            "can_act": true
          },
          {
            "id": 8,
            "can_act": true
          },
          {
            "id": 10,
            "can_act": true
          },
          {
            "id": 7,
            "can_act": true
          }
        ],
        "moderator": false,
        "admin": false,
        "staff": false,
        "user_id": 36619,
        "hidden": false,
        "trust_level": 1,
        "deleted_at": null,
        "user_deleted": false,
        "edit_reason": null,
        "can_view_edit_history": true,
        "wiki": false,
        "post_url": "/t/create-a-question-solving-groups-for-roe/168567/13",
        "user_cakedate": "2024-09-21",
        "reactions": [],
        "current_user_reaction": null,
        "reaction_users_count": 0,
        "current_user_used_main_reaction": false,
        "can_accept_answer": false,
        "can_unaccept_answer": false,
        "accepted_answer": false,
        "topic_accepted_answer": true
      },
      {
        "id": 600410,
        "name": "shivam dubey",
        "username": "23f1002279",
        "avatar_template": "/user_avatar/discourse.onlinedegree.iitm.ac.in/23f1002279/{size}/66833_2.png",
        "created_at": "2025-02-26T16:05:14.381Z",
        "cooked": "So, are we using this thread, or should we make a Google space or something?",
        "post_number": 14,
        "post_type": 1,
        "posts_count": 15,
        "updated_at": "2025-02-26T16:05:14.381Z",
        "reply_count": 0,
        "reply_to_post_number": null,
        "quote_count": 0,
        "incoming_link_count": 0,
        "reads": 86,
        "readers_count": 85,
        "score": 17.0,
        "yours": false,
        "topic_id": 168567,
        "topic_slug": "create-a-question-solving-groups-for-roe",
        "display_username": "shivam dubey",
        "primary_group_name": "ds-students",
        "flair_name": "ds-students",
        "flair_url": null,
        "flair_bg_color": "",
        "flair_color": "",
        "flair_group_id": 294,
        "badges_granted": [],
        "version": 1,
        "can_edit": false,
        "can_delete": false,
        "can_recover": false,
        "can_see_hidden_post": false,
        "can_wiki": false,
        "read": false,
        "user_title": null,
        "bookmarked": false,
        "actions_summary": [
          {
            "id": 2,
            "can_act": true
          },
          {
            "id": 6,
            "can_act": true
          },
          {
            "id": 3,
            "can_act": true
          },
          {
            "id": 4,
            "can_act": true
          },
          {
            "id": 8,
            "can_act": true
          },
          {
            "id": 10,
            "can_act": true
          },
          {
            "id": 7,
            "can_act": true
          }
        ],
        "moderator": false,
        "admin": false,
        "staff": false,
        "user_id": 19275,
        "hidden": false,
        "trust_level": 1,
        "deleted_at": null,
        "user_deleted": false,
        "edit_reason": null,
        "can_view_edit_history": true,
        "wiki": false,
        "post_url": "/t/create-a-question-solving-groups-for-roe/168567/14",
        "user_cakedate": "2023-06-08",
        "reactions": [],
        "current_user_reaction": null,
        "reaction_users_count": 0,
        "current_user_used_main_reaction": false,
        "can_accept_answer": false,
        "can_unaccept_answer": false,
        "accepted_answer": false,
        "topic_accepted_answer": true
      },
      {
        "id": 600411,
        "name": "Andrew David",
        "username": "23f1002382",
        "avatar_template": "/user_avatar/discourse.onlinedegree.iitm.ac.in/23f1002382/{size}/68945_2.png",
        "created_at": "2025-02-26T16:06:06.736Z",
        "cooked": "I created a discord\n\n\nDiscord\n\n\nJoin the ACING ROE 1 Discord Server!\nCheck out the ACING ROE 1 community on Discord \u2013 hang out with 1 other members and enjoy free voice and text chat.\n\n\n\n\n\n@all",
        "post_number": 15,
        "post_type": 1,
        "posts_count": 15,
        "updated_at": "2025-02-26T16:06:06.736Z",
        "reply_count": 0,
        "reply_to_post_number": null,
        "quote_count": 0,
        "incoming_link_count": 3,
        "reads": 89,
        "readers_count": 88,
        "score": 47.0,
        "yours": false,
        "topic_id": 168567,
        "topic_slug": "create-a-question-solving-groups-for-roe",
        "display_username": "Andrew David",
        "primary_group_name": "ds-students",
        "flair_name": "ds-students",
        "flair_url": null,
        "flair_bg_color": "",
        "flair_color": "",
        "flair_group_id": 294,
        "badges_granted": [],
        "version": 1,
        "can_edit": false,
        "can_delete": false,
        "can_recover": false,
        "can_see_hidden_post": false,
        "can_wiki": false,
        "link_counts": [
          {
            "url": "https://discord.com/invite/vFTqFMw6",
            "internal": false,
            "reflection": false,
            "title": "ACING ROE 1",
            "clicks": 30
          }
        ],
        "read": false,
        "user_title": null,
        "bookmarked": false,
        "actions_summary": [
          {
            "id": 2,
            "count": 1,
            "can_act": true
          },
          {
            "id": 6,
            "can_act": true
          },
          {
            "id": 3,
            "can_act": true
          },
          {
            "id": 4,
            "can_act": true
          },
          {
            "id": 8,
            "can_act": true
          },
          {
            "id": 10,
            "can_act": true
          },
          {
            "id": 7,
            "can_act": true
          }
        ],
        "moderator": false,
        "admin": false,
        "staff": false,
        "user_id": 18297,
        "hidden": false,
        "trust_level": 1,
        "deleted_at": null,
        "user_deleted": false,
        "edit_reason": null,
        "can_view_edit_history": true,
        "wiki": false,
        "post_url": "/t/create-a-question-solving-groups-for-roe/168567/15",
        "user_cakedate": "2023-06-05",
        "user_birthdate": "1904-01-05",
        "reactions": [
          {
            "id": "heart",
            "type": "emoji",
            "count": 1
          }
        ],
        "current_user_reaction": null,
        "reaction_users_count": 1,
        "current_user_used_main_reaction": false,
        "can_accept_answer": false,
        "can_unaccept_answer": false,
        "accepted_answer": true,
        "topic_accepted_answer": true
      }
    ],
    "stream": [
      600396,
      600397,
      600398,
      600399,
      600400,
      600401,
      600402,
      600403,
      600404,
      600405,
      600407,
      600408,
      600409,
      600410,
      600411
    ]
  },
  "timeline_lookup": [
    [
      1,
      106
    ]
  ],
  "suggested_topics": [
    {
      "id": 176644,
      "title": "Project 1 deadline extension",
      "fancy_title": "Project 1 deadline extension",
      "slug": "project-1-deadline-extension",
      "posts_count": 10,
      "reply_count": 0,
      "highest_post_number": 10,
      "image_url": null,
      "created_at": "2025-05-29T08:07:52.701Z",
      "last_posted_at": "2025-06-02T05:33:44.600Z",
      "bumped": true,
      "bumped_at": "2025-06-02T05:33:44.600Z",
      "archetype": "regular",
      "unseen": false,
      "last_read_post_number": 5,
      "unread": 0,
      "new_posts": 5,
      "unread_posts": 5,
      "pinned": false,
      "unpinned": null,
      "visible": true,
      "closed": false,
      "archived": false,
      "notification_level": 2,
      "bookmarked": false,
      "liked": true,
      "tags": [
        "diploma-level",
        "term2-2025"
      ],
      "tags_descriptions": {},
      "like_count": 40,
      "views": 173,
      "category_id": 34,
      "featured_link": null,
      "has_accepted_answer": false,
      "posters": [
        {
          "extras": null,
          "description": "Original Poster",
          "user": {
            "id": 23245,
            "username": "23f3001439",
            "name": "Siddarth S",
            "avatar_template": "/user_avatar/discourse.onlinedegree.iitm.ac.in/23f3001439/{size}/87894_2.png",
            "primary_group_name": "ds-students",
            "flair_name": "ds-students",
            "flair_group_id": 294,
            "trust_level": 0
          }
        },
        {
          "extras": null,
          "description": "Frequent Poster",
          "user": {
            "id": 12950,
            "username": "22f1001753",
            "name": "Prateek Gupta",
            "avatar_template": "/user_avatar/discourse.onlinedegree.iitm.ac.in/22f1001753/{size}/47479_2.png",
            "primary_group_name": "ds-students",
            "flair_name": "ds-students",
            "flair_group_id": 294,
            "trust_level": 1
          }
        },
        {
          "extras": null,
          "description": "Frequent Poster",
          "user": {
            "id": 30643,
            "username": "Rajat_Raj",
            "name": "Rajat Raj Singh",
            "avatar_template": "/user_avatar/discourse.onlinedegree.iitm.ac.in/rajat_raj/{size}/119975_2.png",
            "primary_group_name": "ds-students",
            "flair_name": "ds-students",
            "flair_group_id": 294,
            "trust_level": 1
          }
        },
        {
          "extras": null,
          "description": "Frequent Poster",
          "user": {
            "id": 23587,
            "username": "23f3001435",
            "name": "Sonu kumar",
            "avatar_template": "/user_avatar/discourse.onlinedegree.iitm.ac.in/23f3001435/{size}/66883_2.png",
            "primary_group_name": "ds-students",
            "flair_name": "ds-students",
            "flair_group_id": 294,
            "trust_level": 1
          }
        },
        {
          "extras": "latest",
          "description": "Most Recent Poster",
          "user": {
            "id": 17041,
            "username": "22f3003226",
            "name": "Shibashish ",
            "avatar_template": "/user_avatar/discourse.onlinedegree.iitm.ac.in/22f3003226/{size}/97251_2.png",
            "primary_group_name": "ds-students",
            "flair_name": "ds-students",
            "flair_group_id": 294,
            "trust_level": 1
          }
        }
      ]
    },
    {
      "id": 173524,
      "title": "GA1 - Development Tools - Discussion Thread [TDS May 2025]",
      "fancy_title": "GA1 - Development Tools - Discussion Thread [TDS May 2025]",
      "slug": "ga1-development-tools-discussion-thread-tds-may-2025",
      "posts_count": 81,
      "reply_count": 52,
      "highest_post_number": 86,
      "image_url": null,
      "created_at": "2025-05-01T11:39:00.734Z",
      "last_posted_at": "2025-05-31T18:44:32.559Z",
      "bumped": true,
      "bumped_at": "2025-05-31T18:44:32.559Z",
      "archetype": "regular",
      "unseen": false,
      "last_read_post_number": 30,
      "unread": 0,
      "new_posts": 56,
      "unread_posts": 56,
      "pinned": false,
      "unpinned": null,
      "visible": true,
      "closed": false,
      "archived": false,
      "notification_level": 2,
      "bookmarked": false,
      "liked": false,
      "tags": [
        "term2-2025",
        "graded-assignment"
      ],
      "tags_descriptions": {},
      "like_count": 25,
      "views": 1221,
      "category_id": 34,
      "featured_link": null,
      "has_accepted_answer": false,
      "posters": [
        {
          "extras": null,
          "description": "Original Poster",
          "user": {
            "id": 9419,
            "username": "s.anand",
            "name": "Anand S",
            "avatar_template": "/user_avatar/discourse.onlinedegree.iitm.ac.in/s.anand/{size}/15264_2.png",
            "primary_group_name": "faculty",
            "flair_name": "faculty",
            "flair_url": "chalkboard-user",
            "flair_bg_color": "f2c26e",
            "flair_color": "000",
            "flair_group_id": 54,
            "trust_level": 4
          }
        },
        {
          "extras": null,
          "description": "Frequent Poster",
          "user": {
            "id": 22472,
            "username": "Advaith52",
            "name": "Advaith Sanil Kumar",
            "avatar_template": "/user_avatar/discourse.onlinedegree.iitm.ac.in/advaith52/{size}/67172_2.png",
            "primary_group_name": "ds-students",
            "flair_name": "ds-students",
            "flair_group_id": 294,
            "trust_level": 1
          }
        },
        {
          "extras": null,
          "description": "Frequent Poster",
          "user": {
            "id": 16094,
            "username": "carlton",
            "name": "Carlton D'Silva",
            "avatar_template": "/user_avatar/discourse.onlinedegree.iitm.ac.in/carlton/{size}/56317_2.png",
            "primary_group_name": "ds-students",
            "flair_name": "ds-students",
            "flair_group_id": 294,
            "trust_level": 3
          }
        },
        {
          "extras": null,
          "description": "Frequent Poster",
          "user": {
            "id": 15658,
            "username": "HritikRoshan_HRM",
            "name": "HRITIK ROSHAN MAURYA",
            "avatar_template": "/user_avatar/discourse.onlinedegree.iitm.ac.in/hritikroshan_hrm/{size}/66975_2.png",
            "primary_group_name": "ds-students",
            "flair_name": "ds-students",
            "flair_group_id": 294,
            "trust_level": 1
          }
        },
        {
          "extras": "latest",
          "description": "Most Recent Poster",
          "user": {
            "id": 7234,
            "username": "21f3000813",
            "name": "Suraj mishra",
            "avatar_template": "/user_avatar/discourse.onlinedegree.iitm.ac.in/21f3000813/{size}/12622_2.png",
            "primary_group_name": "ds-students",
            "flair_name": "ds-students",
            "flair_group_id": 294,
            "trust_level": 1
          }
        }
      ]
    },
    {
      "id": 178878,
      "title": "Getting an api key error upon running npx -y promptfoo eval --config project-tds-virtual-ta-promptfoo.yaml",
      "fancy_title": "Getting an api key error upon running npx -y promptfoo eval &ndash;config project-tds-virtual-ta-promptfoo.yaml",
      "slug": "getting-an-api-key-error-upon-running-npx-y-promptfoo-eval-config-project-tds-virtual-ta-promptfoo-yaml",
      "posts_count": 2,
      "reply_count": 0,
      "highest_post_number": 2,
      "image_url": null,
      "created_at": "2025-06-11T15:59:44.146Z",
      "last_posted_at": "2025-06-12T09:04:32.396Z",
      "bumped": true,
      "bumped_at": "2025-06-12T09:04:32.396Z",
      "archetype": "regular",
      "unseen": true,
      "pinned": false,
      "unpinned": null,
      "visible": true,
      "closed": false,
      "archived": false,
      "bookmarked": null,
      "liked": null,
      "tags": [
        "clarification",
        "diploma-level",
        "term2-2025"
      ],
      "tags_descriptions": {},
      "like_count": 0,
      "views": 34,
      "category_id": 34,
      "featured_link": null,
      "has_accepted_answer": false,
      "posters": [
        {
          "extras": "latest single",
          "description": "Original Poster, Most Recent Poster",
          "user": {
            "id": 23837,
            "username": "23f1000129",
            "name": "Suyash Raj",
            "avatar_template": "/user_avatar/discourse.onlinedegree.iitm.ac.in/23f1000129/{size}/122013_2.png",
            "primary_group_name": "ds-students",
            "flair_name": "ds-students",
            "flair_group_id": 294,
            "trust_level": 0
          }
        }
      ]
    },
    {
      "id": 178898,
      "title": "Api Key Error",
      "fancy_title": "Api Key Error",
      "slug": "api-key-error",
      "posts_count": 2,
      "reply_count": 0,
      "highest_post_number": 2,
      "image_url": null,
      "created_at": "2025-06-11T18:29:53.636Z",
      "last_posted_at": "2025-06-12T06:50:28.438Z",
      "bumped": true,
      "bumped_at": "2025-06-12T06:50:28.438Z",
      "archetype": "regular",
      "unseen": true,
      "pinned": false,
      "unpinned": null,
      "visible": true,
      "closed": false,
      "archived": false,
      "bookmarked": null,
      "liked": null,
      "tags": [
        "clarification",
        "diploma-level",
        "term2-2025"
      ],
      "tags_descriptions": {},
      "like_count": 0,
      "views": 37,
      "category_id": 34,
      "featured_link": null,
      "has_accepted_answer": false,
      "posters": [
        {
          "extras": null,
          "description": "Original Poster",
          "user": {
            "id": 30904,
            "username": "24ds2000087",
            "name": "Banani Mallick",
            "avatar_template": "/user_avatar/discourse.onlinedegree.iitm.ac.in/24ds2000087/{size}/119469_2.png",
            "primary_group_name": "ds-students",
            "flair_name": "ds-students",
            "flair_group_id": 294,
            "trust_level": 0
          }
        },
        {
          "extras": "latest",
          "description": "Most Recent Poster",
          "user": {
            "id": 24803,
            "username": "23f2003651",
            "name": "Akshobh Verma",
            "avatar_template": "/user_avatar/discourse.onlinedegree.iitm.ac.in/23f2003651/{size}/67172_2.png",
            "primary_group_name": "ds-students",
            "flair_name": "ds-students",
            "flair_group_id": 294,
            "trust_level": 1
          }
        }
      ]
    },
    {
      "id": 178881,
      "title": "GA4 - Data Sourcing - Discussion Thread [TDS May 2025]",
      "fancy_title": "GA4 - Data Sourcing - Discussion Thread [TDS May 2025]",
      "slug": "ga4-data-sourcing-discussion-thread-tds-may-2025",
      "posts_count": 1,
      "reply_count": 0,
      "highest_post_number": 1,
      "image_url": null,
      "created_at": "2025-06-11T16:23:45.872Z",
      "last_posted_at": "2025-06-11T16:23:46.149Z",
      "bumped": true,
      "bumped_at": "2025-06-11T16:23:46.149Z",
      "archetype": "regular",
      "unseen": true,
      "pinned": false,
      "unpinned": null,
      "visible": true,
      "closed": false,
      "archived": false,
      "bookmarked": null,
      "liked": null,
      "tags": [
        "term2-2025",
        "graded-assignment",
        "week-4"
      ],
      "tags_descriptions": {},
      "like_count": 2,
      "views": 42,
      "category_id": 34,
      "featured_link": null,
      "has_accepted_answer": false,
      "posters": [
        {
          "extras": "latest single",
          "description": "Original Poster, Most Recent Poster",
          "user": {
            "id": 9419,
            "username": "s.anand",
            "name": "Anand S",
            "avatar_template": "/user_avatar/discourse.onlinedegree.iitm.ac.in/s.anand/{size}/15264_2.png",
            "primary_group_name": "faculty",
            "flair_name": "faculty",
            "flair_url": "chalkboard-user",
            "flair_bg_color": "f2c26e",
            "flair_color": "000",
            "flair_group_id": 54,
            "trust_level": 4
          }
        }
      ]
    }
  ],
  "tags": [
    "term1-2025",
    "tds-roe"
  ],
  "tags_descriptions": {},
  "id": 168567,
  "title": "Create a Question solving groups for ROE",
  "fancy_title": "Create a Question solving groups for ROE",
  "posts_count": 15,
  "created_at": "2025-02-26T15:49:28.271Z",
  "views": 148,
  "reply_count": 8,
  "like_count": 8,
  "last_posted_at": "2025-02-26T16:06:06.736Z",
  "visible": true,
  "closed": false,
  "archived": false,
  "has_summary": false,
  "archetype": "regular",
  "slug": "create-a-question-solving-groups-for-roe",
  "category_id": 34,
  "word_count": 270,
  "deleted_at": null,
  "user_id": 18297,
  "featured_link": null,
  "pinned_globally": false,
  "pinned_at": null,
  "pinned_until": null,
  "image_url": null,
  "slow_mode_seconds": 0,
  "draft": null,
  "draft_key": "topic_168567",
  "draft_sequence": 0,
  "unpinned": null,
  "pinned": false,
  "current_post_number": 1,
  "highest_post_number": 15,
  "deleted_by": null,
  "actions_summary": [
    {
      "id": 4,
      "count": 0,
      "hidden": false,
      "can_act": true
    },
    {
      "id": 8,
      "count": 0,
      "hidden": false,
      "can_act": true
    },
    {
      "id": 10,
      "count": 0,
      "hidden": false,
      "can_act": true
    },
    {
      "id": 7,
      "count": 0,
      "hidden": false,
      "can_act": true
    }
  ],
  "chunk_size": 20,
  "bookmarked": false,
  "topic_timer": null,
  "message_bus_last_id": 1,
  "participant_count": 4,
  "show_read_indicator": false,
  "thumbnails": null,
  "slow_mode_enabled_until": null,
  "tags_disable_ads": false,
  "related_topics": [
    {
      "id": 99838,
      "title": "What's the actual purpose of impossible ROE exam?",
      "fancy_title": "What&rsquo;s the actual purpose of impossible ROE exam?",
      "slug": "whats-the-actual-purpose-of-impossible-roe-exam",
      "posts_count": 3,
      "reply_count": 1,
      "highest_post_number": 3,
      "image_url": null,
      "created_at": "2023-08-26T13:19:45.296Z",
      "last_posted_at": "2025-03-05T07:10:12.427Z",
      "bumped": true,
      "bumped_at": "2025-03-05T07:10:12.427Z",
      "archetype": "regular",
      "unseen": false,
      "pinned": false,
      "unpinned": null,
      "visible": true,
      "closed": false,
      "archived": false,
      "bookmarked": null,
      "liked": null,
      "tags": [
        "tds-roe"
      ],
      "tags_descriptions": {},
      "like_count": 76,
      "views": 1868,
      "category_id": 34,
      "featured_link": null,
      "has_accepted_answer": false,
      "posters": [
        {
          "extras": null,
          "description": "Original Poster",
          "user": {
            "id": 11698,
            "username": "ankit.jain",
            "name": "Ankit Jain",
            "avatar_template": "/user_avatar/discourse.onlinedegree.iitm.ac.in/ankit.jain/{size}/45086_2.png",
            "primary_group_name": "ds-students",
            "flair_name": "ds-students",
            "flair_group_id": 294,
            "trust_level": 1
          }
        },
        {
          "extras": null,
          "description": "Frequent Poster",
          "user": {
            "id": 9419,
            "username": "s.anand",
            "name": "Anand S",
            "avatar_template": "/user_avatar/discourse.onlinedegree.iitm.ac.in/s.anand/{size}/15264_2.png",
            "primary_group_name": "faculty",
            "flair_name": "faculty",
            "flair_url": "chalkboard-user",
            "flair_bg_color": "f2c26e",
            "flair_color": "000",
            "flair_group_id": 54,
            "trust_level": 4
          }
        },
        {
          "extras": "latest",
          "description": "Most Recent Poster",
          "user": {
            "id": 13371,
            "username": "Learner_HS",
            "name": "PURNENDU SHUKLA",
            "avatar_template": "/user_avatar/discourse.onlinedegree.iitm.ac.in/learner_hs/{size}/13282_2.png",
            "primary_group_name": "ds-students",
            "flair_name": "ds-students",
            "flair_group_id": 294,
            "trust_level": 1
          }
        }
      ]
    },
    {
      "id": 156816,
      "title": "Request to make ROE questions accessible/visible for practice",
      "fancy_title": "Request to make ROE questions accessible/visible for practice",
      "slug": "request-to-make-roe-questions-accessible-visible-for-practice",
      "posts_count": 1,
      "reply_count": 0,
      "highest_post_number": 1,
      "image_url": null,
      "created_at": "2024-11-19T04:37:17.602Z",
      "last_posted_at": "2024-11-19T04:37:17.848Z",
      "bumped": true,
      "bumped_at": "2024-11-19T04:37:17.848Z",
      "archetype": "regular",
      "unseen": false,
      "pinned": false,
      "unpinned": null,
      "visible": true,
      "closed": false,
      "archived": false,
      "bookmarked": null,
      "liked": null,
      "tags": [
        "operational",
        "extra-resources",
        "diploma-level"
      ],
      "tags_descriptions": {},
      "like_count": 2,
      "views": 76,
      "category_id": 34,
      "featured_link": null,
      "has_accepted_answer": false,
      "posters": [
        {
          "extras": "latest single",
          "description": "Original Poster, Most Recent Poster",
          "user": {
            "id": 26413,
            "username": "24ds1000042",
            "name": "PREENA SALIM",
            "avatar_template": "/user_avatar/discourse.onlinedegree.iitm.ac.in/24ds1000042/{size}/67340_2.png",
            "primary_group_name": "ds-students",
            "flair_name": "ds-students",
            "flair_group_id": 294,
            "trust_level": 1
          }
        }
      ]
    },
    {
      "id": 168142,
      "title": "ROE instructions request",
      "fancy_title": "ROE instructions request",
      "slug": "roe-instructions-request",
      "posts_count": 8,
      "reply_count": 6,
      "highest_post_number": 8,
      "image_url": null,
      "created_at": "2025-02-22T12:34:59.544Z",
      "last_posted_at": "2025-02-24T08:59:27.794Z",
      "bumped": true,
      "bumped_at": "2025-02-24T08:59:27.794Z",
      "archetype": "regular",
      "unseen": false,
      "pinned": false,
      "unpinned": null,
      "visible": true,
      "closed": false,
      "archived": false,
      "bookmarked": null,
      "liked": null,
      "tags": [
        "diploma-level"
      ],
      "tags_descriptions": {},
      "like_count": 10,
      "views": 169,
      "category_id": 34,
      "featured_link": null,
      "has_accepted_answer": true,
      "posters": [
        {
          "extras": null,
          "description": "Original Poster",
          "user": {
            "id": 17736,
            "username": "23f2000573",
            "name": "B R GIRI SUBRAHMANYA",
            "avatar_template": "/user_avatar/discourse.onlinedegree.iitm.ac.in/23f2000573/{size}/68306_2.png",
            "primary_group_name": "ds-students",
            "flair_name": "ds-students",
            "flair_group_id": 294,
            "trust_level": 1
          }
        },
        {
          "extras": "latest",
          "description": "Most Recent Poster, Accepted Answer",
          "user": {
            "id": 16094,
            "username": "carlton",
            "name": "Carlton D'Silva",
            "avatar_template": "/user_avatar/discourse.onlinedegree.iitm.ac.in/carlton/{size}/56317_2.png",
            "primary_group_name": "ds-students",
            "flair_name": "ds-students",
            "flair_group_id": 294,
            "trust_level": 3
          }
        },
        {
          "extras": null,
          "description": "Frequent Poster",
          "user": {
            "id": 17433,
            "username": "22f3002248",
            "name": "Tanush Tambe",
            "avatar_template": "/user_avatar/discourse.onlinedegree.iitm.ac.in/22f3002248/{size}/111205_2.png",
            "primary_group_name": "ds-students",
            "flair_name": "ds-students",
            "flair_group_id": 294,
            "trust_level": 1
          }
        },
        {
          "extras": null,
          "description": "Frequent Poster",
          "user": {
            "id": 20017,
            "username": "Rishabh2",
            "name": "Kumar Rishabh ",
            "avatar_template": "/user_avatar/discourse.onlinedegree.iitm.ac.in/rishabh2/{size}/66901_2.png",
            "primary_group_name": "ds-students",
            "flair_name": "ds-students",
            "flair_group_id": 294,
            "trust_level": 1
          }
        },
        {
          "extras": null,
          "description": "Frequent Poster",
          "user": {
            "id": 7795,
            "username": "Yogesh1",
            "name": "Yogesh",
            "avatar_template": "/user_avatar/discourse.onlinedegree.iitm.ac.in/yogesh1/{size}/32697_2.png",
            "primary_group_name": "ds-students",
            "flair_name": "ds-students",
            "flair_group_id": 294,
            "trust_level": 1
          }
        }
      ]
    },
    {
      "id": 141193,
      "title": "ROE-1 Questions for Practice",
      "fancy_title": "ROE-1 Questions for Practice",
      "slug": "roe-1-questions-for-practice",
      "posts_count": 3,
      "reply_count": 1,
      "highest_post_number": 3,
      "image_url": null,
      "created_at": "2024-07-27T10:38:18.826Z",
      "last_posted_at": "2024-07-28T13:36:24.207Z",
      "bumped": true,
      "bumped_at": "2024-07-28T13:36:24.207Z",
      "archetype": "regular",
      "unseen": false,
      "pinned": false,
      "unpinned": null,
      "visible": true,
      "closed": false,
      "archived": false,
      "bookmarked": null,
      "liked": null,
      "tags": [
        "miscellaneous",
        "extra-resources"
      ],
      "tags_descriptions": {},
      "like_count": 2,
      "views": 77,
      "category_id": 34,
      "featured_link": null,
      "has_accepted_answer": false,
      "posters": [
        {
          "extras": "latest",
          "description": "Original Poster, Most Recent Poster",
          "user": {
            "id": 22300,
            "username": "23f2004819",
            "name": "himanshu.garg ",
            "avatar_template": "/user_avatar/discourse.onlinedegree.iitm.ac.in/23f2004819/{size}/132320_2.png",
            "primary_group_name": "ds-students",
            "flair_name": "ds-students",
            "flair_group_id": 294,
            "trust_level": 1
          }
        },
        {
          "extras": null,
          "description": "Frequent Poster",
          "user": {
            "id": 16094,
            "username": "carlton",
            "name": "Carlton D'Silva",
            "avatar_template": "/user_avatar/discourse.onlinedegree.iitm.ac.in/carlton/{size}/56317_2.png",
            "primary_group_name": "ds-students",
            "flair_name": "ds-students",
            "flair_group_id": 294,
            "trust_level": 3
          }
        }
      ]
    },
    {
      "id": 141065,
      "title": "Regarding redoing ROE",
      "fancy_title": "Regarding redoing ROE",
      "slug": "regarding-redoing-roe",
      "posts_count": 2,
      "reply_count": 0,
      "highest_post_number": 2,
      "image_url": null,
      "created_at": "2024-07-26T07:33:26.011Z",
      "last_posted_at": "2024-07-27T07:31:31.054Z",
      "bumped": true,
      "bumped_at": "2024-07-27T07:31:31.054Z",
      "archetype": "regular",
      "unseen": false,
      "pinned": false,
      "unpinned": null,
      "visible": true,
      "closed": false,
      "archived": false,
      "bookmarked": null,
      "liked": null,
      "tags": [
        "clarification"
      ],
      "tags_descriptions": {},
      "like_count": 0,
      "views": 62,
      "category_id": 34,
      "featured_link": null,
      "has_accepted_answer": true,
      "posters": [
        {
          "extras": "latest single",
          "description": "Original Poster, Most Recent Poster, Accepted Answer",
          "user": {
            "id": 6563,
            "username": "21f3000759",
            "name": "Swati Jain",
            "avatar_template": "/user_avatar/discourse.onlinedegree.iitm.ac.in/21f3000759/{size}/23528_2.png",
            "primary_group_name": "ds-students",
            "flair_name": "ds-students",
            "flair_group_id": 294,
            "trust_level": 1
          }
        }
      ]
    }
  ],
  "summarizable": false,
  "valid_reactions": [
    "heart",
    "+1",
    "laughing",
    "open_mouth",
    "clap",
    "confetti_ball",
    "rocket",
    "-1"
  ],
  "accepted_answer": {
    "post_number": 15,
    "username": "23f1002382",
    "name": null,
    "excerpt": "I created a discord \n@all",
    "accepter_name": null,
    "accepter_username": "23f1002382"
  },
  "can_vote": false,
  "vote_count": 0,
  "user_voted": false,
  "discourse_zendesk_plugin_zendesk_id": null,
  "discourse_zendesk_plugin_zendesk_url": "https://your-url.zendesk.com/agent/tickets/",
  "details": {
    "can_edit": false,
    "notification_level": 1,
    "can_create_post": true,
    "can_reply_as_new_topic": true,
    "can_flag_topic": true,
    "participants": [
      {
        "id": 18297,
        "username": "23f1002382",
        "name": "Andrew David",
        "avatar_template": "/user_avatar/discourse.onlinedegree.iitm.ac.in/23f1002382/{size}/68945_2.png",
        "post_count": 7,
        "primary_group_name": "ds-students",
        "flair_name": "ds-students",
        "flair_url": null,
        "flair_color": "",
        "flair_bg_color": "",
        "flair_group_id": 294,
        "trust_level": 1
      },
      {
        "id": 32468,
        "username": "ItsMeAlex",
        "name": "Manit Bohra",
        "avatar_template": "/user_avatar/discourse.onlinedegree.iitm.ac.in/itsmealex/{size}/119167_2.png",
        "post_count": 4,
        "primary_group_name": "ds-students",
        "flair_name": "ds-students",
        "flair_url": null,
        "flair_color": "",
        "flair_bg_color": "",
        "flair_group_id": 294,
        "trust_level": 1
      },
      {
        "id": 36619,
        "username": "trebhuvansb",
        "name": "Trebhuvan SB",
        "avatar_template": "/user_avatar/discourse.onlinedegree.iitm.ac.in/trebhuvansb/{size}/109875_2.png",
        "post_count": 3,
        "primary_group_name": "ds-students",
        "flair_name": "ds-students",
        "flair_url": null,
        "flair_color": "",
        "flair_bg_color": "",
        "flair_group_id": 294,
        "trust_level": 1
      },
      {
        "id": 19275,
        "username": "23f1002279",
        "name": "shivam dubey",
        "avatar_template": "/user_avatar/discourse.onlinedegree.iitm.ac.in/23f1002279/{size}/66833_2.png",
        "post_count": 1,
        "primary_group_name": "ds-students",
        "flair_name": "ds-students",
        "flair_url": null,
        "flair_color": "",
        "flair_bg_color": "",
        "flair_group_id": 294,
        "trust_level": 1
      }
    ],
    "created_by": {
      "id": 18297,
      "username": "23f1002382",
      "name": "Andrew David",
      "avatar_template": "/user_avatar/discourse.onlinedegree.iitm.ac.in/23f1002382/{size}/68945_2.png"
    },
    "last_poster": {
      "id": 18297,
      "username": "23f1002382",
      "name": "Andrew David",
      "avatar_template": "/user_avatar/discourse.onlinedegree.iitm.ac.in/23f1002382/{size}/68945_2.png"
    },
    "links": [
      {
        "url": "https://discord.com/invite/vFTqFMw6",
        "title": "ACING ROE 1",
        "internal": false,
        "attachment": false,
        "reflection": false,
        "clicks": 30,
        "user_id": 18297,
        "domain": "discord.com",
        "root_domain": "discord.com"
      }
    ]
  },
  "pending_posts": [],
  "bookmarks": []
}