{
  "post_stream": {
    "posts": [
      {
        "id": 588325,
        "name": "Anand S",
        "username": "s.anand",
        "avatar_template": "/user_avatar/discourse.onlinedegree.iitm.ac.in/s.anand/{size}/15264_2.png",
        "created_at": "2025-01-31T16:13:36.640Z",
        "cooked": "Please post any questions related to Graded Assignment 4 - Data Sourcing.\nPlease use markdown code formatting (fenced code blocks) when sharing code (rather than screenshots). It\u2019s easier for us to copy-paste and test.\nDeadline: Sunday, February 9, 2025 6:29 PM\n@Jivraj @Saransh_Saini @carlton",
        "post_number": 1,
        "post_type": 1,
        "posts_count": 370,
        "updated_at": "2025-01-31T16:13:36.640Z",
        "reply_count": 0,
        "reply_to_post_number": null,
        "quote_count": 0,
        "incoming_link_count": 626,
        "reads": 482,
        "readers_count": 481,
        "score": 3212.8,
        "yours": false,
        "topic_id": 165959,
        "topic_slug": "ga4-data-sourcing-discussion-thread-tds-jan-2025",
        "display_username": "Anand S",
        "primary_group_name": "faculty",
        "flair_name": "faculty",
        "flair_url": "chalkboard-user",
        "flair_bg_color": "f2c26e",
        "flair_color": "000",
        "flair_group_id": 54,
        "badges_granted": [],
        "version": 1,
        "can_edit": false,
        "can_delete": false,
        "can_recover": false,
        "can_see_hidden_post": false,
        "can_wiki": false,
        "link_counts": [
          {
            "url": "https://exam.sanand.workers.dev/tds-2025-01-ga4",
            "internal": false,
            "reflection": false,
            "title": "Technical Assessment",
            "clicks": 29
          }
        ],
        "read": false,
        "user_title": "Course_faculty",
        "title_is_group": true,
        "bookmarked": false,
        "actions_summary": [
          {
            "id": 2,
            "can_act": true
          },
          {
            "id": 6,
            "can_act": true
          },
          {
            "id": 3,
            "can_act": true
          },
          {
            "id": 4,
            "can_act": true
          },
          {
            "id": 8,
            "can_act": true
          },
          {
            "id": 10,
            "can_act": true
          },
          {
            "id": 7,
            "can_act": true
          }
        ],
        "moderator": false,
        "admin": false,
        "staff": false,
        "user_id": 9419,
        "hidden": false,
        "trust_level": 4,
        "deleted_at": null,
        "user_deleted": false,
        "edit_reason": null,
        "can_view_edit_history": true,
        "wiki": false,
        "post_url": "/t/ga4-data-sourcing-discussion-thread-tds-jan-2025/165959/1",
        "user_cakedate": "2022-01-03",
        "reactions": [],
        "current_user_reaction": null,
        "reaction_users_count": 0,
        "current_user_used_main_reaction": false,
        "can_accept_answer": false,
        "can_unaccept_answer": false,
        "accepted_answer": false,
        "topic_accepted_answer": null,
        "can_vote": false
      },
      {
        "id": 588326,
        "name": "Anand S",
        "username": "s.anand",
        "avatar_template": "/user_avatar/discourse.onlinedegree.iitm.ac.in/s.anand/{size}/15264_2.png",
        "created_at": "2025-01-31T16:14:00.363Z",
        "cooked": "",
        "post_number": 2,
        "post_type": 3,
        "posts_count": 370,
        "updated_at": "2025-01-31T16:14:00.363Z",
        "reply_count": 0,
        "reply_to_post_number": null,
        "quote_count": 0,
        "incoming_link_count": 1,
        "reads": 472,
        "readers_count": 471,
        "score": 95.8,
        "yours": false,
        "topic_id": 165959,
        "topic_slug": "ga4-data-sourcing-discussion-thread-tds-jan-2025",
        "display_username": "Anand S",
        "primary_group_name": "faculty",
        "flair_name": "faculty",
        "flair_url": "chalkboard-user",
        "flair_bg_color": "f2c26e",
        "flair_color": "000",
        "flair_group_id": 54,
        "badges_granted": [],
        "version": 1,
        "can_edit": false,
        "can_delete": false,
        "can_recover": false,
        "can_see_hidden_post": false,
        "can_wiki": false,
        "read": false,
        "user_title": "Course_faculty",
        "title_is_group": true,
        "bookmarked": false,
        "actions_summary": [
          {
            "id": 2,
            "can_act": true
          },
          {
            "id": 6,
            "can_act": true
          },
          {
            "id": 3,
            "can_act": true
          },
          {
            "id": 4,
            "can_act": true
          },
          {
            "id": 8,
            "can_act": true
          },
          {
            "id": 10,
            "can_act": true
          },
          {
            "id": 7,
            "can_act": true
          }
        ],
        "moderator": false,
        "admin": false,
        "staff": false,
        "user_id": 9419,
        "hidden": false,
        "trust_level": 4,
        "deleted_at": null,
        "user_deleted": false,
        "edit_reason": null,
        "can_view_edit_history": true,
        "wiki": false,
        "action_code": "pinned.enabled",
        "post_url": "/t/ga4-data-sourcing-discussion-thread-tds-jan-2025/165959/2",
        "user_cakedate": "2022-01-03",
        "reactions": [],
        "current_user_reaction": null,
        "reaction_users_count": 0,
        "current_user_used_main_reaction": false,
        "can_accept_answer": false,
        "can_unaccept_answer": false,
        "accepted_answer": false,
        "topic_accepted_answer": null
      },
      {
        "id": 588589,
        "name": "Guddu Kumar Mishra ",
        "username": "22f3001315",
        "avatar_template": "/user_avatar/discourse.onlinedegree.iitm.ac.in/22f3001315/{size}/90556_2.png",
        "created_at": "2025-02-01T07:54:31.100Z",
        "cooked": "Screenshot 2025-02-01 132301331\u00d7314 12.3 KB\nwhat is the error here?? sir @Jivraj",
        "post_number": 3,
        "post_type": 1,
        "posts_count": 370,
        "updated_at": "2025-02-01T07:54:58.540Z",
        "reply_count": 9,
        "reply_to_post_number": null,
        "quote_count": 0,
        "incoming_link_count": 18,
        "reads": 463,
        "readers_count": 462,
        "score": 253.8,
        "yours": false,
        "topic_id": 165959,
        "topic_slug": "ga4-data-sourcing-discussion-thread-tds-jan-2025",
        "display_username": "Guddu Kumar Mishra ",
        "primary_group_name": "ds-students",
        "flair_name": "ds-students",
        "flair_url": null,
        "flair_bg_color": "",
        "flair_color": "",
        "flair_group_id": 294,
        "badges_granted": [],
        "version": 1,
        "can_edit": false,
        "can_delete": false,
        "can_recover": false,
        "can_see_hidden_post": false,
        "can_wiki": false,
        "read": false,
        "user_title": null,
        "bookmarked": false,
        "actions_summary": [
          {
            "id": 2,
            "count": 2,
            "can_act": true
          },
          {
            "id": 6,
            "can_act": true
          },
          {
            "id": 3,
            "can_act": true
          },
          {
            "id": 4,
            "can_act": true
          },
          {
            "id": 8,
            "can_act": true
          },
          {
            "id": 10,
            "can_act": true
          },
          {
            "id": 7,
            "can_act": true
          }
        ],
        "moderator": false,
        "admin": false,
        "staff": false,
        "user_id": 16397,
        "hidden": false,
        "trust_level": 1,
        "deleted_at": null,
        "user_deleted": false,
        "edit_reason": null,
        "can_view_edit_history": true,
        "wiki": false,
        "post_url": "/t/ga4-data-sourcing-discussion-thread-tds-jan-2025/165959/3",
        "user_cakedate": "2023-01-27",
        "reactions": [
          {
            "id": "heart",
            "type": "emoji",
            "count": 2
          }
        ],
        "current_user_reaction": null,
        "reaction_users_count": 2,
        "current_user_used_main_reaction": false,
        "can_accept_answer": false,
        "can_unaccept_answer": false,
        "accepted_answer": false,
        "topic_accepted_answer": null
      },
      {
        "id": 588867,
        "name": "Vikram Jeet",
        "username": "24ds2000024",
        "avatar_template": "/user_avatar/discourse.onlinedegree.iitm.ac.in/24ds2000024/{size}/119931_2.png",
        "created_at": "2025-02-01T18:26:06.664Z",
        "cooked": "I have the Same doubt.",
        "post_number": 5,
        "post_type": 1,
        "posts_count": 370,
        "updated_at": "2025-02-01T18:26:06.664Z",
        "reply_count": 1,
        "reply_to_post_number": 4,
        "quote_count": 0,
        "incoming_link_count": 1,
        "reads": 425,
        "readers_count": 424,
        "score": 92.0,
        "yours": false,
        "topic_id": 165959,
        "topic_slug": "ga4-data-sourcing-discussion-thread-tds-jan-2025",
        "display_username": "Vikram Jeet",
        "primary_group_name": "ds-students",
        "flair_name": "ds-students",
        "flair_url": null,
        "flair_bg_color": "",
        "flair_color": "",
        "flair_group_id": 294,
        "badges_granted": [],
        "version": 1,
        "can_edit": false,
        "can_delete": false,
        "can_recover": false,
        "can_see_hidden_post": false,
        "can_wiki": false,
        "read": false,
        "user_title": null,
        "reply_to_user": {
          "id": 11755,
          "username": "21f3002277",
          "name": "VIKASH PRASAD",
          "avatar_template": "/user_avatar/discourse.onlinedegree.iitm.ac.in/21f3002277/{size}/12741_2.png"
        },
        "bookmarked": false,
        "actions_summary": [
          {
            "id": 2,
            "can_act": true
          },
          {
            "id": 6,
            "can_act": true
          },
          {
            "id": 3,
            "can_act": true
          },
          {
            "id": 4,
            "can_act": true
          },
          {
            "id": 8,
            "can_act": true
          },
          {
            "id": 10,
            "can_act": true
          },
          {
            "id": 7,
            "can_act": true
          }
        ],
        "moderator": false,
        "admin": false,
        "staff": false,
        "user_id": 33965,
        "hidden": false,
        "trust_level": 1,
        "deleted_at": null,
        "user_deleted": false,
        "edit_reason": null,
        "can_view_edit_history": true,
        "wiki": false,
        "post_url": "/t/ga4-data-sourcing-discussion-thread-tds-jan-2025/165959/5",
        "user_cakedate": "2024-06-10",
        "reactions": [],
        "current_user_reaction": null,
        "reaction_users_count": 0,
        "current_user_used_main_reaction": false,
        "can_accept_answer": false,
        "can_unaccept_answer": false,
        "accepted_answer": false,
        "topic_accepted_answer": null
      },
      {
        "id": 589057,
        "name": "Anand S",
        "username": "s.anand",
        "avatar_template": "/user_avatar/discourse.onlinedegree.iitm.ac.in/s.anand/{size}/15264_2.png",
        "created_at": "2025-02-02T05:30:16.417Z",
        "cooked": "@22f3001315 @21f3002277 @24ds2000024 \u2013 please try again after reloading the page. The new error message will be clearer, like this:\nError: At [0].rating: Values don't match. Expected: \"7.4\". Actual: 7.4\n\nFYI, we expect all values as strings, not numbers. That\u2019s because the year can sometimes be a range for a TV series (e.g. 2021 - 2024) and the rating can sometimes be missing.",
        "post_number": 6,
        "post_type": 1,
        "posts_count": 370,
        "updated_at": "2025-02-02T05:31:14.750Z",
        "reply_count": 1,
        "reply_to_post_number": 3,
        "quote_count": 0,
        "incoming_link_count": 7,
        "reads": 413,
        "readers_count": 412,
        "score": 165.0,
        "yours": false,
        "topic_id": 165959,
        "topic_slug": "ga4-data-sourcing-discussion-thread-tds-jan-2025",
        "display_username": "Anand S",
        "primary_group_name": "faculty",
        "flair_name": "faculty",
        "flair_url": "chalkboard-user",
        "flair_bg_color": "f2c26e",
        "flair_color": "000",
        "flair_group_id": 54,
        "badges_granted": [],
        "version": 1,
        "can_edit": false,
        "can_delete": false,
        "can_recover": false,
        "can_see_hidden_post": false,
        "can_wiki": false,
        "read": false,
        "user_title": "Course_faculty",
        "title_is_group": true,
        "reply_to_user": {
          "id": 16397,
          "username": "22f3001315",
          "name": "Guddu Kumar Mishra ",
          "avatar_template": "/user_avatar/discourse.onlinedegree.iitm.ac.in/22f3001315/{size}/90556_2.png"
        },
        "bookmarked": false,
        "actions_summary": [
          {
            "id": 2,
            "count": 3,
            "can_act": true
          },
          {
            "id": 6,
            "can_act": true
          },
          {
            "id": 3,
            "can_act": true
          },
          {
            "id": 4,
            "can_act": true
          },
          {
            "id": 8,
            "can_act": true
          },
          {
            "id": 10,
            "can_act": true
          },
          {
            "id": 7,
            "can_act": true
          }
        ],
        "moderator": false,
        "admin": false,
        "staff": false,
        "user_id": 9419,
        "hidden": false,
        "trust_level": 4,
        "deleted_at": null,
        "user_deleted": false,
        "edit_reason": null,
        "can_view_edit_history": true,
        "wiki": false,
        "post_url": "/t/ga4-data-sourcing-discussion-thread-tds-jan-2025/165959/6",
        "user_cakedate": "2022-01-03",
        "reactions": [
          {
            "id": "heart",
            "type": "emoji",
            "count": 3
          }
        ],
        "current_user_reaction": null,
        "reaction_users_count": 3,
        "current_user_used_main_reaction": false,
        "can_accept_answer": false,
        "can_unaccept_answer": false,
        "accepted_answer": false,
        "topic_accepted_answer": null
      },
      {
        "id": 589067,
        "name": "Sakthivel S",
        "username": "23f2000237",
        "avatar_template": "/user_avatar/discourse.onlinedegree.iitm.ac.in/23f2000237/{size}/66999_2.png",
        "created_at": "2025-02-02T05:41:42.494Z",
        "cooked": "In Question 2, it is specifically said to filter the movies however, the evaluator is expecting a TV show there. Should we also include TV shows now?\nedit:  This is an everchanging dataset, so will our answers be saved, as, this json might not be in this order tomorrow?",
        "post_number": 7,
        "post_type": 1,
        "posts_count": 370,
        "updated_at": "2025-02-02T05:46:03.712Z",
        "reply_count": 4,
        "reply_to_post_number": null,
        "quote_count": 0,
        "incoming_link_count": 8,
        "reads": 395,
        "readers_count": 394,
        "score": 152.0,
        "yours": false,
        "topic_id": 165959,
        "topic_slug": "ga4-data-sourcing-discussion-thread-tds-jan-2025",
        "display_username": "Sakthivel S",
        "primary_group_name": "ds-students",
        "flair_name": "ds-students",
        "flair_url": null,
        "flair_bg_color": "",
        "flair_color": "",
        "flair_group_id": 294,
        "badges_granted": [],
        "version": 2,
        "can_edit": false,
        "can_delete": false,
        "can_recover": false,
        "can_see_hidden_post": false,
        "can_wiki": false,
        "read": false,
        "user_title": "",
        "bookmarked": false,
        "actions_summary": [
          {
            "id": 2,
            "count": 1,
            "can_act": true
          },
          {
            "id": 6,
            "can_act": true
          },
          {
            "id": 3,
            "can_act": true
          },
          {
            "id": 4,
            "can_act": true
          },
          {
            "id": 8,
            "can_act": true
          },
          {
            "id": 10,
            "can_act": true
          },
          {
            "id": 7,
            "can_act": true
          }
        ],
        "moderator": false,
        "admin": false,
        "staff": false,
        "user_id": 17862,
        "hidden": false,
        "trust_level": 1,
        "deleted_at": null,
        "user_deleted": false,
        "edit_reason": null,
        "can_view_edit_history": true,
        "wiki": false,
        "post_url": "/t/ga4-data-sourcing-discussion-thread-tds-jan-2025/165959/7",
        "user_cakedate": "2023-06-03",
        "user_birthdate": "1904-08-13",
        "reactions": [
          {
            "id": "heart",
            "type": "emoji",
            "count": 1
          }
        ],
        "current_user_reaction": null,
        "reaction_users_count": 1,
        "current_user_used_main_reaction": false,
        "can_accept_answer": false,
        "can_unaccept_answer": false,
        "accepted_answer": false,
        "topic_accepted_answer": null
      },
      {
        "id": 589072,
        "name": "Anand S",
        "username": "s.anand",
        "avatar_template": "/user_avatar/discourse.onlinedegree.iitm.ac.in/s.anand/{size}/15264_2.png",
        "created_at": "2025-02-02T05:45:48.804Z",
        "cooked": "@23f2000237 A good point. Yes, please include all titles. I\u2019ve reworded the question accordingly. Thanks.",
        "post_number": 8,
        "post_type": 1,
        "posts_count": 370,
        "updated_at": "2025-02-02T05:45:48.804Z",
        "reply_count": 0,
        "reply_to_post_number": 7,
        "quote_count": 0,
        "incoming_link_count": 5,
        "reads": 375,
        "readers_count": 374,
        "score": 112.8,
        "yours": false,
        "topic_id": 165959,
        "topic_slug": "ga4-data-sourcing-discussion-thread-tds-jan-2025",
        "display_username": "Anand S",
        "primary_group_name": "faculty",
        "flair_name": "faculty",
        "flair_url": "chalkboard-user",
        "flair_bg_color": "f2c26e",
        "flair_color": "000",
        "flair_group_id": 54,
        "badges_granted": [],
        "version": 1,
        "can_edit": false,
        "can_delete": false,
        "can_recover": false,
        "can_see_hidden_post": false,
        "can_wiki": false,
        "read": false,
        "user_title": "Course_faculty",
        "title_is_group": true,
        "reply_to_user": {
          "id": 17862,
          "username": "23f2000237",
          "name": "Sakthivel S",
          "avatar_template": "/user_avatar/discourse.onlinedegree.iitm.ac.in/23f2000237/{size}/66999_2.png"
        },
        "bookmarked": false,
        "actions_summary": [
          {
            "id": 2,
            "count": 1,
            "can_act": true
          },
          {
            "id": 6,
            "can_act": true
          },
          {
            "id": 3,
            "can_act": true
          },
          {
            "id": 4,
            "can_act": true
          },
          {
            "id": 8,
            "can_act": true
          },
          {
            "id": 10,
            "can_act": true
          },
          {
            "id": 7,
            "can_act": true
          }
        ],
        "moderator": false,
        "admin": false,
        "staff": false,
        "user_id": 9419,
        "hidden": false,
        "trust_level": 4,
        "deleted_at": null,
        "user_deleted": false,
        "edit_reason": null,
        "can_view_edit_history": true,
        "wiki": false,
        "post_url": "/t/ga4-data-sourcing-discussion-thread-tds-jan-2025/165959/8",
        "user_cakedate": "2022-01-03",
        "reactions": [
          {
            "id": "heart",
            "type": "emoji",
            "count": 1
          }
        ],
        "current_user_reaction": null,
        "reaction_users_count": 1,
        "current_user_used_main_reaction": false,
        "can_accept_answer": false,
        "can_unaccept_answer": false,
        "accepted_answer": false,
        "topic_accepted_answer": null
      },
      {
        "id": 589120,
        "name": "VIKASH PRASAD",
        "username": "21f3002277",
        "avatar_template": "/user_avatar/discourse.onlinedegree.iitm.ac.in/21f3002277/{size}/12741_2.png",
        "created_at": "2025-02-02T06:31:48.149Z",
        "cooked": "Q3. How to handle the error ? @Jivraj\nTypeError: Cannot read properties of null (reading \u20180\u2019)\nhttp://127.0.0.1:8000/api/outline?country=Russia\n\n{\"outline\":\"## Contents\\n# Russia\\n## Etymology\\n## History\\n### Early history\\n### Kievan Rus'\\n### Grand Duchy of Moscow\\n### Tsardom of Russia\\n### Imperial Russia\\n#### Great power and development of society, sciences, and arts\\n#### Great liberal reforms and capitalism\\n#### Constitutional monarchy and World War\\n### Revolution and civil war\\n### Soviet Union\\n#### Command economy and Soviet society\\n#### Stalinism and modernisation\\n#### World War II and United Nations\\n#### Superpower and Cold War\\n#### Khrushchev Thaw reforms and economic development\\n#### Period of developed socialism or Era of Stagnation\\n#### Perestroika, democratisation and Russian sovereignty\\n### Independent Russian Federation\\n#### Transition to a market economy and political crises\\n#### Modern liberal constitution, international cooperation and economic stabilisation\\n#### Movement towards a modernised economy, political centralisation and democratic backsliding\\n#### Invasion of Ukraine\\n## Geography\\n### Climate\\n### Biodiversity\\n## Government and politics\\n### Political divisions\\n### Foreign relations\\n### Military\\n### Human rights\\n### Corruption\\n### Law and crime\\n## Economy\\n### Transport and energy\\n### Agriculture and fishery\\n### Science and technology\\n#### Space exploration\\n### Tourism\\n## Demographics\\n### Language\\n### Religion\\n### Education\\n### Health\\n## Culture\\n### Holidays\\n### Art and architecture\\n### Music\\n### Literature and philosophy\\n### Cuisine\\n### Mass media and cinema\\n### Sports\\n## See also\\n## Notes\\n## References\\n## Sources\\n## Further reading\\n## External links\"}\n\n\nerror resolved",
        "post_number": 9,
        "post_type": 1,
        "posts_count": 370,
        "updated_at": "2025-02-02T13:01:16.516Z",
        "reply_count": 1,
        "reply_to_post_number": null,
        "quote_count": 0,
        "incoming_link_count": 4,
        "reads": 362,
        "readers_count": 361,
        "score": 95.2,
        "yours": false,
        "topic_id": 165959,
        "topic_slug": "ga4-data-sourcing-discussion-thread-tds-jan-2025",
        "display_username": "VIKASH PRASAD",
        "primary_group_name": "ds-students",
        "flair_name": "ds-students",
        "flair_url": null,
        "flair_bg_color": "",
        "flair_color": "",
        "flair_group_id": 294,
        "badges_granted": [],
        "version": 2,
        "can_edit": false,
        "can_delete": false,
        "can_recover": false,
        "can_see_hidden_post": false,
        "can_wiki": false,
        "read": false,
        "user_title": null,
        "bookmarked": false,
        "actions_summary": [
          {
            "id": 2,
            "can_act": true
          },
          {
            "id": 6,
            "can_act": true
          },
          {
            "id": 3,
            "can_act": true
          },
          {
            "id": 4,
            "can_act": true
          },
          {
            "id": 8,
            "can_act": true
          },
          {
            "id": 10,
            "can_act": true
          },
          {
            "id": 7,
            "can_act": true
          }
        ],
        "moderator": false,
        "admin": false,
        "staff": false,
        "user_id": 11755,
        "hidden": false,
        "trust_level": 1,
        "deleted_at": null,
        "user_deleted": false,
        "edit_reason": null,
        "can_view_edit_history": true,
        "wiki": false,
        "post_url": "/t/ga4-data-sourcing-discussion-thread-tds-jan-2025/165959/9",
        "user_cakedate": "2022-02-08",
        "reactions": [],
        "current_user_reaction": null,
        "reaction_users_count": 0,
        "current_user_used_main_reaction": false,
        "can_accept_answer": false,
        "can_unaccept_answer": false,
        "accepted_answer": false,
        "topic_accepted_answer": null
      },
      {
        "id": 589293,
        "name": "Guddu Kumar Mishra ",
        "username": "22f3001315",
        "avatar_template": "/user_avatar/discourse.onlinedegree.iitm.ac.in/22f3001315/{size}/90556_2.png",
        "created_at": "2025-02-02T10:06:04.746Z",
        "cooked": "in my output which is correct\nthere are two \\n instead of one .",
        "post_number": 11,
        "post_type": 1,
        "posts_count": 370,
        "updated_at": "2025-02-02T10:06:04.746Z",
        "reply_count": 1,
        "reply_to_post_number": 9,
        "quote_count": 0,
        "incoming_link_count": 1,
        "reads": 334,
        "readers_count": 333,
        "score": 74.8,
        "yours": false,
        "topic_id": 165959,
        "topic_slug": "ga4-data-sourcing-discussion-thread-tds-jan-2025",
        "display_username": "Guddu Kumar Mishra ",
        "primary_group_name": "ds-students",
        "flair_name": "ds-students",
        "flair_url": null,
        "flair_bg_color": "",
        "flair_color": "",
        "flair_group_id": 294,
        "badges_granted": [],
        "version": 1,
        "can_edit": false,
        "can_delete": false,
        "can_recover": false,
        "can_see_hidden_post": false,
        "can_wiki": false,
        "read": false,
        "user_title": null,
        "reply_to_user": {
          "id": 11755,
          "username": "21f3002277",
          "name": "VIKASH PRASAD",
          "avatar_template": "/user_avatar/discourse.onlinedegree.iitm.ac.in/21f3002277/{size}/12741_2.png"
        },
        "bookmarked": false,
        "actions_summary": [
          {
            "id": 2,
            "can_act": true
          },
          {
            "id": 6,
            "can_act": true
          },
          {
            "id": 3,
            "can_act": true
          },
          {
            "id": 4,
            "can_act": true
          },
          {
            "id": 8,
            "can_act": true
          },
          {
            "id": 10,
            "can_act": true
          },
          {
            "id": 7,
            "can_act": true
          }
        ],
        "moderator": false,
        "admin": false,
        "staff": false,
        "user_id": 16397,
        "hidden": false,
        "trust_level": 1,
        "deleted_at": null,
        "user_deleted": false,
        "edit_reason": null,
        "can_view_edit_history": true,
        "wiki": false,
        "post_url": "/t/ga4-data-sourcing-discussion-thread-tds-jan-2025/165959/11",
        "user_cakedate": "2023-01-27",
        "reactions": [],
        "current_user_reaction": null,
        "reaction_users_count": 0,
        "current_user_used_main_reaction": false,
        "can_accept_answer": false,
        "can_unaccept_answer": false,
        "accepted_answer": false,
        "topic_accepted_answer": null
      },
      {
        "id": 589307,
        "name": "VIKASH PRASAD",
        "username": "21f3002277",
        "avatar_template": "/user_avatar/discourse.onlinedegree.iitm.ac.in/21f3002277/{size}/12741_2.png",
        "created_at": "2025-02-02T10:38:33.945Z",
        "cooked": "it should one(for newline), my code is working now",
        "post_number": 12,
        "post_type": 1,
        "posts_count": 370,
        "updated_at": "2025-02-02T10:40:38.683Z",
        "reply_count": 0,
        "reply_to_post_number": 11,
        "quote_count": 0,
        "incoming_link_count": 1,
        "reads": 332,
        "readers_count": 331,
        "score": 69.2,
        "yours": false,
        "topic_id": 165959,
        "topic_slug": "ga4-data-sourcing-discussion-thread-tds-jan-2025",
        "display_username": "VIKASH PRASAD",
        "primary_group_name": "ds-students",
        "flair_name": "ds-students",
        "flair_url": null,
        "flair_bg_color": "",
        "flair_color": "",
        "flair_group_id": 294,
        "badges_granted": [],
        "version": 1,
        "can_edit": false,
        "can_delete": false,
        "can_recover": false,
        "can_see_hidden_post": false,
        "can_wiki": false,
        "read": false,
        "user_title": null,
        "reply_to_user": {
          "id": 16397,
          "username": "22f3001315",
          "name": "Guddu Kumar Mishra ",
          "avatar_template": "/user_avatar/discourse.onlinedegree.iitm.ac.in/22f3001315/{size}/90556_2.png"
        },
        "bookmarked": false,
        "actions_summary": [
          {
            "id": 2,
            "can_act": true
          },
          {
            "id": 6,
            "can_act": true
          },
          {
            "id": 3,
            "can_act": true
          },
          {
            "id": 4,
            "can_act": true
          },
          {
            "id": 8,
            "can_act": true
          },
          {
            "id": 10,
            "can_act": true
          },
          {
            "id": 7,
            "can_act": true
          }
        ],
        "moderator": false,
        "admin": false,
        "staff": false,
        "user_id": 11755,
        "hidden": false,
        "trust_level": 1,
        "deleted_at": null,
        "user_deleted": false,
        "edit_reason": null,
        "can_view_edit_history": true,
        "wiki": false,
        "post_url": "/t/ga4-data-sourcing-discussion-thread-tds-jan-2025/165959/12",
        "user_cakedate": "2022-02-08",
        "reactions": [],
        "current_user_reaction": null,
        "reaction_users_count": 0,
        "current_user_used_main_reaction": false,
        "can_accept_answer": false,
        "can_unaccept_answer": false,
        "accepted_answer": false,
        "topic_accepted_answer": null
      },
      {
        "id": 589366,
        "name": "Vikram Jeet",
        "username": "24ds2000024",
        "avatar_template": "/user_avatar/discourse.onlinedegree.iitm.ac.in/24ds2000024/{size}/119931_2.png",
        "created_at": "2025-02-02T11:54:35.123Z",
        "cooked": "Dear Sir,\nI was at 2/10 yesterday. After pasting JSON file of IMDB & reloading as suggested My marks updated to 3/10. Kindly confirm if I have got whole of IMDB question.",
        "post_number": 13,
        "post_type": 1,
        "posts_count": 370,
        "updated_at": "2025-02-02T11:54:35.123Z",
        "reply_count": 1,
        "reply_to_post_number": 6,
        "quote_count": 0,
        "incoming_link_count": 2,
        "reads": 327,
        "readers_count": 326,
        "score": 78.8,
        "yours": false,
        "topic_id": 165959,
        "topic_slug": "ga4-data-sourcing-discussion-thread-tds-jan-2025",
        "display_username": "Vikram Jeet",
        "primary_group_name": "ds-students",
        "flair_name": "ds-students",
        "flair_url": null,
        "flair_bg_color": "",
        "flair_color": "",
        "flair_group_id": 294,
        "badges_granted": [],
        "version": 1,
        "can_edit": false,
        "can_delete": false,
        "can_recover": false,
        "can_see_hidden_post": false,
        "can_wiki": false,
        "read": false,
        "user_title": null,
        "reply_to_user": {
          "id": 9419,
          "username": "s.anand",
          "name": "Anand S",
          "avatar_template": "/user_avatar/discourse.onlinedegree.iitm.ac.in/s.anand/{size}/15264_2.png"
        },
        "bookmarked": false,
        "actions_summary": [
          {
            "id": 2,
            "can_act": true
          },
          {
            "id": 6,
            "can_act": true
          },
          {
            "id": 3,
            "can_act": true
          },
          {
            "id": 4,
            "can_act": true
          },
          {
            "id": 8,
            "can_act": true
          },
          {
            "id": 10,
            "can_act": true
          },
          {
            "id": 7,
            "can_act": true
          }
        ],
        "moderator": false,
        "admin": false,
        "staff": false,
        "user_id": 33965,
        "hidden": false,
        "trust_level": 1,
        "deleted_at": null,
        "user_deleted": false,
        "edit_reason": null,
        "can_view_edit_history": true,
        "wiki": false,
        "post_url": "/t/ga4-data-sourcing-discussion-thread-tds-jan-2025/165959/13",
        "user_cakedate": "2024-06-10",
        "reactions": [],
        "current_user_reaction": null,
        "reaction_users_count": 0,
        "current_user_used_main_reaction": false,
        "can_accept_answer": false,
        "can_unaccept_answer": false,
        "accepted_answer": false,
        "topic_accepted_answer": null
      },
      {
        "id": 589408,
        "name": "VIKASH PRASAD",
        "username": "21f3002277",
        "avatar_template": "/user_avatar/discourse.onlinedegree.iitm.ac.in/21f3002277/{size}/12741_2.png",
        "created_at": "2025-02-02T13:00:36.181Z",
        "cooked": "Q4. How to handle the error ? @Jivraj\nError: At 2025-02-05: Values don\u2019t match",
        "post_number": 14,
        "post_type": 1,
        "posts_count": 370,
        "updated_at": "2025-02-02T13:00:36.181Z",
        "reply_count": 2,
        "reply_to_post_number": null,
        "quote_count": 0,
        "incoming_link_count": 4,
        "reads": 314,
        "readers_count": 313,
        "score": 91.0,
        "yours": false,
        "topic_id": 165959,
        "topic_slug": "ga4-data-sourcing-discussion-thread-tds-jan-2025",
        "display_username": "VIKASH PRASAD",
        "primary_group_name": "ds-students",
        "flair_name": "ds-students",
        "flair_url": null,
        "flair_bg_color": "",
        "flair_color": "",
        "flair_group_id": 294,
        "badges_granted": [],
        "version": 1,
        "can_edit": false,
        "can_delete": false,
        "can_recover": false,
        "can_see_hidden_post": false,
        "can_wiki": false,
        "read": false,
        "user_title": null,
        "bookmarked": false,
        "actions_summary": [
          {
            "id": 2,
            "can_act": true
          },
          {
            "id": 6,
            "can_act": true
          },
          {
            "id": 3,
            "can_act": true
          },
          {
            "id": 4,
            "can_act": true
          },
          {
            "id": 8,
            "can_act": true
          },
          {
            "id": 10,
            "can_act": true
          },
          {
            "id": 7,
            "can_act": true
          }
        ],
        "moderator": false,
        "admin": false,
        "staff": false,
        "user_id": 11755,
        "hidden": false,
        "trust_level": 1,
        "deleted_at": null,
        "user_deleted": false,
        "edit_reason": null,
        "can_view_edit_history": true,
        "wiki": false,
        "post_url": "/t/ga4-data-sourcing-discussion-thread-tds-jan-2025/165959/14",
        "user_cakedate": "2022-02-08",
        "reactions": [],
        "current_user_reaction": null,
        "reaction_users_count": 0,
        "current_user_used_main_reaction": false,
        "can_accept_answer": false,
        "can_unaccept_answer": false,
        "accepted_answer": false,
        "topic_accepted_answer": null
      },
      {
        "id": 590055,
        "name": "K Hari Prasath",
        "username": "23f2003853",
        "avatar_template": "/user_avatar/discourse.onlinedegree.iitm.ac.in/23f2003853/{size}/67184_2.png",
        "created_at": "2025-02-03T00:37:01.721Z",
        "cooked": "There is no submit button is available in below screen. Is it fine to save the link url only. Please clarify (unless we click submit button the log of Graded Assignment 4 remains red)\nimage1920\u00d71080 337 KB",
        "post_number": 15,
        "post_type": 1,
        "posts_count": 370,
        "updated_at": "2025-02-03T00:37:01.721Z",
        "reply_count": 4,
        "reply_to_post_number": null,
        "quote_count": 0,
        "incoming_link_count": 1,
        "reads": 321,
        "readers_count": 320,
        "score": 87.2,
        "yours": false,
        "topic_id": 165959,
        "topic_slug": "ga4-data-sourcing-discussion-thread-tds-jan-2025",
        "display_username": "K Hari Prasath",
        "primary_group_name": "ds-students",
        "flair_name": "ds-students",
        "flair_url": null,
        "flair_bg_color": "",
        "flair_color": "",
        "flair_group_id": 294,
        "badges_granted": [],
        "version": 1,
        "can_edit": false,
        "can_delete": false,
        "can_recover": false,
        "can_see_hidden_post": false,
        "can_wiki": false,
        "read": false,
        "user_title": null,
        "bookmarked": false,
        "actions_summary": [
          {
            "id": 2,
            "can_act": true
          },
          {
            "id": 6,
            "can_act": true
          },
          {
            "id": 3,
            "can_act": true
          },
          {
            "id": 4,
            "can_act": true
          },
          {
            "id": 8,
            "can_act": true
          },
          {
            "id": 10,
            "can_act": true
          },
          {
            "id": 7,
            "can_act": true
          }
        ],
        "moderator": false,
        "admin": false,
        "staff": false,
        "user_id": 21529,
        "hidden": false,
        "trust_level": 1,
        "deleted_at": null,
        "user_deleted": false,
        "edit_reason": null,
        "can_view_edit_history": true,
        "wiki": false,
        "post_url": "/t/ga4-data-sourcing-discussion-thread-tds-jan-2025/165959/15",
        "user_cakedate": "2023-09-18",
        "reactions": [],
        "current_user_reaction": null,
        "reaction_users_count": 0,
        "current_user_used_main_reaction": false,
        "can_accept_answer": false,
        "can_unaccept_answer": false,
        "accepted_answer": false,
        "topic_accepted_answer": null
      },
      {
        "id": 590227,
        "name": "Sakthivel S",
        "username": "23f2000237",
        "avatar_template": "/user_avatar/discourse.onlinedegree.iitm.ac.in/23f2000237/{size}/66999_2.png",
        "created_at": "2025-02-03T10:06:13.753Z",
        "cooked": "I have a doubt regarding the bonus mark. Suppose someone were to get 10/10 in the assignment, would their mark be recored as 11/10 or just 10?\n(Assuming they have interacted in this thread)",
        "post_number": 16,
        "post_type": 1,
        "posts_count": 370,
        "updated_at": "2025-02-03T10:06:53.469Z",
        "reply_count": 1,
        "reply_to_post_number": null,
        "quote_count": 0,
        "incoming_link_count": 8,
        "reads": 302,
        "readers_count": 301,
        "score": 103.6,
        "yours": false,
        "topic_id": 165959,
        "topic_slug": "ga4-data-sourcing-discussion-thread-tds-jan-2025",
        "display_username": "Sakthivel S",
        "primary_group_name": "ds-students",
        "flair_name": "ds-students",
        "flair_url": null,
        "flair_bg_color": "",
        "flair_color": "",
        "flair_group_id": 294,
        "badges_granted": [],
        "version": 1,
        "can_edit": false,
        "can_delete": false,
        "can_recover": false,
        "can_see_hidden_post": false,
        "can_wiki": false,
        "read": false,
        "user_title": "",
        "bookmarked": false,
        "actions_summary": [
          {
            "id": 2,
            "can_act": true
          },
          {
            "id": 6,
            "can_act": true
          },
          {
            "id": 3,
            "can_act": true
          },
          {
            "id": 4,
            "can_act": true
          },
          {
            "id": 8,
            "can_act": true
          },
          {
            "id": 10,
            "can_act": true
          },
          {
            "id": 7,
            "can_act": true
          }
        ],
        "moderator": false,
        "admin": false,
        "staff": false,
        "user_id": 17862,
        "hidden": false,
        "trust_level": 1,
        "deleted_at": null,
        "user_deleted": false,
        "edit_reason": null,
        "can_view_edit_history": true,
        "wiki": false,
        "post_url": "/t/ga4-data-sourcing-discussion-thread-tds-jan-2025/165959/16",
        "user_cakedate": "2023-06-03",
        "user_birthdate": "1904-08-13",
        "reactions": [],
        "current_user_reaction": null,
        "reaction_users_count": 0,
        "current_user_used_main_reaction": false,
        "can_accept_answer": false,
        "can_unaccept_answer": false,
        "accepted_answer": false,
        "topic_accepted_answer": null
      },
      {
        "id": 590239,
        "name": "Anand S",
        "username": "s.anand",
        "avatar_template": "/user_avatar/discourse.onlinedegree.iitm.ac.in/s.anand/{size}/15264_2.png",
        "created_at": "2025-02-03T11:16:46.279Z",
        "cooked": "Anyone scoring 10/10 on GA4 and replying with a relevant message on this thread will get 11/10 ",
        "post_number": 17,
        "post_type": 1,
        "posts_count": 370,
        "updated_at": "2025-02-03T11:17:26.204Z",
        "reply_count": 3,
        "reply_to_post_number": 16,
        "quote_count": 0,
        "incoming_link_count": 2,
        "reads": 298,
        "readers_count": 297,
        "score": 172.8,
        "yours": false,
        "topic_id": 165959,
        "topic_slug": "ga4-data-sourcing-discussion-thread-tds-jan-2025",
        "display_username": "Anand S",
        "primary_group_name": "faculty",
        "flair_name": "faculty",
        "flair_url": "chalkboard-user",
        "flair_bg_color": "f2c26e",
        "flair_color": "000",
        "flair_group_id": 54,
        "badges_granted": [],
        "version": 1,
        "can_edit": false,
        "can_delete": false,
        "can_recover": false,
        "can_see_hidden_post": false,
        "can_wiki": false,
        "read": false,
        "user_title": "Course_faculty",
        "title_is_group": true,
        "reply_to_user": {
          "id": 17862,
          "username": "23f2000237",
          "name": "Sakthivel S",
          "avatar_template": "/user_avatar/discourse.onlinedegree.iitm.ac.in/23f2000237/{size}/66999_2.png"
        },
        "bookmarked": false,
        "actions_summary": [
          {
            "id": 2,
            "count": 6,
            "can_act": true
          },
          {
            "id": 6,
            "can_act": true
          },
          {
            "id": 3,
            "can_act": true
          },
          {
            "id": 4,
            "can_act": true
          },
          {
            "id": 8,
            "can_act": true
          },
          {
            "id": 10,
            "can_act": true
          },
          {
            "id": 7,
            "can_act": true
          }
        ],
        "moderator": false,
        "admin": false,
        "staff": false,
        "user_id": 9419,
        "hidden": false,
        "trust_level": 4,
        "deleted_at": null,
        "user_deleted": false,
        "edit_reason": null,
        "can_view_edit_history": true,
        "wiki": false,
        "post_url": "/t/ga4-data-sourcing-discussion-thread-tds-jan-2025/165959/17",
        "user_cakedate": "2022-01-03",
        "reactions": [
          {
            "id": "heart",
            "type": "emoji",
            "count": 6
          }
        ],
        "current_user_reaction": null,
        "reaction_users_count": 6,
        "current_user_used_main_reaction": false,
        "can_accept_answer": false,
        "can_unaccept_answer": false,
        "accepted_answer": false,
        "topic_accepted_answer": null
      },
      {
        "id": 590243,
        "name": "K Hari Prasath",
        "username": "23f2003853",
        "avatar_template": "/user_avatar/discourse.onlinedegree.iitm.ac.in/23f2003853/{size}/67184_2.png",
        "created_at": "2025-02-03T11:38:10.970Z",
        "cooked": "For me I just made filter of rating between 2 and 7 in site and typed in console as per  video. with that data got in console worked fine.\ncopy the coding and save in place use it for data extract when finally submit",
        "post_number": 18,
        "post_type": 1,
        "posts_count": 370,
        "updated_at": "2025-02-03T11:38:10.970Z",
        "reply_count": 0,
        "reply_to_post_number": 7,
        "quote_count": 0,
        "incoming_link_count": 3,
        "reads": 290,
        "readers_count": 289,
        "score": 86.2,
        "yours": false,
        "topic_id": 165959,
        "topic_slug": "ga4-data-sourcing-discussion-thread-tds-jan-2025",
        "display_username": "K Hari Prasath",
        "primary_group_name": "ds-students",
        "flair_name": "ds-students",
        "flair_url": null,
        "flair_bg_color": "",
        "flair_color": "",
        "flair_group_id": 294,
        "badges_granted": [],
        "version": 1,
        "can_edit": false,
        "can_delete": false,
        "can_recover": false,
        "can_see_hidden_post": false,
        "can_wiki": false,
        "read": false,
        "user_title": null,
        "reply_to_user": {
          "id": 17862,
          "username": "23f2000237",
          "name": "Sakthivel S",
          "avatar_template": "/user_avatar/discourse.onlinedegree.iitm.ac.in/23f2000237/{size}/66999_2.png"
        },
        "bookmarked": false,
        "actions_summary": [
          {
            "id": 2,
            "count": 1,
            "can_act": true
          },
          {
            "id": 6,
            "can_act": true
          },
          {
            "id": 3,
            "can_act": true
          },
          {
            "id": 4,
            "can_act": true
          },
          {
            "id": 8,
            "can_act": true
          },
          {
            "id": 10,
            "can_act": true
          },
          {
            "id": 7,
            "can_act": true
          }
        ],
        "moderator": false,
        "admin": false,
        "staff": false,
        "user_id": 21529,
        "hidden": false,
        "trust_level": 1,
        "deleted_at": null,
        "user_deleted": false,
        "edit_reason": null,
        "can_view_edit_history": true,
        "wiki": false,
        "post_url": "/t/ga4-data-sourcing-discussion-thread-tds-jan-2025/165959/18",
        "user_cakedate": "2023-09-18",
        "reactions": [
          {
            "id": "heart",
            "type": "emoji",
            "count": 1
          }
        ],
        "current_user_reaction": null,
        "reaction_users_count": 1,
        "current_user_used_main_reaction": false,
        "can_accept_answer": false,
        "can_unaccept_answer": false,
        "accepted_answer": false,
        "topic_accepted_answer": null
      },
      {
        "id": 590374,
        "name": "Maheshwar Ture",
        "username": "22f2000113",
        "avatar_template": "/user_avatar/discourse.onlinedegree.iitm.ac.in/22f2000113/{size}/67775_2.png",
        "created_at": "2025-02-03T16:46:46.395Z",
        "cooked": "For question 2 getting Error: At [8].title: Values don\u2019t match. Expected: \u201c9. Un matrimonio di troppo\u201d. Actual: \u201c9. You\u2019re Cordially Invited\u201d But this movie is not found when searched by name\nimage1414\u00d7295 19 KB",
        "post_number": 19,
        "post_type": 1,
        "posts_count": 370,
        "updated_at": "2025-02-04T03:18:36.015Z",
        "reply_count": 3,
        "reply_to_post_number": null,
        "quote_count": 0,
        "incoming_link_count": 3,
        "reads": 312,
        "readers_count": 311,
        "score": 105.2,
        "yours": false,
        "topic_id": 165959,
        "topic_slug": "ga4-data-sourcing-discussion-thread-tds-jan-2025",
        "display_username": "Maheshwar Ture",
        "primary_group_name": "ds-students",
        "flair_name": "ds-students",
        "flair_url": null,
        "flair_bg_color": "",
        "flair_color": "",
        "flair_group_id": 294,
        "badges_granted": [],
        "version": 2,
        "can_edit": false,
        "can_delete": false,
        "can_recover": false,
        "can_see_hidden_post": false,
        "can_wiki": false,
        "read": false,
        "user_title": null,
        "bookmarked": false,
        "actions_summary": [
          {
            "id": 2,
            "count": 1,
            "can_act": true
          },
          {
            "id": 6,
            "can_act": true
          },
          {
            "id": 3,
            "can_act": true
          },
          {
            "id": 4,
            "can_act": true
          },
          {
            "id": 8,
            "can_act": true
          },
          {
            "id": 10,
            "can_act": true
          },
          {
            "id": 7,
            "can_act": true
          }
        ],
        "moderator": false,
        "admin": false,
        "staff": false,
        "user_id": 22530,
        "hidden": false,
        "trust_level": 1,
        "deleted_at": null,
        "user_deleted": false,
        "edit_reason": null,
        "can_view_edit_history": true,
        "wiki": false,
        "post_url": "/t/ga4-data-sourcing-discussion-thread-tds-jan-2025/165959/19",
        "user_cakedate": "2023-09-23",
        "reactions": [
          {
            "id": "heart",
            "type": "emoji",
            "count": 1
          }
        ],
        "current_user_reaction": null,
        "reaction_users_count": 1,
        "current_user_used_main_reaction": false,
        "can_accept_answer": false,
        "can_unaccept_answer": false,
        "accepted_answer": false,
        "topic_accepted_answer": null
      },
      {
        "id": 590429,
        "name": "Nilay Chugh",
        "username": "nilaychugh",
        "avatar_template": "/user_avatar/discourse.onlinedegree.iitm.ac.in/nilaychugh/{size}/84996_2.png",
        "created_at": "2025-02-04T03:28:57.489Z",
        "cooked": "how to get the BBC weather API key?",
        "post_number": 20,
        "post_type": 1,
        "posts_count": 370,
        "updated_at": "2025-02-04T03:28:57.489Z",
        "reply_count": 3,
        "reply_to_post_number": null,
        "quote_count": 0,
        "incoming_link_count": 3,
        "reads": 305,
        "readers_count": 304,
        "score": 119.2,
        "yours": false,
        "topic_id": 165959,
        "topic_slug": "ga4-data-sourcing-discussion-thread-tds-jan-2025",
        "display_username": "Nilay Chugh",
        "primary_group_name": "ds-students",
        "flair_name": "ds-students",
        "flair_url": null,
        "flair_bg_color": "",
        "flair_color": "",
        "flair_group_id": 294,
        "badges_granted": [],
        "version": 1,
        "can_edit": false,
        "can_delete": false,
        "can_recover": false,
        "can_see_hidden_post": false,
        "can_wiki": false,
        "read": false,
        "user_title": null,
        "bookmarked": false,
        "actions_summary": [
          {
            "id": 2,
            "count": 2,
            "can_act": true
          },
          {
            "id": 6,
            "can_act": true
          },
          {
            "id": 3,
            "can_act": true
          },
          {
            "id": 4,
            "can_act": true
          },
          {
            "id": 8,
            "can_act": true
          },
          {
            "id": 10,
            "can_act": true
          },
          {
            "id": 7,
            "can_act": true
          }
        ],
        "moderator": false,
        "admin": false,
        "staff": false,
        "user_id": 23523,
        "hidden": false,
        "trust_level": 1,
        "deleted_at": null,
        "user_deleted": false,
        "edit_reason": null,
        "can_view_edit_history": true,
        "wiki": false,
        "post_url": "/t/ga4-data-sourcing-discussion-thread-tds-jan-2025/165959/20",
        "user_cakedate": "2023-10-04",
        "reactions": [
          {
            "id": "heart",
            "type": "emoji",
            "count": 2
          }
        ],
        "current_user_reaction": null,
        "reaction_users_count": 2,
        "current_user_used_main_reaction": false,
        "can_accept_answer": false,
        "can_unaccept_answer": false,
        "accepted_answer": false,
        "topic_accepted_answer": null
      },
      {
        "id": 590455,
        "name": "Joel Jeffrey",
        "username": "JoelJeffrey",
        "avatar_template": "/user_avatar/discourse.onlinedegree.iitm.ac.in/joeljeffrey/{size}/12985_2.png",
        "created_at": "2025-02-04T05:47:12.930Z",
        "cooked": "Just a quick query on the Bonus mark.\nWould this be added to the final grade? Say for example, Someone get a full score in the first 4 assignments. So the total comes up to 39.5/39.5, and would be converted to 0.15 or 15 marks. Would the bonus mark be additional to that 15 or would the score change to 40.5/39.5 and then get normalised to 15?",
        "post_number": 21,
        "post_type": 1,
        "posts_count": 370,
        "updated_at": "2025-02-04T05:47:12.930Z",
        "reply_count": 1,
        "reply_to_post_number": null,
        "quote_count": 0,
        "incoming_link_count": 0,
        "reads": 300,
        "readers_count": 299,
        "score": 63.2,
        "yours": false,
        "topic_id": 165959,
        "topic_slug": "ga4-data-sourcing-discussion-thread-tds-jan-2025",
        "display_username": "Joel Jeffrey",
        "primary_group_name": "ds-students",
        "flair_name": "ds-students",
        "flair_url": null,
        "flair_bg_color": "",
        "flair_color": "",
        "flair_group_id": 294,
        "badges_granted": [],
        "version": 1,
        "can_edit": false,
        "can_delete": false,
        "can_recover": false,
        "can_see_hidden_post": false,
        "can_wiki": false,
        "read": false,
        "user_title": null,
        "bookmarked": false,
        "actions_summary": [
          {
            "id": 2,
            "can_act": true
          },
          {
            "id": 6,
            "can_act": true
          },
          {
            "id": 3,
            "can_act": true
          },
          {
            "id": 4,
            "can_act": true
          },
          {
            "id": 8,
            "can_act": true
          },
          {
            "id": 10,
            "can_act": true
          },
          {
            "id": 7,
            "can_act": true
          }
        ],
        "moderator": false,
        "admin": false,
        "staff": false,
        "user_id": 8846,
        "hidden": false,
        "trust_level": 1,
        "deleted_at": null,
        "user_deleted": false,
        "edit_reason": null,
        "can_view_edit_history": true,
        "wiki": false,
        "post_url": "/t/ga4-data-sourcing-discussion-thread-tds-jan-2025/165959/21",
        "user_cakedate": "2021-12-30",
        "reactions": [],
        "current_user_reaction": null,
        "reaction_users_count": 0,
        "current_user_used_main_reaction": false,
        "can_accept_answer": false,
        "can_unaccept_answer": false,
        "accepted_answer": false,
        "topic_accepted_answer": null
      },
      {
        "id": 590467,
        "name": "Anand S",
        "username": "s.anand",
        "avatar_template": "/user_avatar/discourse.onlinedegree.iitm.ac.in/s.anand/{size}/15264_2.png",
        "created_at": "2025-02-04T06:15:20.501Z",
        "cooked": "@JoelJeffrey It will be added to the GA4 marks, not the final grade. So, it\u2019s roughly worth 0.15% on the total - not a full 1% on the total.",
        "post_number": 22,
        "post_type": 1,
        "posts_count": 370,
        "updated_at": "2025-02-04T06:15:20.501Z",
        "reply_count": 0,
        "reply_to_post_number": 21,
        "quote_count": 0,
        "incoming_link_count": 0,
        "reads": 288,
        "readers_count": 287,
        "score": 55.8,
        "yours": false,
        "topic_id": 165959,
        "topic_slug": "ga4-data-sourcing-discussion-thread-tds-jan-2025",
        "display_username": "Anand S",
        "primary_group_name": "faculty",
        "flair_name": "faculty",
        "flair_url": "chalkboard-user",
        "flair_bg_color": "f2c26e",
        "flair_color": "000",
        "flair_group_id": 54,
        "badges_granted": [],
        "version": 1,
        "can_edit": false,
        "can_delete": false,
        "can_recover": false,
        "can_see_hidden_post": false,
        "can_wiki": false,
        "read": false,
        "user_title": "Course_faculty",
        "title_is_group": true,
        "reply_to_user": {
          "id": 8846,
          "username": "JoelJeffrey",
          "name": "Joel Jeffrey",
          "avatar_template": "/user_avatar/discourse.onlinedegree.iitm.ac.in/joeljeffrey/{size}/12985_2.png"
        },
        "bookmarked": false,
        "actions_summary": [
          {
            "id": 2,
            "can_act": true
          },
          {
            "id": 6,
            "can_act": true
          },
          {
            "id": 3,
            "can_act": true
          },
          {
            "id": 4,
            "can_act": true
          },
          {
            "id": 8,
            "can_act": true
          },
          {
            "id": 10,
            "can_act": true
          },
          {
            "id": 7,
            "can_act": true
          }
        ],
        "moderator": false,
        "admin": false,
        "staff": false,
        "user_id": 9419,
        "hidden": false,
        "trust_level": 4,
        "deleted_at": null,
        "user_deleted": false,
        "edit_reason": null,
        "can_view_edit_history": true,
        "wiki": false,
        "post_url": "/t/ga4-data-sourcing-discussion-thread-tds-jan-2025/165959/22",
        "user_cakedate": "2022-01-03",
        "reactions": [],
        "current_user_reaction": null,
        "reaction_users_count": 0,
        "current_user_used_main_reaction": false,
        "can_accept_answer": false,
        "can_unaccept_answer": false,
        "accepted_answer": false,
        "topic_accepted_answer": null
      }
    ],
    "stream": [
      588325,
      588326,
      588589,
      588867,
      589057,
      589067,
      589072,
      589120,
      589293,
      589307,
      589366,
      589408,
      590055,
      590227,
      590239,
      590243,
      590374,
      590429,
      590455,
      590467,
      590495,
      590508,
      590528,
      590642,
      590658,
      590665,
      590696,
      590699,
      590732,
      590733,
      590735,
      590739,
      590742,
      590747,
      590764,
      590779,
      590781,
      590782,
      590798,
      590870,
      590937,
      591019,
      591027,
      591032,
      591035,
      591037,
      591042,
      591052,
      591057,
      591084,
      591083,
      591089,
      591092,
      591093,
      591098,
      591102,
      591103,
      591108,
      591109,
      591114,
      591127,
      591132,
      591138,
      591145,
      591152,
      591173,
      591190,
      591191,
      591192,
      591193,
      591194,
      591195,
      591196,
      591197,
      591199,
      591200,
      591204,
      591209,
      591212,
      591251,
      590704,
      591265,
      591266,
      591276,
      591280,
      591290,
      591301,
      591322,
      591331,
      591418,
      591417,
      591469,
      591471,
      591472,
      591473,
      591475,
      591476,
      591487,
      591503,
      591517,
      591544,
      591545,
      591549,
      591551,
      591572,
      591573,
      591580,
      591584,
      591585,
      591596,
      591636,
      591802,
      591805,
      591812,
      591815,
      591818,
      591829,
      591830,
      591834,
      591838,
      591840,
      591850,
      591866,
      591868,
      591873,
      591875,
      591877,
      591880,
      591884,
      591885,
      591886,
      591968,
      591972,
      591982,
      591998,
      592004,
      592006,
      592007,
      592008,
      592019,
      592021,
      592049,
      592057,
      592059,
      592064,
      592065,
      592071,
      592074,
      592115,
      592123,
      592125,
      592126,
      592139,
      592141,
      592144,
      592148,
      592154,
      592167,
      592168,
      592172,
      592174,
      592175,
      592176,
      592210,
      592233,
      592234,
      592235,
      592259,
      592263,
      592271,
      592280,
      592287,
      592289,
      592290,
      592293,
      592296,
      592312,
      592316,
      592318,
      592323,
      592324,
      592325,
      592326,
      592327,
      592337,
      592338,
      592343,
      592344,
      592346,
      592368,
      592375,
      592378,
      592386,
      592389,
      592391,
      592394,
      592398,
      592420,
      592421,
      592422,
      592426,
      592433,
      592437,
      592439,
      592443,
      592444,
      592453,
      592462,
      592470,
      592471,
      592472,
      592476,
      592477,
      592478,
      592480,
      592497,
      592498,
      592507,
      592509,
      592511,
      592515,
      592522,
      592534,
      592536,
      592546,
      592548,
      592553,
      592556,
      592560,
      592586,
      592591,
      592604,
      592607,
      592616,
      592618,
      592624,
      592625,
      592629,
      592631,
      592632,
      592641,
      592647,
      592684,
      592689,
      592691,
      592704,
      592707,
      592721,
      592725,
      592727,
      592730,
      592734,
      592736,
      592750,
      592768,
      592801,
      592803,
      592809,
      592820,
      592821,
      592851,
      592864,
      592869,
      592877,
      592879,
      592886,
      592901,
      592902,
      592913,
      592917,
      592924,
      592925,
      592928,
      592934,
      592938,
      592942,
      592949,
      592950,
      592953,
      592954,
      592960,
      592968,
      592971,
      592973,
      592978,
      592982,
      592984,
      592991,
      592995,
      592996,
      593009,
      593014,
      593020,
      593023,
      593024,
      593028,
      593029,
      593030,
      593031,
      593034,
      593036,
      593039,
      593040,
      593043,
      593053,
      593060,
      593062,
      593068,
      593073,
      593075,
      593085,
      593088,
      593093,
      593094,
      593095,
      593097,
      593099,
      593102,
      593103,
      593125,
      593130,
      593144,
      593151,
      593157,
      593167,
      593171,
      593188,
      593189,
      593207,
      593208,
      593210,
      593218,
      593220,
      593228,
      593231,
      593232,
      593233,
      593240,
      593242,
      593247,
      593249,
      593254,
      593259,
      593261,
      593262,
      593265,
      593270,
      593271,
      593274,
      593345,
      593528,
      593703,
      593777,
      593779,
      593781,
      593895,
      593943,
      594679,
      596704,
      596713,
      596723,
      596735,
      596759,
      596760,
      596779,
      596812,
      596902,
      596904,
      596924,
      598870
    ]
  },
  "timeline_lookup": [
    [
      1,
      132
    ],
    [
      3,
      131
    ],
    [
      5,
      130
    ],
    [
      15,
      129
    ],
    [
      19,
      128
    ],
    [
      29,
      127
    ],
    [
      43,
      126
    ],
    [
      81,
      128
    ],
    [
      83,
      126
    ],
    [
      91,
      125
    ],
    [
      133,
      124
    ],
    [
      187,
      123
    ],
    [
      351,
      122
    ],
    [
      353,
      121
    ],
    [
      359,
      114
    ],
    [
      367,
      113
    ],
    [
      370,
      108
    ]
  ],
  "tags": [
    "announcement",
    "term1-2025",
    "graded-assignment",
    "week-4"
  ],
  "tags_descriptions": {},
  "id": 165959,
  "title": "GA4 - Data Sourcing - Discussion Thread [TDS Jan 2025]",
  "fancy_title": "GA4 - Data Sourcing - Discussion Thread [TDS Jan 2025]",
  "posts_count": 370,
  "created_at": "2025-01-31T16:13:36.376Z",
  "views": 1366,
  "reply_count": 271,
  "like_count": 81,
  "last_posted_at": "2025-02-24T05:46:12.726Z",
  "visible": true,
  "closed": false,
  "archived": false,
  "has_summary": true,
  "archetype": "regular",
  "slug": "ga4-data-sourcing-discussion-thread-tds-jan-2025",
  "category_id": 34,
  "word_count": 14471,
  "deleted_at": null,
  "user_id": 9419,
  "featured_link": null,
  "pinned_globally": false,
  "pinned_at": null,
  "pinned_until": null,
  "image_url": null,
  "slow_mode_seconds": 0,
  "draft": null,
  "draft_key": "topic_165959",
  "draft_sequence": 0,
  "unpinned": null,
  "pinned": false,
  "current_post_number": 1,
  "highest_post_number": 392,
  "deleted_by": null,
  "actions_summary": [
    {
      "id": 4,
      "count": 0,
      "hidden": false,
      "can_act": true
    },
    {
      "id": 8,
      "count": 0,
      "hidden": false,
      "can_act": true
    },
    {
      "id": 10,
      "count": 0,
      "hidden": false,
      "can_act": true
    },
    {
      "id": 7,
      "count": 0,
      "hidden": false,
      "can_act": true
    }
  ],
  "chunk_size": 20,
  "bookmarked": false,
  "topic_timer": null,
  "message_bus_last_id": 29,
  "participant_count": 151,
  "show_read_indicator": false,
  "thumbnails": null,
  "slow_mode_enabled_until": null,
  "tags_disable_ads": false,
  "related_topics": null,
  "summarizable": false,
  "indirectly_assigned_to": {
    "596735": {
      "assigned_to": {
        "username": "carlton",
        "name": "Carlton D'Silva",
        "avatar_template": "/user_avatar/discourse.onlinedegree.iitm.ac.in/carlton/{size}/56317_2.png"
      },
      "post_number": 384,
      "assignment_note": null,
      "assignment_status": null
    }
  },
  "valid_reactions": [
    "heart",
    "+1",
    "laughing",
    "open_mouth",
    "clap",
    "confetti_ball",
    "rocket",
    "-1"
  ],
  "can_vote": false,
  "vote_count": 0,
  "user_voted": false,
  "discourse_zendesk_plugin_zendesk_id": null,
  "discourse_zendesk_plugin_zendesk_url": "https://your-url.zendesk.com/agent/tickets/",
  "details": {
    "can_edit": false,
    "notification_level": 1,
    "can_create_post": true,
    "can_reply_as_new_topic": true,
    "can_flag_topic": true,
    "participants": [
      {
        "id": 21529,
        "username": "23f2003853",
        "name": "K Hari Prasath",
        "avatar_template": "/user_avatar/discourse.onlinedegree.iitm.ac.in/23f2003853/{size}/67184_2.png",
        "post_count": 24,
        "primary_group_name": "ds-students",
        "flair_name": "ds-students",
        "flair_url": null,
        "flair_color": "",
        "flair_bg_color": "",
        "flair_group_id": 294,
        "trust_level": 1
      },
      {
        "id": 7742,
        "username": "21f3000745",
        "name": "Tanya kamboj",
        "avatar_template": "/user_avatar/discourse.onlinedegree.iitm.ac.in/21f3000745/{size}/638_2.png",
        "post_count": 18,
        "primary_group_name": "ds-students",
        "flair_name": "ds-students",
        "flair_url": null,
        "flair_color": "",
        "flair_bg_color": "",
        "flair_group_id": 294,
        "trust_level": 1
      },
      {
        "id": 6475,
        "username": "21f2000588",
        "name": "DIGVIJAYSINH SANDEEPSINH CHUDASAMA",
        "avatar_template": "/user_avatar/discourse.onlinedegree.iitm.ac.in/21f2000588/{size}/478_2.png",
        "post_count": 17,
        "primary_group_name": "ds-students",
        "flair_name": "ds-students",
        "flair_url": null,
        "flair_color": "",
        "flair_bg_color": "",
        "flair_group_id": 294,
        "trust_level": 1
      },
      {
        "id": 16094,
        "username": "carlton",
        "name": "Carlton D'Silva",
        "avatar_template": "/user_avatar/discourse.onlinedegree.iitm.ac.in/carlton/{size}/56317_2.png",
        "post_count": 10,
        "primary_group_name": "ds-students",
        "flair_name": "ds-students",
        "flair_url": null,
        "flair_color": "",
        "flair_bg_color": "",
        "flair_group_id": 294,
        "trust_level": 3
      },
      {
        "id": 21948,
        "username": "23f2004752",
        "name": "Ansh bansal",
        "avatar_template": "/user_avatar/discourse.onlinedegree.iitm.ac.in/23f2004752/{size}/68296_2.png",
        "post_count": 10,
        "primary_group_name": "ds-students",
        "flair_name": "ds-students",
        "flair_url": null,
        "flair_color": "",
        "flair_bg_color": "",
        "flair_group_id": 294,
        "trust_level": 1
      },
      {
        "id": 9419,
        "username": "s.anand",
        "name": "Anand S",
        "avatar_template": "/user_avatar/discourse.onlinedegree.iitm.ac.in/s.anand/{size}/15264_2.png",
        "post_count": 10,
        "primary_group_name": "faculty",
        "flair_name": "faculty",
        "flair_url": "chalkboard-user",
        "flair_color": "000",
        "flair_bg_color": "f2c26e",
        "flair_group_id": 54,
        "trust_level": 4
      },
      {
        "id": 11755,
        "username": "21f3002277",
        "name": "VIKASH PRASAD",
        "avatar_template": "/user_avatar/discourse.onlinedegree.iitm.ac.in/21f3002277/{size}/12741_2.png",
        "post_count": 9,
        "primary_group_name": "ds-students",
        "flair_name": "ds-students",
        "flair_url": null,
        "flair_color": "",
        "flair_bg_color": "",
        "flair_group_id": 294,
        "trust_level": 1
      },
      {
        "id": 23997,
        "username": "23f3002537",
        "name": "Arnav Raj ",
        "avatar_template": "/user_avatar/discourse.onlinedegree.iitm.ac.in/23f3002537/{size}/88584_2.png",
        "post_count": 8,
        "primary_group_name": "ds-students",
        "flair_name": "ds-students",
        "flair_url": null,
        "flair_color": "",
        "flair_bg_color": "",
        "flair_group_id": 294,
        "trust_level": 1
      },
      {
        "id": 21420,
        "username": "23f2003751",
        "name": "Tushar Jalan ",
        "avatar_template": "/user_avatar/discourse.onlinedegree.iitm.ac.in/23f2003751/{size}/68010_2.png",
        "post_count": 7,
        "primary_group_name": "ds-students",
        "flair_name": "ds-students",
        "flair_url": null,
        "flair_color": "",
        "flair_bg_color": "",
        "flair_group_id": 294,
        "trust_level": 1
      },
      {
        "id": 17736,
        "username": "23f2000573",
        "name": "B R GIRI SUBRAHMANYA",
        "avatar_template": "/user_avatar/discourse.onlinedegree.iitm.ac.in/23f2000573/{size}/68306_2.png",
        "post_count": 6,
        "primary_group_name": "ds-students",
        "flair_name": "ds-students",
        "flair_url": null,
        "flair_color": "",
        "flair_bg_color": "",
        "flair_group_id": 294,
        "trust_level": 1
      },
      {
        "id": 16397,
        "username": "22f3001315",
        "name": "Guddu Kumar Mishra ",
        "avatar_template": "/user_avatar/discourse.onlinedegree.iitm.ac.in/22f3001315/{size}/90556_2.png",
        "post_count": 6,
        "primary_group_name": "ds-students",
        "flair_name": "ds-students",
        "flair_url": null,
        "flair_color": "",
        "flair_bg_color": "",
        "flair_group_id": 294,
        "trust_level": 1
      },
      {
        "id": 17038,
        "username": "22f3002723",
        "name": "Jayaram",
        "avatar_template": "/user_avatar/discourse.onlinedegree.iitm.ac.in/22f3002723/{size}/110636_2.png",
        "post_count": 5,
        "primary_group_name": "ds-students",
        "flair_name": "ds-students",
        "flair_url": null,
        "flair_color": "",
        "flair_bg_color": "",
        "flair_group_id": 294,
        "trust_level": 1
      },
      {
        "id": 24597,
        "username": "23f2005419",
        "name": "Arulvadivelan V",
        "avatar_template": "/user_avatar/discourse.onlinedegree.iitm.ac.in/23f2005419/{size}/67741_2.png",
        "post_count": 5,
        "primary_group_name": "ds-students",
        "flair_name": "ds-students",
        "flair_url": null,
        "flair_color": "",
        "flair_bg_color": "",
        "flair_group_id": 294,
        "trust_level": 1
      },
      {
        "id": 23754,
        "username": "23ds3000149",
        "name": "Rajalakshmi Rathinasabhapathy",
        "avatar_template": "/user_avatar/discourse.onlinedegree.iitm.ac.in/23ds3000149/{size}/67205_2.png",
        "post_count": 5,
        "primary_group_name": "ds-students",
        "flair_name": "ds-students",
        "flair_url": null,
        "flair_color": "",
        "flair_bg_color": "",
        "flair_group_id": 294,
        "trust_level": 1
      },
      {
        "id": 12220,
        "username": "Nelson",
        "name": "Nelson Jochim DSouza",
        "avatar_template": "/user_avatar/discourse.onlinedegree.iitm.ac.in/nelson/{size}/66583_2.png",
        "post_count": 5,
        "primary_group_name": "ds-students",
        "flair_name": "ds-students",
        "flair_url": null,
        "flair_color": "",
        "flair_bg_color": "",
        "flair_group_id": 294,
        "trust_level": 1
      },
      {
        "id": 30376,
        "username": "24f2003130",
        "name": "Shambhavi ",
        "avatar_template": "/user_avatar/discourse.onlinedegree.iitm.ac.in/24f2003130/{size}/132501_2.png",
        "post_count": 5,
        "primary_group_name": "ds-students",
        "flair_name": "ds-students",
        "flair_url": null,
        "flair_color": "",
        "flair_bg_color": "",
        "flair_group_id": 294,
        "trust_level": 1
      },
      {
        "id": 14179,
        "username": "rohitgarg",
        "name": "Rohit Garg",
        "avatar_template": "/user_avatar/discourse.onlinedegree.iitm.ac.in/rohitgarg/{size}/76048_2.png",
        "post_count": 5,
        "primary_group_name": "ds-students",
        "flair_name": "ds-students",
        "flair_url": null,
        "flair_color": "",
        "flair_bg_color": "",
        "flair_group_id": 294,
        "trust_level": 1
      },
      {
        "id": 20583,
        "username": "23f2000098",
        "name": "Yogaswetha",
        "avatar_template": "/user_avatar/discourse.onlinedegree.iitm.ac.in/23f2000098/{size}/70581_2.png",
        "post_count": 5,
        "primary_group_name": "ds-students",
        "flair_name": "ds-students",
        "flair_url": null,
        "flair_color": "",
        "flair_bg_color": "",
        "flair_group_id": 294,
        "trust_level": 1
      },
      {
        "id": 7193,
        "username": "lakshaygarg654",
        "name": "LAKSHAY",
        "avatar_template": "/user_avatar/discourse.onlinedegree.iitm.ac.in/lakshaygarg654/{size}/129814_2.png",
        "post_count": 4,
        "primary_group_name": "ds-students",
        "flair_name": "ds-students",
        "flair_url": null,
        "flair_color": "",
        "flair_bg_color": "",
        "flair_group_id": 294,
        "trust_level": 1
      },
      {
        "id": 24730,
        "username": "22f3002184",
        "name": "Rahul ",
        "avatar_template": "/user_avatar/discourse.onlinedegree.iitm.ac.in/22f3002184/{size}/66812_2.png",
        "post_count": 4,
        "primary_group_name": "ds-students",
        "flair_name": "ds-students",
        "flair_url": null,
        "flair_color": "",
        "flair_bg_color": "",
        "flair_group_id": 294,
        "trust_level": 1
      },
      {
        "id": 8846,
        "username": "JoelJeffrey",
        "name": "Joel Jeffrey",
        "avatar_template": "/user_avatar/discourse.onlinedegree.iitm.ac.in/joeljeffrey/{size}/12985_2.png",
        "post_count": 4,
        "primary_group_name": "ds-students",
        "flair_name": "ds-students",
        "flair_url": null,
        "flair_color": "",
        "flair_bg_color": "",
        "flair_group_id": 294,
        "trust_level": 1
      },
      {
        "id": 12135,
        "username": "22f2000008",
        "name": "Avinash Kumar",
        "avatar_template": "/user_avatar/discourse.onlinedegree.iitm.ac.in/22f2000008/{size}/12438_2.png",
        "post_count": 4,
        "primary_group_name": "ds-students",
        "flair_name": "ds-students",
        "flair_url": null,
        "flair_color": "",
        "flair_bg_color": "",
        "flair_group_id": 294,
        "trust_level": 1
      },
      {
        "id": 13078,
        "username": "Saransh_Saini",
        "name": "Saransh Saini",
        "avatar_template": "/user_avatar/discourse.onlinedegree.iitm.ac.in/saransh_saini/{size}/123495_2.png",
        "post_count": 4,
        "primary_group_name": "ds-students",
        "flair_name": "ds-students",
        "flair_url": null,
        "flair_color": "",
        "flair_bg_color": "",
        "flair_group_id": 294,
        "trust_level": 1
      },
      {
        "id": 17862,
        "username": "23f2000237",
        "name": "Sakthivel S",
        "avatar_template": "/user_avatar/discourse.onlinedegree.iitm.ac.in/23f2000237/{size}/66999_2.png",
        "post_count": 4,
        "primary_group_name": "ds-students",
        "flair_name": "ds-students",
        "flair_url": null,
        "flair_color": "",
        "flair_bg_color": "",
        "flair_group_id": 294,
        "trust_level": 1
      }
    ],
    "created_by": {
      "id": 9419,
      "username": "s.anand",
      "name": "Anand S",
      "avatar_template": "/user_avatar/discourse.onlinedegree.iitm.ac.in/s.anand/{size}/15264_2.png"
    },
    "last_poster": {
      "id": 18297,
      "username": "23f1002382",
      "name": "Andrew David",
      "avatar_template": "/user_avatar/discourse.onlinedegree.iitm.ac.in/23f1002382/{size}/68945_2.png"
    },
    "links": [
      {
        "url": "https://exam.sanand.workers.dev/tds-2025-01-ga4",
        "title": "Technical Assessment",
        "internal": false,
        "attachment": false,
        "reflection": false,
        "clicks": 29,
        "user_id": 9419,
        "domain": "exam.sanand.workers.dev",
        "root_domain": "sanand.workers.dev"
      },
      {
        "url": "https://tds.s-anand.net/#/bbc-weather-api-with-python",
        "title": "Tools in Data Science",
        "internal": false,
        "attachment": false,
        "reflection": false,
        "clicks": 20,
        "user_id": 16094,
        "domain": "tds.s-anand.net",
        "root_domain": "s-anand.net"
      },
      {
        "url": "https://colab.research.google.com/drive/1X5IO8K1Xf8Wh7SOZelSrFAfZgRG-mv4A?usp=sharing",
        "title": "Google Colab",
        "internal": false,
        "attachment": false,
        "reflection": false,
        "clicks": 15,
        "user_id": 11755,
        "domain": "colab.research.google.com",
        "root_domain": "google.com"
      },
      {
        "url": "https://home.openweathermap.org/api_keys",
        "title": "Members",
        "internal": false,
        "attachment": false,
        "reflection": false,
        "clicks": 10,
        "user_id": 21420,
        "domain": "home.openweathermap.org",
        "root_domain": "openweathermap.org"
      },
      {
        "url": "https://api.github.com/search/users?q=location:Seattle+followers:",
        "title": null,
        "internal": false,
        "attachment": false,
        "reflection": false,
        "clicks": 4,
        "user_id": 22866,
        "domain": "api.github.com",
        "root_domain": "github.com"
      },
      {
        "url": "https://github.com/Ansh205/github-actions",
        "title": null,
        "internal": false,
        "attachment": false,
        "reflection": false,
        "clicks": 4,
        "user_id": 21948,
        "domain": "github.com",
        "root_domain": "github.com"
      },
      {
        "url": "https://github.com/USER/REPO",
        "title": null,
        "internal": false,
        "attachment": false,
        "reflection": false,
        "clicks": 3,
        "user_id": 21948,
        "domain": "github.com",
        "root_domain": "github.com"
      },
      {
        "url": "https://hnrss.org/newest?q=Startup",
        "title": "Hacker News - Newest: \"Startup\"",
        "internal": false,
        "attachment": false,
        "reflection": false,
        "clicks": 2,
        "user_id": 26197,
        "domain": "hnrss.org",
        "root_domain": "hnrss.org"
      }
    ]
  },
  "pending_posts": [],
  "bookmarks": []
}