{
  "post_stream": {
    "posts": [
      {
        "id": 586492,
        "name": "Muthupalaniappan",
        "username": "Muthupalaniappan",
        "avatar_template": "/user_avatar/discourse.onlinedegree.iitm.ac.in/muthupalaniappan/{size}/18686_2.png",
        "created_at": "2025-01-26T19:31:14.825Z",
        "cooked": "Hello,\nI submitted my graded assignment for TDS course. But unfortunately I did not see the question in the portal asking if I have seen all questions and attended the exam. Can someone please clarify if it shall be graded still?\n@carlton @Jivraj\nimage1340\u00d7527 17.9 KB\nimage1002\u00d7560 51.4 KB",
        "post_number": 1,
        "post_type": 1,
        "posts_count": 24,
        "updated_at": "2025-01-26T19:32:22.556Z",
        "reply_count": 0,
        "reply_to_post_number": null,
        "quote_count": 0,
        "incoming_link_count": 0,
        "reads": 75,
        "readers_count": 74,
        "score": 14.4,
        "yours": false,
        "topic_id": 165396,
        "topic_slug": "graded-assignment-1-submission-not-shown",
        "display_username": "Muthupalaniappan",
        "primary_group_name": "ds-students",
        "flair_name": "ds-students",
        "flair_url": null,
        "flair_bg_color": "",
        "flair_color": "",
        "flair_group_id": 294,
        "badges_granted": [],
        "version": 1,
        "can_edit": false,
        "can_delete": false,
        "can_recover": false,
        "can_see_hidden_post": false,
        "can_wiki": false,
        "read": false,
        "user_title": null,
        "bookmarked": false,
        "actions_summary": [
          {
            "id": 2,
            "can_act": true
          },
          {
            "id": 6,
            "can_act": true
          },
          {
            "id": 3,
            "can_act": true
          },
          {
            "id": 4,
            "can_act": true
          },
          {
            "id": 8,
            "can_act": true
          },
          {
            "id": 10,
            "can_act": true
          },
          {
            "id": 7,
            "can_act": true
          }
        ],
        "moderator": false,
        "admin": false,
        "staff": false,
        "user_id": 11218,
        "hidden": false,
        "trust_level": 1,
        "deleted_at": null,
        "user_deleted": false,
        "edit_reason": null,
        "can_view_edit_history": true,
        "wiki": false,
        "post_url": "/t/graded-assignment-1-submission-not-shown/165396/1",
        "user_cakedate": "2022-01-07",
        "reactions": [],
        "current_user_reaction": null,
        "reaction_users_count": 0,
        "current_user_used_main_reaction": false,
        "can_accept_answer": false,
        "can_unaccept_answer": false,
        "accepted_answer": false,
        "topic_accepted_answer": null,
        "can_vote": false
      },
      {
        "id": 586525,
        "name": "Carlton D'Silva",
        "username": "carlton",
        "avatar_template": "/user_avatar/discourse.onlinedegree.iitm.ac.in/carlton/{size}/56317_2.png",
        "created_at": "2025-01-27T03:13:25.884Z",
        "cooked": "@Muthupalaniappan\nIt is saying you did not attempt it because you did not answer the seek portal question.\nYou are not graded on the seek portal question. It only exists to make sure you saw the GA and attempted it. You are only graded on your submission of GA1 on the actual assignment page where your last saved submission is used for grading.\nKind regards",
        "post_number": 2,
        "post_type": 1,
        "posts_count": 24,
        "updated_at": "2025-01-27T03:13:25.884Z",
        "reply_count": 4,
        "reply_to_post_number": null,
        "quote_count": 0,
        "incoming_link_count": 2,
        "reads": 59,
        "readers_count": 58,
        "score": 41.4,
        "yours": false,
        "topic_id": 165396,
        "topic_slug": "graded-assignment-1-submission-not-shown",
        "display_username": "Carlton D'Silva",
        "primary_group_name": "ds-students",
        "flair_name": "ds-students",
        "flair_url": null,
        "flair_bg_color": "",
        "flair_color": "",
        "flair_group_id": 294,
        "badges_granted": [],
        "version": 1,
        "can_edit": false,
        "can_delete": false,
        "can_recover": false,
        "can_see_hidden_post": false,
        "can_wiki": false,
        "read": false,
        "user_title": "Regular",
        "title_is_group": false,
        "bookmarked": false,
        "actions_summary": [
          {
            "id": 2,
            "can_act": true
          },
          {
            "id": 6,
            "can_act": true
          },
          {
            "id": 3,
            "can_act": true
          },
          {
            "id": 4,
            "can_act": true
          },
          {
            "id": 8,
            "can_act": true
          },
          {
            "id": 10,
            "can_act": true
          },
          {
            "id": 7,
            "can_act": true
          }
        ],
        "moderator": false,
        "admin": false,
        "staff": false,
        "group_moderator": true,
        "user_id": 16094,
        "hidden": false,
        "trust_level": 3,
        "deleted_at": null,
        "user_deleted": false,
        "edit_reason": null,
        "can_view_edit_history": true,
        "wiki": false,
        "post_url": "/t/graded-assignment-1-submission-not-shown/165396/2",
        "user_cakedate": "2023-01-25",
        "reactions": [],
        "current_user_reaction": null,
        "reaction_users_count": 0,
        "current_user_used_main_reaction": false,
        "can_accept_answer": false,
        "can_unaccept_answer": false,
        "accepted_answer": false,
        "topic_accepted_answer": null
      },
      {
        "id": 586571,
        "name": "Kundan Kumar",
        "username": "21f3000599",
        "avatar_template": "/user_avatar/discourse.onlinedegree.iitm.ac.in/21f3000599/{size}/981_2.png",
        "created_at": "2025-01-27T05:29:27.718Z",
        "cooked": "Dear Sir,\nI encountered the same issue as mentioned. Could you please confirm whether GA 1 will still be evaluated under this condition, and if we will receive our actual score based on the last saved submission on the assignment page?",
        "post_number": 3,
        "post_type": 1,
        "posts_count": 24,
        "updated_at": "2025-01-27T05:29:27.718Z",
        "reply_count": 1,
        "reply_to_post_number": 2,
        "quote_count": 0,
        "incoming_link_count": 0,
        "reads": 56,
        "readers_count": 55,
        "score": 15.8,
        "yours": false,
        "topic_id": 165396,
        "topic_slug": "graded-assignment-1-submission-not-shown",
        "display_username": "Kundan Kumar",
        "primary_group_name": "ds-students",
        "flair_name": "ds-students",
        "flair_url": null,
        "flair_bg_color": "",
        "flair_color": "",
        "flair_group_id": 294,
        "badges_granted": [],
        "version": 1,
        "can_edit": false,
        "can_delete": false,
        "can_recover": false,
        "can_see_hidden_post": false,
        "can_wiki": false,
        "read": false,
        "user_title": null,
        "reply_to_user": {
          "id": 16094,
          "username": "carlton",
          "name": "Carlton D'Silva",
          "avatar_template": "/user_avatar/discourse.onlinedegree.iitm.ac.in/carlton/{size}/56317_2.png"
        },
        "bookmarked": false,
        "actions_summary": [
          {
            "id": 2,
            "can_act": true
          },
          {
            "id": 6,
            "can_act": true
          },
          {
            "id": 3,
            "can_act": true
          },
          {
            "id": 4,
            "can_act": true
          },
          {
            "id": 8,
            "can_act": true
          },
          {
            "id": 10,
            "can_act": true
          },
          {
            "id": 7,
            "can_act": true
          }
        ],
        "moderator": false,
        "admin": false,
        "staff": false,
        "user_id": 7762,
        "hidden": false,
        "trust_level": 1,
        "deleted_at": null,
        "user_deleted": false,
        "edit_reason": null,
        "can_view_edit_history": true,
        "wiki": false,
        "post_url": "/t/graded-assignment-1-submission-not-shown/165396/3",
        "user_cakedate": "2021-10-11",
        "reactions": [],
        "current_user_reaction": null,
        "reaction_users_count": 0,
        "current_user_used_main_reaction": false,
        "can_accept_answer": false,
        "can_unaccept_answer": false,
        "accepted_answer": false,
        "topic_accepted_answer": null
      },
      {
        "id": 586577,
        "name": "VENKATESWARLU THATHA ",
        "username": "Venkatesh_2k01",
        "avatar_template": "/user_avatar/discourse.onlinedegree.iitm.ac.in/venkatesh_2k01/{size}/119822_2.png",
        "created_at": "2025-01-27T05:39:41.812Z",
        "cooked": "sir can you please allow us to submit it . like open the seek portal for a few mins . because we have worked hard to finished the assignment and all our hardwork will be in vain \u2026 please",
        "post_number": 4,
        "post_type": 1,
        "posts_count": 24,
        "updated_at": "2025-01-27T05:39:41.812Z",
        "reply_count": 0,
        "reply_to_post_number": 2,
        "quote_count": 0,
        "incoming_link_count": 0,
        "reads": 51,
        "readers_count": 50,
        "score": 9.8,
        "yours": false,
        "topic_id": 165396,
        "topic_slug": "graded-assignment-1-submission-not-shown",
        "display_username": "VENKATESWARLU THATHA ",
        "primary_group_name": "ds-students",
        "flair_name": "ds-students",
        "flair_url": null,
        "flair_bg_color": "",
        "flair_color": "",
        "flair_group_id": 294,
        "badges_granted": [],
        "version": 1,
        "can_edit": false,
        "can_delete": false,
        "can_recover": false,
        "can_see_hidden_post": false,
        "can_wiki": false,
        "read": false,
        "user_title": null,
        "reply_to_user": {
          "id": 16094,
          "username": "carlton",
          "name": "Carlton D'Silva",
          "avatar_template": "/user_avatar/discourse.onlinedegree.iitm.ac.in/carlton/{size}/56317_2.png"
        },
        "bookmarked": false,
        "actions_summary": [
          {
            "id": 2,
            "can_act": true
          },
          {
            "id": 6,
            "can_act": true
          },
          {
            "id": 3,
            "can_act": true
          },
          {
            "id": 4,
            "can_act": true
          },
          {
            "id": 8,
            "can_act": true
          },
          {
            "id": 10,
            "can_act": true
          },
          {
            "id": 7,
            "can_act": true
          }
        ],
        "moderator": false,
        "admin": false,
        "staff": false,
        "user_id": 22552,
        "hidden": false,
        "trust_level": 1,
        "deleted_at": null,
        "user_deleted": false,
        "edit_reason": null,
        "can_view_edit_history": true,
        "wiki": false,
        "post_url": "/t/graded-assignment-1-submission-not-shown/165396/4",
        "user_cakedate": "2023-09-23",
        "reactions": [],
        "current_user_reaction": null,
        "reaction_users_count": 0,
        "current_user_used_main_reaction": false,
        "can_accept_answer": false,
        "can_unaccept_answer": false,
        "accepted_answer": false,
        "topic_accepted_answer": null
      },
      {
        "id": 586589,
        "name": "Carlton D'Silva",
        "username": "carlton",
        "avatar_template": "/user_avatar/discourse.onlinedegree.iitm.ac.in/carlton/{size}/56317_2.png",
        "created_at": "2025-01-27T06:12:53.024Z",
        "cooked": "\n\n\n carlton:\n\nYou are only graded on your submission of GA1 on the actual assignment page where your last saved submission is used for grading.\n\n\n@Venkatesh_2k01 @21f3000599\nPlease refer to above reply",
        "post_number": 5,
        "post_type": 1,
        "posts_count": 24,
        "updated_at": "2025-01-27T06:13:50.025Z",
        "reply_count": 0,
        "reply_to_post_number": 3,
        "quote_count": 1,
        "incoming_link_count": 0,
        "reads": 48,
        "readers_count": 47,
        "score": 9.4,
        "yours": false,
        "topic_id": 165396,
        "topic_slug": "graded-assignment-1-submission-not-shown",
        "display_username": "Carlton D'Silva",
        "primary_group_name": "ds-students",
        "flair_name": "ds-students",
        "flair_url": null,
        "flair_bg_color": "",
        "flair_color": "",
        "flair_group_id": 294,
        "badges_granted": [],
        "version": 1,
        "can_edit": false,
        "can_delete": false,
        "can_recover": false,
        "can_see_hidden_post": false,
        "can_wiki": false,
        "read": false,
        "user_title": "Regular",
        "title_is_group": false,
        "reply_to_user": {
          "id": 7762,
          "username": "21f3000599",
          "name": "Kundan Kumar",
          "avatar_template": "/user_avatar/discourse.onlinedegree.iitm.ac.in/21f3000599/{size}/981_2.png"
        },
        "bookmarked": false,
        "actions_summary": [
          {
            "id": 2,
            "can_act": true
          },
          {
            "id": 6,
            "can_act": true
          },
          {
            "id": 3,
            "can_act": true
          },
          {
            "id": 4,
            "can_act": true
          },
          {
            "id": 8,
            "can_act": true
          },
          {
            "id": 10,
            "can_act": true
          },
          {
            "id": 7,
            "can_act": true
          }
        ],
        "moderator": false,
        "admin": false,
        "staff": false,
        "group_moderator": true,
        "user_id": 16094,
        "hidden": false,
        "trust_level": 3,
        "deleted_at": null,
        "user_deleted": false,
        "edit_reason": null,
        "can_view_edit_history": true,
        "wiki": false,
        "post_url": "/t/graded-assignment-1-submission-not-shown/165396/5",
        "user_cakedate": "2023-01-25",
        "reactions": [],
        "current_user_reaction": null,
        "reaction_users_count": 0,
        "current_user_used_main_reaction": false,
        "can_accept_answer": false,
        "can_unaccept_answer": false,
        "accepted_answer": false,
        "topic_accepted_answer": null
      },
      {
        "id": 586590,
        "name": "Kundan Kumar",
        "username": "21f3000599",
        "avatar_template": "/user_avatar/discourse.onlinedegree.iitm.ac.in/21f3000599/{size}/981_2.png",
        "created_at": "2025-01-27T05:21:53.338Z",
        "cooked": "Hello,\nI accessed the assignment through the provided link and attempted and saved it. But unfortunately I forgot to submit it on my course LMS. I have put in a lot of effort to complete this and I scored 9,  so I kindly request you to consider it and provide your clarification on the matter.",
        "post_number": 6,
        "post_type": 1,
        "posts_count": 24,
        "updated_at": "2025-01-27T06:16:00.573Z",
        "reply_count": 0,
        "reply_to_post_number": null,
        "quote_count": 0,
        "incoming_link_count": 1,
        "reads": 45,
        "readers_count": 44,
        "score": 13.8,
        "yours": false,
        "topic_id": 165396,
        "topic_slug": "graded-assignment-1-submission-not-shown",
        "display_username": "Kundan Kumar",
        "primary_group_name": "ds-students",
        "flair_name": "ds-students",
        "flair_url": null,
        "flair_bg_color": "",
        "flair_color": "",
        "flair_group_id": 294,
        "badges_granted": [],
        "version": 1,
        "can_edit": false,
        "can_delete": false,
        "can_recover": false,
        "can_see_hidden_post": false,
        "can_wiki": false,
        "read": false,
        "user_title": null,
        "bookmarked": false,
        "actions_summary": [
          {
            "id": 2,
            "can_act": true
          },
          {
            "id": 6,
            "can_act": true
          },
          {
            "id": 3,
            "can_act": true
          },
          {
            "id": 4,
            "can_act": true
          },
          {
            "id": 8,
            "can_act": true
          },
          {
            "id": 10,
            "can_act": true
          },
          {
            "id": 7,
            "can_act": true
          }
        ],
        "moderator": false,
        "admin": false,
        "staff": false,
        "user_id": 7762,
        "hidden": false,
        "trust_level": 1,
        "deleted_at": null,
        "user_deleted": false,
        "edit_reason": null,
        "can_view_edit_history": true,
        "wiki": false,
        "post_url": "/t/graded-assignment-1-submission-not-shown/165396/6",
        "user_cakedate": "2021-10-11",
        "reactions": [],
        "current_user_reaction": null,
        "reaction_users_count": 0,
        "current_user_used_main_reaction": false,
        "can_accept_answer": false,
        "can_unaccept_answer": false,
        "accepted_answer": false,
        "topic_accepted_answer": null
      },
      {
        "id": 586663,
        "name": "Khushi Shah",
        "username": "23f2005471",
        "avatar_template": "/user_avatar/discourse.onlinedegree.iitm.ac.in/23f2005471/{size}/68610_2.png",
        "created_at": "2025-01-27T09:52:32.240Z",
        "cooked": "Respected Sir,\nI made the similar mistake of not selecting a yes on the seek IITM portal\nAccording to your previous replies, does it imply that only the answers submitted through the link provided will be considered for evaluation regardless of the seek portal selection for this time?\nThanks",
        "post_number": 7,
        "post_type": 1,
        "posts_count": 24,
        "updated_at": "2025-01-27T09:52:32.240Z",
        "reply_count": 1,
        "reply_to_post_number": null,
        "quote_count": 0,
        "incoming_link_count": 0,
        "reads": 41,
        "readers_count": 40,
        "score": 13.0,
        "yours": false,
        "topic_id": 165396,
        "topic_slug": "graded-assignment-1-submission-not-shown",
        "display_username": "Khushi Shah",
        "primary_group_name": "ds-students",
        "flair_name": "ds-students",
        "flair_url": null,
        "flair_bg_color": "",
        "flair_color": "",
        "flair_group_id": 294,
        "badges_granted": [],
        "version": 1,
        "can_edit": false,
        "can_delete": false,
        "can_recover": false,
        "can_see_hidden_post": false,
        "can_wiki": false,
        "read": false,
        "user_title": null,
        "bookmarked": false,
        "actions_summary": [
          {
            "id": 2,
            "can_act": true
          },
          {
            "id": 6,
            "can_act": true
          },
          {
            "id": 3,
            "can_act": true
          },
          {
            "id": 4,
            "can_act": true
          },
          {
            "id": 8,
            "can_act": true
          },
          {
            "id": 10,
            "can_act": true
          },
          {
            "id": 7,
            "can_act": true
          }
        ],
        "moderator": false,
        "admin": false,
        "staff": false,
        "user_id": 26496,
        "hidden": false,
        "trust_level": 1,
        "deleted_at": null,
        "user_deleted": false,
        "edit_reason": null,
        "can_view_edit_history": true,
        "wiki": false,
        "post_url": "/t/graded-assignment-1-submission-not-shown/165396/7",
        "user_cakedate": "2024-01-31",
        "reactions": [],
        "current_user_reaction": null,
        "reaction_users_count": 0,
        "current_user_used_main_reaction": false,
        "can_accept_answer": false,
        "can_unaccept_answer": false,
        "accepted_answer": false,
        "topic_accepted_answer": null
      },
      {
        "id": 586677,
        "name": "Carlton D'Silva",
        "username": "carlton",
        "avatar_template": "/user_avatar/discourse.onlinedegree.iitm.ac.in/carlton/{size}/56317_2.png",
        "created_at": "2025-01-27T10:30:47.309Z",
        "cooked": "@23f2005471\nCorrect! Only scores that were saved in your actual last submission on the ga page itself will be evaluated (the portal question is just to make sure you were aware of the GA and confirm that you attempted it).\nKind regards",
        "post_number": 8,
        "post_type": 1,
        "posts_count": 24,
        "updated_at": "2025-01-27T10:30:56.392Z",
        "reply_count": 0,
        "reply_to_post_number": 7,
        "quote_count": 0,
        "incoming_link_count": 0,
        "reads": 43,
        "readers_count": 42,
        "score": 8.4,
        "yours": false,
        "topic_id": 165396,
        "topic_slug": "graded-assignment-1-submission-not-shown",
        "display_username": "Carlton D'Silva",
        "primary_group_name": "ds-students",
        "flair_name": "ds-students",
        "flair_url": null,
        "flair_bg_color": "",
        "flair_color": "",
        "flair_group_id": 294,
        "badges_granted": [],
        "version": 1,
        "can_edit": false,
        "can_delete": false,
        "can_recover": false,
        "can_see_hidden_post": false,
        "can_wiki": false,
        "read": false,
        "user_title": "Regular",
        "title_is_group": false,
        "reply_to_user": {
          "id": 26496,
          "username": "23f2005471",
          "name": "Khushi Shah",
          "avatar_template": "/user_avatar/discourse.onlinedegree.iitm.ac.in/23f2005471/{size}/68610_2.png"
        },
        "bookmarked": false,
        "actions_summary": [
          {
            "id": 2,
            "can_act": true
          },
          {
            "id": 6,
            "can_act": true
          },
          {
            "id": 3,
            "can_act": true
          },
          {
            "id": 4,
            "can_act": true
          },
          {
            "id": 8,
            "can_act": true
          },
          {
            "id": 10,
            "can_act": true
          },
          {
            "id": 7,
            "can_act": true
          }
        ],
        "moderator": false,
        "admin": false,
        "staff": false,
        "group_moderator": true,
        "user_id": 16094,
        "hidden": false,
        "trust_level": 3,
        "deleted_at": null,
        "user_deleted": false,
        "edit_reason": null,
        "can_view_edit_history": true,
        "wiki": false,
        "post_url": "/t/graded-assignment-1-submission-not-shown/165396/8",
        "user_cakedate": "2023-01-25",
        "reactions": [],
        "current_user_reaction": null,
        "reaction_users_count": 0,
        "current_user_used_main_reaction": false,
        "can_accept_answer": false,
        "can_unaccept_answer": false,
        "accepted_answer": false,
        "topic_accepted_answer": null
      },
      {
        "id": 586747,
        "name": "Atharva Athawale",
        "username": "22f3002539",
        "avatar_template": "/user_avatar/discourse.onlinedegree.iitm.ac.in/22f3002539/{size}/67405_2.png",
        "created_at": "2025-01-27T11:52:15.849Z",
        "cooked": "Respected Sir/Madam,\nI have submitted the TDS GA 1 assignment but failed to submit the Yes or NO option in the checkbox\nI request you to please consider my submission as I have scored 6/10 marks in the assignment\nand if you won\u2019t my whole efforts will be lost just because of this\nimage1463\u00d7795 64.3 KB",
        "post_number": 9,
        "post_type": 1,
        "posts_count": 24,
        "updated_at": "2025-01-27T12:33:06.536Z",
        "reply_count": 0,
        "reply_to_post_number": null,
        "quote_count": 0,
        "incoming_link_count": 0,
        "reads": 40,
        "readers_count": 39,
        "score": 7.8,
        "yours": false,
        "topic_id": 165396,
        "topic_slug": "graded-assignment-1-submission-not-shown",
        "display_username": "Atharva Athawale",
        "primary_group_name": "ds-students",
        "flair_name": "ds-students",
        "flair_url": null,
        "flair_bg_color": "",
        "flair_color": "",
        "flair_group_id": 294,
        "badges_granted": [],
        "version": 1,
        "can_edit": false,
        "can_delete": false,
        "can_recover": false,
        "can_see_hidden_post": false,
        "can_wiki": false,
        "read": false,
        "user_title": null,
        "bookmarked": false,
        "actions_summary": [
          {
            "id": 2,
            "can_act": true
          },
          {
            "id": 6,
            "can_act": true
          },
          {
            "id": 3,
            "can_act": true
          },
          {
            "id": 4,
            "can_act": true
          },
          {
            "id": 8,
            "can_act": true
          },
          {
            "id": 10,
            "can_act": true
          },
          {
            "id": 7,
            "can_act": true
          }
        ],
        "moderator": false,
        "admin": false,
        "staff": false,
        "user_id": 16427,
        "hidden": false,
        "trust_level": 1,
        "deleted_at": null,
        "user_deleted": false,
        "edit_reason": null,
        "can_view_edit_history": true,
        "wiki": false,
        "post_url": "/t/graded-assignment-1-submission-not-shown/165396/9",
        "user_cakedate": "2023-01-27",
        "reactions": [],
        "current_user_reaction": null,
        "reaction_users_count": 0,
        "current_user_used_main_reaction": false,
        "can_accept_answer": false,
        "can_unaccept_answer": false,
        "accepted_answer": false,
        "topic_accepted_answer": null
      },
      {
        "id": 586750,
        "name": "Carlton D'Silva",
        "username": "carlton",
        "avatar_template": "/user_avatar/discourse.onlinedegree.iitm.ac.in/carlton/{size}/56317_2.png",
        "created_at": "2025-01-27T12:34:17.956Z",
        "cooked": "\n\n\n carlton:\n\nYou are not graded on the seek portal question. It only exists to make sure you saw the GA and attempted it. You are only graded on your submission of GA1 on the actual assignment page where your last saved submission is used for grading.\n\n\n@22f3002539 Please refer to above reply.\nKind regards",
        "post_number": 10,
        "post_type": 1,
        "posts_count": 24,
        "updated_at": "2025-01-27T12:34:17.956Z",
        "reply_count": 0,
        "reply_to_post_number": 2,
        "quote_count": 1,
        "incoming_link_count": 0,
        "reads": 39,
        "readers_count": 38,
        "score": 7.6,
        "yours": false,
        "topic_id": 165396,
        "topic_slug": "graded-assignment-1-submission-not-shown",
        "display_username": "Carlton D'Silva",
        "primary_group_name": "ds-students",
        "flair_name": "ds-students",
        "flair_url": null,
        "flair_bg_color": "",
        "flair_color": "",
        "flair_group_id": 294,
        "badges_granted": [],
        "version": 1,
        "can_edit": false,
        "can_delete": false,
        "can_recover": false,
        "can_see_hidden_post": false,
        "can_wiki": false,
        "read": false,
        "user_title": "Regular",
        "title_is_group": false,
        "bookmarked": false,
        "actions_summary": [
          {
            "id": 2,
            "can_act": true
          },
          {
            "id": 6,
            "can_act": true
          },
          {
            "id": 3,
            "can_act": true
          },
          {
            "id": 4,
            "can_act": true
          },
          {
            "id": 8,
            "can_act": true
          },
          {
            "id": 10,
            "can_act": true
          },
          {
            "id": 7,
            "can_act": true
          }
        ],
        "moderator": false,
        "admin": false,
        "staff": false,
        "group_moderator": true,
        "user_id": 16094,
        "hidden": false,
        "trust_level": 3,
        "deleted_at": null,
        "user_deleted": false,
        "edit_reason": null,
        "can_view_edit_history": true,
        "wiki": false,
        "post_url": "/t/graded-assignment-1-submission-not-shown/165396/10",
        "user_cakedate": "2023-01-25",
        "reactions": [],
        "current_user_reaction": null,
        "reaction_users_count": 0,
        "current_user_used_main_reaction": false,
        "can_accept_answer": false,
        "can_unaccept_answer": false,
        "accepted_answer": false,
        "topic_accepted_answer": null
      },
      {
        "id": 587073,
        "name": "Thinesh Kumar S",
        "username": "Thinesh",
        "avatar_template": "/user_avatar/discourse.onlinedegree.iitm.ac.in/thinesh/{size}/112079_2.png",
        "created_at": "2025-01-28T07:54:54.088Z",
        "cooked": "Dear @s.anand sir,\nFor the TDS week 1 assignment, I have submitted it in the link (this link) that was mentioned in the graded assignment but I did not submit yes in the portal tab. Can you please help me out this one time??\nI will make sure I submit it in both places next time.\nI kindly request you to help me out this one time, as this will really impact my grade particularly as of this course.\nI got a total of 9.5 in this assignment but as you can see in the image attached below I erred up with this submission\nimage747\u00d7473 15 KB",
        "post_number": 11,
        "post_type": 1,
        "posts_count": 24,
        "updated_at": "2025-01-28T08:02:46.053Z",
        "reply_count": 1,
        "reply_to_post_number": null,
        "quote_count": 0,
        "incoming_link_count": 1,
        "reads": 35,
        "readers_count": 34,
        "score": 16.8,
        "yours": false,
        "topic_id": 165396,
        "topic_slug": "graded-assignment-1-submission-not-shown",
        "display_username": "Thinesh Kumar S",
        "primary_group_name": "ds-students",
        "flair_name": "ds-students",
        "flair_url": null,
        "flair_bg_color": "",
        "flair_color": "",
        "flair_group_id": 294,
        "badges_granted": [],
        "version": 1,
        "can_edit": false,
        "can_delete": false,
        "can_recover": false,
        "can_see_hidden_post": false,
        "can_wiki": false,
        "read": false,
        "user_title": null,
        "bookmarked": false,
        "actions_summary": [
          {
            "id": 2,
            "can_act": true
          },
          {
            "id": 6,
            "can_act": true
          },
          {
            "id": 3,
            "can_act": true
          },
          {
            "id": 4,
            "can_act": true
          },
          {
            "id": 8,
            "can_act": true
          },
          {
            "id": 10,
            "can_act": true
          },
          {
            "id": 7,
            "can_act": true
          }
        ],
        "moderator": false,
        "admin": false,
        "staff": false,
        "user_id": 27901,
        "hidden": false,
        "trust_level": 0,
        "deleted_at": null,
        "user_deleted": false,
        "edit_reason": null,
        "can_view_edit_history": true,
        "wiki": false,
        "post_url": "/t/graded-assignment-1-submission-not-shown/165396/11",
        "user_cakedate": "2024-02-20",
        "reactions": [],
        "current_user_reaction": null,
        "reaction_users_count": 0,
        "current_user_used_main_reaction": false,
        "can_accept_answer": false,
        "can_unaccept_answer": false,
        "accepted_answer": false,
        "topic_accepted_answer": null
      },
      {
        "id": 587076,
        "name": "Carlton D'Silva",
        "username": "carlton",
        "avatar_template": "/user_avatar/discourse.onlinedegree.iitm.ac.in/carlton/{size}/56317_2.png",
        "created_at": "2025-01-28T08:03:25.925Z",
        "cooked": "@Thinesh please refer to the above response.\nKind regards",
        "post_number": 12,
        "post_type": 1,
        "posts_count": 24,
        "updated_at": "2025-01-28T08:03:25.925Z",
        "reply_count": 0,
        "reply_to_post_number": 11,
        "quote_count": 0,
        "incoming_link_count": 0,
        "reads": 33,
        "readers_count": 32,
        "score": 6.6,
        "yours": false,
        "topic_id": 165396,
        "topic_slug": "graded-assignment-1-submission-not-shown",
        "display_username": "Carlton D'Silva",
        "primary_group_name": "ds-students",
        "flair_name": "ds-students",
        "flair_url": null,
        "flair_bg_color": "",
        "flair_color": "",
        "flair_group_id": 294,
        "badges_granted": [],
        "version": 1,
        "can_edit": false,
        "can_delete": false,
        "can_recover": false,
        "can_see_hidden_post": false,
        "can_wiki": false,
        "read": false,
        "user_title": "Regular",
        "title_is_group": false,
        "reply_to_user": {
          "id": 27901,
          "username": "Thinesh",
          "name": "Thinesh Kumar S",
          "avatar_template": "/user_avatar/discourse.onlinedegree.iitm.ac.in/thinesh/{size}/112079_2.png"
        },
        "bookmarked": false,
        "actions_summary": [
          {
            "id": 2,
            "can_act": true
          },
          {
            "id": 6,
            "can_act": true
          },
          {
            "id": 3,
            "can_act": true
          },
          {
            "id": 4,
            "can_act": true
          },
          {
            "id": 8,
            "can_act": true
          },
          {
            "id": 10,
            "can_act": true
          },
          {
            "id": 7,
            "can_act": true
          }
        ],
        "moderator": false,
        "admin": false,
        "staff": false,
        "group_moderator": true,
        "user_id": 16094,
        "hidden": false,
        "trust_level": 3,
        "deleted_at": null,
        "user_deleted": false,
        "edit_reason": null,
        "can_view_edit_history": true,
        "wiki": false,
        "post_url": "/t/graded-assignment-1-submission-not-shown/165396/12",
        "user_cakedate": "2023-01-25",
        "reactions": [],
        "current_user_reaction": null,
        "reaction_users_count": 0,
        "current_user_used_main_reaction": false,
        "can_accept_answer": false,
        "can_unaccept_answer": false,
        "accepted_answer": false,
        "topic_accepted_answer": null
      },
      {
        "id": 586827,
        "name": "Pranaav",
        "username": "23f1002223",
        "avatar_template": "/user_avatar/discourse.onlinedegree.iitm.ac.in/23f1002223/{size}/68963_2.png",
        "created_at": "2025-01-27T15:06:04.056Z",
        "cooked": "Good evening, I have submitted my GA1 in the ex website\nimage1895\u00d7885 65.2 KBI\nhowever, I was unable to submit [press the yes] on the iitm TDS coursework site.\nI just wanted to confirm that my assignment will be graded and taken into consideration.\nThank you",
        "post_number": 13,
        "post_type": 1,
        "posts_count": 24,
        "updated_at": "2025-01-28T08:04:54.101Z",
        "reply_count": 2,
        "reply_to_post_number": null,
        "quote_count": 0,
        "incoming_link_count": 0,
        "reads": 37,
        "readers_count": 36,
        "score": 17.2,
        "yours": false,
        "topic_id": 165396,
        "topic_slug": "graded-assignment-1-submission-not-shown",
        "display_username": "Pranaav",
        "primary_group_name": "ds-students",
        "flair_name": "ds-students",
        "flair_url": null,
        "flair_bg_color": "",
        "flair_color": "",
        "flair_group_id": 294,
        "badges_granted": [],
        "version": 1,
        "can_edit": false,
        "can_delete": false,
        "can_recover": false,
        "can_see_hidden_post": false,
        "can_wiki": false,
        "link_counts": [
          {
            "url": "https://discourse.onlinedegree.iitm.ac.in/t/ga1-development-tools-discussion-thread-tds-jan-2025/161083/126",
            "internal": true,
            "reflection": true,
            "title": "GA1 - Development Tools - Discussion Thread [TDS Jan 2025]",
            "clicks": 0
          }
        ],
        "read": false,
        "user_title": null,
        "bookmarked": false,
        "actions_summary": [
          {
            "id": 2,
            "can_act": true
          },
          {
            "id": 6,
            "can_act": true
          },
          {
            "id": 3,
            "can_act": true
          },
          {
            "id": 4,
            "can_act": true
          },
          {
            "id": 8,
            "can_act": true
          },
          {
            "id": 10,
            "can_act": true
          },
          {
            "id": 7,
            "can_act": true
          }
        ],
        "moderator": false,
        "admin": false,
        "staff": false,
        "user_id": 17135,
        "hidden": false,
        "trust_level": 1,
        "deleted_at": null,
        "user_deleted": false,
        "edit_reason": null,
        "can_view_edit_history": true,
        "wiki": false,
        "post_url": "/t/graded-assignment-1-submission-not-shown/165396/13",
        "user_cakedate": "2023-06-02",
        "reactions": [],
        "current_user_reaction": null,
        "reaction_users_count": 0,
        "current_user_used_main_reaction": false,
        "can_accept_answer": false,
        "can_unaccept_answer": false,
        "accepted_answer": false,
        "topic_accepted_answer": null
      },
      {
        "id": 586882,
        "name": "Kevin Jose Edacheril",
        "username": "22f3001365",
        "avatar_template": "/user_avatar/discourse.onlinedegree.iitm.ac.in/22f3001365/{size}/67184_2.png",
        "created_at": "2025-01-27T17:53:42.723Z",
        "cooked": "hi\neven i have faced the same issue",
        "post_number": 14,
        "post_type": 1,
        "posts_count": 24,
        "updated_at": "2025-01-28T08:04:54.105Z",
        "reply_count": 0,
        "reply_to_post_number": 13,
        "quote_count": 0,
        "incoming_link_count": 0,
        "reads": 36,
        "readers_count": 35,
        "score": 7.0,
        "yours": false,
        "topic_id": 165396,
        "topic_slug": "graded-assignment-1-submission-not-shown",
        "display_username": "Kevin Jose Edacheril",
        "primary_group_name": "ds-students",
        "flair_name": "ds-students",
        "flair_url": null,
        "flair_bg_color": "",
        "flair_color": "",
        "flair_group_id": 294,
        "badges_granted": [],
        "version": 1,
        "can_edit": false,
        "can_delete": false,
        "can_recover": false,
        "can_see_hidden_post": false,
        "can_wiki": false,
        "read": false,
        "user_title": null,
        "reply_to_user": {
          "id": 17135,
          "username": "23f1002223",
          "name": "Pranaav",
          "avatar_template": "/user_avatar/discourse.onlinedegree.iitm.ac.in/23f1002223/{size}/68963_2.png"
        },
        "bookmarked": false,
        "actions_summary": [
          {
            "id": 2,
            "can_act": true
          },
          {
            "id": 6,
            "can_act": true
          },
          {
            "id": 3,
            "can_act": true
          },
          {
            "id": 4,
            "can_act": true
          },
          {
            "id": 8,
            "can_act": true
          },
          {
            "id": 10,
            "can_act": true
          },
          {
            "id": 7,
            "can_act": true
          }
        ],
        "moderator": false,
        "admin": false,
        "staff": false,
        "user_id": 17673,
        "hidden": false,
        "trust_level": 1,
        "deleted_at": null,
        "user_deleted": false,
        "edit_reason": null,
        "can_view_edit_history": true,
        "wiki": false,
        "post_url": "/t/graded-assignment-1-submission-not-shown/165396/14",
        "user_cakedate": "2023-06-03",
        "reactions": [],
        "current_user_reaction": null,
        "reaction_users_count": 0,
        "current_user_used_main_reaction": false,
        "can_accept_answer": false,
        "can_unaccept_answer": false,
        "accepted_answer": false,
        "topic_accepted_answer": null
      },
      {
        "id": 587009,
        "name": "Anshuman Dave",
        "username": "Anshuman_Dave",
        "avatar_template": "/user_avatar/discourse.onlinedegree.iitm.ac.in/anshuman_dave/{size}/66858_2.png",
        "created_at": "2025-01-28T06:14:06.723Z",
        "cooked": "@Jivraj @carlton I had made my submission for GA1 on the website and also secured 9/10, image attached as shown. But in the course dashboard i missed out on the trivial step of clicking Yes. Since i am also logged in from my email on the evaluatio website and my score is saved, can iT PLEASE be considered for evaluation.\nimage856\u00d7693 86.9 KB",
        "post_number": 15,
        "post_type": 1,
        "posts_count": 24,
        "updated_at": "2025-01-28T08:04:54.108Z",
        "reply_count": 0,
        "reply_to_post_number": null,
        "quote_count": 0,
        "incoming_link_count": 0,
        "reads": 34,
        "readers_count": 33,
        "score": 6.6,
        "yours": false,
        "topic_id": 165396,
        "topic_slug": "graded-assignment-1-submission-not-shown",
        "display_username": "Anshuman Dave",
        "primary_group_name": "ds-students",
        "flair_name": "ds-students",
        "flair_url": null,
        "flair_bg_color": "",
        "flair_color": "",
        "flair_group_id": 294,
        "badges_granted": [],
        "version": 1,
        "can_edit": false,
        "can_delete": false,
        "can_recover": false,
        "can_see_hidden_post": false,
        "can_wiki": false,
        "read": false,
        "user_title": null,
        "bookmarked": false,
        "actions_summary": [
          {
            "id": 2,
            "can_act": true
          },
          {
            "id": 6,
            "can_act": true
          },
          {
            "id": 3,
            "can_act": true
          },
          {
            "id": 4,
            "can_act": true
          },
          {
            "id": 8,
            "can_act": true
          },
          {
            "id": 10,
            "can_act": true
          },
          {
            "id": 7,
            "can_act": true
          }
        ],
        "moderator": false,
        "admin": false,
        "staff": false,
        "user_id": 21217,
        "hidden": false,
        "trust_level": 0,
        "deleted_at": null,
        "user_deleted": false,
        "edit_reason": null,
        "can_view_edit_history": true,
        "wiki": false,
        "post_url": "/t/graded-assignment-1-submission-not-shown/165396/15",
        "user_cakedate": "2023-06-28",
        "reactions": [],
        "current_user_reaction": null,
        "reaction_users_count": 0,
        "current_user_used_main_reaction": false,
        "can_accept_answer": false,
        "can_unaccept_answer": false,
        "accepted_answer": false,
        "topic_accepted_answer": null
      },
      {
        "id": 587078,
        "name": "Carlton D'Silva",
        "username": "carlton",
        "avatar_template": "/user_avatar/discourse.onlinedegree.iitm.ac.in/carlton/{size}/56317_2.png",
        "created_at": "2025-01-28T08:06:59.187Z",
        "cooked": "@Thinesh @23f1002223 @22f3001365 @Anshuman_Dave\n\n\n\n\nGraded assignment 1 - Submission not shown Tools in Data Science\n\n\n@Muthupalaniappan \nIt is saying you did not attempt it because you did not answer the seek portal question. \nYou are not graded on the seek portal question. It only exists to make sure you saw the GA and attempted it. You are only graded on your submission of GA1 on the actual assignment page where your last saved submission is used for grading. \nKind regards\n  \n\nPlease refer to this post.\nKind regards",
        "post_number": 16,
        "post_type": 1,
        "posts_count": 24,
        "updated_at": "2025-01-28T08:06:59.187Z",
        "reply_count": 0,
        "reply_to_post_number": 13,
        "quote_count": 0,
        "incoming_link_count": 0,
        "reads": 28,
        "readers_count": 27,
        "score": 35.6,
        "yours": false,
        "topic_id": 165396,
        "topic_slug": "graded-assignment-1-submission-not-shown",
        "display_username": "Carlton D'Silva",
        "primary_group_name": "ds-students",
        "flair_name": "ds-students",
        "flair_url": null,
        "flair_bg_color": "",
        "flair_color": "",
        "flair_group_id": 294,
        "badges_granted": [],
        "version": 1,
        "can_edit": false,
        "can_delete": false,
        "can_recover": false,
        "can_see_hidden_post": false,
        "can_wiki": false,
        "read": false,
        "user_title": "Regular",
        "title_is_group": false,
        "reply_to_user": {
          "id": 17135,
          "username": "23f1002223",
          "name": "Pranaav",
          "avatar_template": "/user_avatar/discourse.onlinedegree.iitm.ac.in/23f1002223/{size}/68963_2.png"
        },
        "bookmarked": false,
        "actions_summary": [
          {
            "id": 2,
            "count": 2,
            "can_act": true
          },
          {
            "id": 6,
            "can_act": true
          },
          {
            "id": 3,
            "can_act": true
          },
          {
            "id": 4,
            "can_act": true
          },
          {
            "id": 8,
            "can_act": true
          },
          {
            "id": 10,
            "can_act": true
          },
          {
            "id": 7,
            "can_act": true
          }
        ],
        "moderator": false,
        "admin": false,
        "staff": false,
        "group_moderator": true,
        "user_id": 16094,
        "hidden": false,
        "trust_level": 3,
        "deleted_at": null,
        "user_deleted": false,
        "edit_reason": null,
        "can_view_edit_history": true,
        "wiki": false,
        "post_url": "/t/graded-assignment-1-submission-not-shown/165396/16",
        "user_cakedate": "2023-01-25",
        "reactions": [
          {
            "id": "heart",
            "type": "emoji",
            "count": 2
          }
        ],
        "current_user_reaction": null,
        "reaction_users_count": 2,
        "current_user_used_main_reaction": false,
        "can_accept_answer": false,
        "can_unaccept_answer": false,
        "accepted_answer": false,
        "topic_accepted_answer": null
      },
      {
        "id": 587730,
        "name": "MANAN SHAH",
        "username": "Mandy",
        "avatar_template": "/user_avatar/discourse.onlinedegree.iitm.ac.in/mandy/{size}/119300_2.png",
        "created_at": "2025-01-29T19:53:05.212Z",
        "cooked": "image941\u00d7849 35.1 KB",
        "post_number": 17,
        "post_type": 1,
        "posts_count": 24,
        "updated_at": "2025-01-30T03:58:49.840Z",
        "reply_count": 0,
        "reply_to_post_number": null,
        "quote_count": 0,
        "incoming_link_count": 0,
        "reads": 17,
        "readers_count": 16,
        "score": 3.4,
        "yours": false,
        "topic_id": 165396,
        "topic_slug": "graded-assignment-1-submission-not-shown",
        "display_username": "MANAN SHAH",
        "primary_group_name": "ds-students",
        "flair_name": "ds-students",
        "flair_url": null,
        "flair_bg_color": "",
        "flair_color": "",
        "flair_group_id": 294,
        "badges_granted": [],
        "version": 1,
        "can_edit": false,
        "can_delete": false,
        "can_recover": false,
        "can_see_hidden_post": false,
        "can_wiki": false,
        "read": false,
        "user_title": null,
        "bookmarked": false,
        "actions_summary": [
          {
            "id": 2,
            "can_act": true
          },
          {
            "id": 6,
            "can_act": true
          },
          {
            "id": 3,
            "can_act": true
          },
          {
            "id": 4,
            "can_act": true
          },
          {
            "id": 8,
            "can_act": true
          },
          {
            "id": 10,
            "can_act": true
          },
          {
            "id": 7,
            "can_act": true
          }
        ],
        "moderator": false,
        "admin": false,
        "staff": false,
        "user_id": 27512,
        "hidden": false,
        "trust_level": 0,
        "deleted_at": null,
        "user_deleted": false,
        "edit_reason": null,
        "can_view_edit_history": true,
        "wiki": false,
        "post_url": "/t/graded-assignment-1-submission-not-shown/165396/17",
        "user_cakedate": "2024-02-06",
        "reactions": [],
        "current_user_reaction": null,
        "reaction_users_count": 0,
        "current_user_used_main_reaction": false,
        "can_accept_answer": false,
        "can_unaccept_answer": false,
        "accepted_answer": false,
        "topic_accepted_answer": null
      },
      {
        "id": 587729,
        "name": "Carlton D'Silva",
        "username": "carlton",
        "avatar_template": "/user_avatar/discourse.onlinedegree.iitm.ac.in/carlton/{size}/56317_2.png",
        "created_at": "2025-01-30T03:58:21.931Z",
        "cooked": "Hi Mandy,\nYour scores will be pushed to the Dashboard from your saved submissions. Ignore the seek Portal result (that was a placeholder question to make students aware that GA had been released).\nKind regards",
        "post_number": 18,
        "post_type": 1,
        "posts_count": 24,
        "updated_at": "2025-01-30T03:58:49.995Z",
        "reply_count": 1,
        "reply_to_post_number": null,
        "quote_count": 0,
        "incoming_link_count": 0,
        "reads": 17,
        "readers_count": 16,
        "score": 8.4,
        "yours": false,
        "topic_id": 165396,
        "topic_slug": "graded-assignment-1-submission-not-shown",
        "display_username": "Carlton D'Silva",
        "primary_group_name": "ds-students",
        "flair_name": "ds-students",
        "flair_url": null,
        "flair_bg_color": "",
        "flair_color": "",
        "flair_group_id": 294,
        "badges_granted": [],
        "version": 1,
        "can_edit": false,
        "can_delete": false,
        "can_recover": false,
        "can_see_hidden_post": false,
        "can_wiki": false,
        "read": false,
        "user_title": "Regular",
        "title_is_group": false,
        "bookmarked": false,
        "actions_summary": [
          {
            "id": 2,
            "can_act": true
          },
          {
            "id": 6,
            "can_act": true
          },
          {
            "id": 3,
            "can_act": true
          },
          {
            "id": 4,
            "can_act": true
          },
          {
            "id": 8,
            "can_act": true
          },
          {
            "id": 10,
            "can_act": true
          },
          {
            "id": 7,
            "can_act": true
          }
        ],
        "moderator": false,
        "admin": false,
        "staff": false,
        "group_moderator": true,
        "user_id": 16094,
        "hidden": false,
        "trust_level": 3,
        "deleted_at": null,
        "user_deleted": false,
        "edit_reason": null,
        "can_view_edit_history": true,
        "wiki": false,
        "post_url": "/t/graded-assignment-1-submission-not-shown/165396/18",
        "user_cakedate": "2023-01-25",
        "reactions": [],
        "current_user_reaction": null,
        "reaction_users_count": 0,
        "current_user_used_main_reaction": false,
        "can_accept_answer": false,
        "can_unaccept_answer": false,
        "accepted_answer": false,
        "topic_accepted_answer": null
      },
      {
        "id": 587858,
        "name": "Shikha",
        "username": "23ds2000134",
        "avatar_template": "/user_avatar/discourse.onlinedegree.iitm.ac.in/23ds2000134/{size}/67327_2.png",
        "created_at": "2025-01-30T11:29:14.181Z",
        "cooked": "I have done my GA1 and scored 10/10 still it\u2019s showing 0 on my dashboard.\nGA11519\u00d7799 75.2 KB",
        "post_number": 19,
        "post_type": 1,
        "posts_count": 24,
        "updated_at": "2025-01-30T11:29:14.181Z",
        "reply_count": 1,
        "reply_to_post_number": 18,
        "quote_count": 0,
        "incoming_link_count": 0,
        "reads": 22,
        "readers_count": 21,
        "score": 9.0,
        "yours": false,
        "topic_id": 165396,
        "topic_slug": "graded-assignment-1-submission-not-shown",
        "display_username": "Shikha",
        "primary_group_name": "ds-students",
        "flair_name": "ds-students",
        "flair_url": null,
        "flair_bg_color": "",
        "flair_color": "",
        "flair_group_id": 294,
        "badges_granted": [],
        "version": 1,
        "can_edit": false,
        "can_delete": false,
        "can_recover": false,
        "can_see_hidden_post": false,
        "can_wiki": false,
        "read": false,
        "user_title": null,
        "reply_to_user": {
          "id": 16094,
          "username": "carlton",
          "name": "Carlton D'Silva",
          "avatar_template": "/user_avatar/discourse.onlinedegree.iitm.ac.in/carlton/{size}/56317_2.png"
        },
        "bookmarked": false,
        "actions_summary": [
          {
            "id": 2,
            "can_act": true
          },
          {
            "id": 6,
            "can_act": true
          },
          {
            "id": 3,
            "can_act": true
          },
          {
            "id": 4,
            "can_act": true
          },
          {
            "id": 8,
            "can_act": true
          },
          {
            "id": 10,
            "can_act": true
          },
          {
            "id": 7,
            "can_act": true
          }
        ],
        "moderator": false,
        "admin": false,
        "staff": false,
        "user_id": 25551,
        "hidden": false,
        "trust_level": 0,
        "deleted_at": null,
        "user_deleted": false,
        "edit_reason": null,
        "can_view_edit_history": true,
        "wiki": false,
        "post_url": "/t/graded-assignment-1-submission-not-shown/165396/19",
        "user_cakedate": "2024-01-21",
        "reactions": [],
        "current_user_reaction": null,
        "reaction_users_count": 0,
        "current_user_used_main_reaction": false,
        "can_accept_answer": false,
        "can_unaccept_answer": false,
        "accepted_answer": false,
        "topic_accepted_answer": null
      },
      {
        "id": 587859,
        "name": "Shikha",
        "username": "23ds2000134",
        "avatar_template": "/user_avatar/discourse.onlinedegree.iitm.ac.in/23ds2000134/{size}/67327_2.png",
        "created_at": "2025-01-30T11:30:13.099Z",
        "cooked": "TDS GA11080\u00d7371 18.9 KB\nWrong GA1 score on my dashboard",
        "post_number": 20,
        "post_type": 1,
        "posts_count": 24,
        "updated_at": "2025-01-30T11:30:13.099Z",
        "reply_count": 1,
        "reply_to_post_number": 19,
        "quote_count": 0,
        "incoming_link_count": 0,
        "reads": 23,
        "readers_count": 22,
        "score": 9.2,
        "yours": false,
        "topic_id": 165396,
        "topic_slug": "graded-assignment-1-submission-not-shown",
        "display_username": "Shikha",
        "primary_group_name": "ds-students",
        "flair_name": "ds-students",
        "flair_url": null,
        "flair_bg_color": "",
        "flair_color": "",
        "flair_group_id": 294,
        "badges_granted": [],
        "version": 1,
        "can_edit": false,
        "can_delete": false,
        "can_recover": false,
        "can_see_hidden_post": false,
        "can_wiki": false,
        "read": false,
        "user_title": null,
        "reply_to_user": {
          "id": 25551,
          "username": "23ds2000134",
          "name": "Shikha",
          "avatar_template": "/user_avatar/discourse.onlinedegree.iitm.ac.in/23ds2000134/{size}/67327_2.png"
        },
        "bookmarked": false,
        "actions_summary": [
          {
            "id": 2,
            "can_act": true
          },
          {
            "id": 6,
            "can_act": true
          },
          {
            "id": 3,
            "can_act": true
          },
          {
            "id": 4,
            "can_act": true
          },
          {
            "id": 8,
            "can_act": true
          },
          {
            "id": 10,
            "can_act": true
          },
          {
            "id": 7,
            "can_act": true
          }
        ],
        "moderator": false,
        "admin": false,
        "staff": false,
        "user_id": 25551,
        "hidden": false,
        "trust_level": 0,
        "deleted_at": null,
        "user_deleted": false,
        "edit_reason": null,
        "can_view_edit_history": true,
        "wiki": false,
        "post_url": "/t/graded-assignment-1-submission-not-shown/165396/20",
        "user_cakedate": "2024-01-21",
        "reactions": [],
        "current_user_reaction": null,
        "reaction_users_count": 0,
        "current_user_used_main_reaction": false,
        "can_accept_answer": false,
        "can_unaccept_answer": false,
        "accepted_answer": false,
        "topic_accepted_answer": null
      }
    ],
    "stream": [
      586492,
      586525,
      586571,
      586577,
      586589,
      586590,
      586663,
      586677,
      586747,
      586750,
      587073,
      587076,
      586827,
      586882,
      587009,
      587078,
      587730,
      587729,
      587858,
      587859,
      587860,
      587866,
      588259,
      588270
    ]
  },
  "timeline_lookup": [
    [
      1,
      137
    ],
    [
      2,
      136
    ],
    [
      11,
      135
    ],
    [
      13,
      136
    ],
    [
      15,
      135
    ],
    [
      17,
      134
    ],
    [
      18,
      133
    ],
    [
      23,
      132
    ]
  ],
  "tags": [
    "clarification",
    "operational",
    "course-selection",
    "diploma-level"
  ],
  "tags_descriptions": {},
  "id": 165396,
  "title": "Graded assignment 1 - Submission not shown",
  "fancy_title": "Graded assignment 1 - Submission not shown",
  "posts_count": 24,
  "created_at": "2025-01-26T19:31:14.591Z",
  "views": 134,
  "reply_count": 13,
  "like_count": 2,
  "last_posted_at": "2025-01-31T13:42:02.551Z",
  "visible": true,
  "closed": false,
  "archived": false,
  "has_summary": false,
  "archetype": "regular",
  "slug": "graded-assignment-1-submission-not-shown",
  "category_id": 34,
  "word_count": 948,
  "deleted_at": null,
  "user_id": 11218,
  "featured_link": null,
  "pinned_globally": false,
  "pinned_at": null,
  "pinned_until": null,
  "image_url": "https://europe1.discourse-cdn.com/flex013/uploads/iitm/optimized/3X/0/2/02d5c238cb5d933e537ef2c236c52132ffcfa333_2_1024x402.png",
  "slow_mode_seconds": 0,
  "draft": null,
  "draft_key": "topic_165396",
  "draft_sequence": 0,
  "unpinned": null,
  "pinned": false,
  "current_post_number": 1,
  "highest_post_number": 24,
  "deleted_by": null,
  "actions_summary": [
    {
      "id": 4,
      "count": 0,
      "hidden": false,
      "can_act": true
    },
    {
      "id": 8,
      "count": 0,
      "hidden": false,
      "can_act": true
    },
    {
      "id": 10,
      "count": 0,
      "hidden": false,
      "can_act": true
    },
    {
      "id": 7,
      "count": 0,
      "hidden": false,
      "can_act": true
    }
  ],
  "chunk_size": 20,
  "bookmarked": false,
  "topic_timer": null,
  "message_bus_last_id": 0,
  "participant_count": 13,
  "show_read_indicator": false,
  "thumbnails": [
    {
      "max_width": null,
      "max_height": null,
      "width": 1340,
      "height": 527,
      "url": "https://europe1.discourse-cdn.com/flex013/uploads/iitm/original/3X/0/2/02d5c238cb5d933e537ef2c236c52132ffcfa333.png"
    },
    {
      "max_width": 1024,
      "max_height": 1024,
      "width": 1024,
      "height": 402,
      "url": "https://europe1.discourse-cdn.com/flex013/uploads/iitm/optimized/3X/0/2/02d5c238cb5d933e537ef2c236c52132ffcfa333_2_1024x402.png"
    }
  ],
  "slow_mode_enabled_until": null,
  "tags_disable_ads": false,
  "related_topics": null,
  "summarizable": false,
  "valid_reactions": [
    "heart",
    "+1",
    "laughing",
    "open_mouth",
    "clap",
    "confetti_ball",
    "rocket",
    "-1"
  ],
  "can_vote": false,
  "vote_count": 0,
  "user_voted": false,
  "discourse_zendesk_plugin_zendesk_id": null,
  "discourse_zendesk_plugin_zendesk_url": "https://your-url.zendesk.com/agent/tickets/",
  "details": {
    "can_edit": false,
    "notification_level": 1,
    "can_create_post": true,
    "can_reply_as_new_topic": true,
    "can_flag_topic": true,
    "participants": [
      {
        "id": 16094,
        "username": "carlton",
        "name": "Carlton D'Silva",
        "avatar_template": "/user_avatar/discourse.onlinedegree.iitm.ac.in/carlton/{size}/56317_2.png",
        "post_count": 9,
        "primary_group_name": "ds-students",
        "flair_name": "ds-students",
        "flair_url": null,
        "flair_color": "",
        "flair_bg_color": "",
        "flair_group_id": 294,
        "trust_level": 3
      },
      {
        "id": 25551,
        "username": "23ds2000134",
        "name": "Shikha",
        "avatar_template": "/user_avatar/discourse.onlinedegree.iitm.ac.in/23ds2000134/{size}/67327_2.png",
        "post_count": 3,
        "primary_group_name": "ds-students",
        "flair_name": "ds-students",
        "flair_url": null,
        "flair_color": "",
        "flair_bg_color": "",
        "flair_group_id": 294,
        "trust_level": 0
      },
      {
        "id": 7762,
        "username": "21f3000599",
        "name": "Kundan Kumar",
        "avatar_template": "/user_avatar/discourse.onlinedegree.iitm.ac.in/21f3000599/{size}/981_2.png",
        "post_count": 2,
        "primary_group_name": "ds-students",
        "flair_name": "ds-students",
        "flair_url": null,
        "flair_color": "",
        "flair_bg_color": "",
        "flair_group_id": 294,
        "trust_level": 1
      },
      {
        "id": 11218,
        "username": "Muthupalaniappan",
        "name": "Muthupalaniappan",
        "avatar_template": "/user_avatar/discourse.onlinedegree.iitm.ac.in/muthupalaniappan/{size}/18686_2.png",
        "post_count": 1,
        "primary_group_name": "ds-students",
        "flair_name": "ds-students",
        "flair_url": null,
        "flair_color": "",
        "flair_bg_color": "",
        "flair_group_id": 294,
        "trust_level": 1
      },
      {
        "id": 17135,
        "username": "23f1002223",
        "name": "Pranaav",
        "avatar_template": "/user_avatar/discourse.onlinedegree.iitm.ac.in/23f1002223/{size}/68963_2.png",
        "post_count": 1,
        "primary_group_name": "ds-students",
        "flair_name": "ds-students",
        "flair_url": null,
        "flair_color": "",
        "flair_bg_color": "",
        "flair_group_id": 294,
        "trust_level": 1
      },
      {
        "id": 27901,
        "username": "Thinesh",
        "name": "Thinesh Kumar S",
        "avatar_template": "/user_avatar/discourse.onlinedegree.iitm.ac.in/thinesh/{size}/112079_2.png",
        "post_count": 1,
        "primary_group_name": "ds-students",
        "flair_name": "ds-students",
        "flair_url": null,
        "flair_color": "",
        "flair_bg_color": "",
        "flair_group_id": 294,
        "trust_level": 0
      },
      {
        "id": 16427,
        "username": "22f3002539",
        "name": "Atharva Athawale",
        "avatar_template": "/user_avatar/discourse.onlinedegree.iitm.ac.in/22f3002539/{size}/67405_2.png",
        "post_count": 1,
        "primary_group_name": "ds-students",
        "flair_name": "ds-students",
        "flair_url": null,
        "flair_color": "",
        "flair_bg_color": "",
        "flair_group_id": 294,
        "trust_level": 1
      },
      {
        "id": 21217,
        "username": "Anshuman_Dave",
        "name": "Anshuman Dave",
        "avatar_template": "/user_avatar/discourse.onlinedegree.iitm.ac.in/anshuman_dave/{size}/66858_2.png",
        "post_count": 1,
        "primary_group_name": "ds-students",
        "flair_name": "ds-students",
        "flair_url": null,
        "flair_color": "",
        "flair_bg_color": "",
        "flair_group_id": 294,
        "trust_level": 0
      },
      {
        "id": 26496,
        "username": "23f2005471",
        "name": "Khushi Shah",
        "avatar_template": "/user_avatar/discourse.onlinedegree.iitm.ac.in/23f2005471/{size}/68610_2.png",
        "post_count": 1,
        "primary_group_name": "ds-students",
        "flair_name": "ds-students",
        "flair_url": null,
        "flair_color": "",
        "flair_bg_color": "",
        "flair_group_id": 294,
        "trust_level": 1
      },
      {
        "id": 22552,
        "username": "Venkatesh_2k01",
        "name": "VENKATESWARLU THATHA ",
        "avatar_template": "/user_avatar/discourse.onlinedegree.iitm.ac.in/venkatesh_2k01/{size}/119822_2.png",
        "post_count": 1,
        "primary_group_name": "ds-students",
        "flair_name": "ds-students",
        "flair_url": null,
        "flair_color": "",
        "flair_bg_color": "",
        "flair_group_id": 294,
        "trust_level": 1
      },
      {
        "id": 17673,
        "username": "22f3001365",
        "name": "Kevin Jose Edacheril",
        "avatar_template": "/user_avatar/discourse.onlinedegree.iitm.ac.in/22f3001365/{size}/67184_2.png",
        "post_count": 1,
        "primary_group_name": "ds-students",
        "flair_name": "ds-students",
        "flair_url": null,
        "flair_color": "",
        "flair_bg_color": "",
        "flair_group_id": 294,
        "trust_level": 1
      },
      {
        "id": 7795,
        "username": "Yogesh1",
        "name": "Yogesh",
        "avatar_template": "/user_avatar/discourse.onlinedegree.iitm.ac.in/yogesh1/{size}/32697_2.png",
        "post_count": 1,
        "primary_group_name": "ds-students",
        "flair_name": "ds-students",
        "flair_url": null,
        "flair_color": "",
        "flair_bg_color": "",
        "flair_group_id": 294,
        "trust_level": 1
      },
      {
        "id": 27512,
        "username": "Mandy",
        "name": "MANAN SHAH",
        "avatar_template": "/user_avatar/discourse.onlinedegree.iitm.ac.in/mandy/{size}/119300_2.png",
        "post_count": 1,
        "primary_group_name": "ds-students",
        "flair_name": "ds-students",
        "flair_url": null,
        "flair_color": "",
        "flair_bg_color": "",
        "flair_group_id": 294,
        "trust_level": 0
      }
    ],
    "created_by": {
      "id": 11218,
      "username": "Muthupalaniappan",
      "name": "Muthupalaniappan",
      "avatar_template": "/user_avatar/discourse.onlinedegree.iitm.ac.in/muthupalaniappan/{size}/18686_2.png"
    },
    "last_poster": {
      "id": 16094,
      "username": "carlton",
      "name": "Carlton D'Silva",
      "avatar_template": "/user_avatar/discourse.onlinedegree.iitm.ac.in/carlton/{size}/56317_2.png"
    }
  },
  "pending_posts": [],
  "bookmarks": []
}