{
  "post_stream": {
    "posts": [
      {
        "id": 599595,
        "name": "Carlton D'Silva",
        "username": "carlton",
        "avatar_template": "/user_avatar/discourse.onlinedegree.iitm.ac.in/carlton/{size}/56317_2.png",
        "created_at": "2025-02-25T13:32:03.835Z",
        "cooked": "Dear Learner,\nUpdate 6\nHere is link to roe checklist file used in Friday(28 feb) session: ROE Checklist.docx - Google Docs\nAll the best\nTds team\nUpdate 5\n28/02/2025 1:05 pm\nDear Learner,\nPlease find the link to Mock ROE 4. This is the final Mock before actual ROE.\n\n\ndrive.google.com\n\n\n\nmock_roe_4.pdf\nGoogle Drive file.\n\n\n\n\n\nWe have a special session scheduled for tonight from 8pm to 10pm. We will be sharing some important information during that session which will help you for your ROE. It is available in your google calendar.\nThe meet link for that session is:\nROE Preparation - TDS\nFriday, February 28 \u00b7 8:00 \u2013 10:00pm\nTime zone: Asia/Kolkata\nVideo call link: https://meet.google.com/nnq-sxqh-ryw\nThe session will be recorded and live streamed on YouTube.\nIt will be available on the TDS YouTube Playlist later.\nKind regards,\nTDS Team\nUpdate 4\n27/02/2025 7:18pm\nDear Learner,\nPlease find the link to Mock ROE 3 below. Note the datasets links are present inside the given document (there are more than 1):\n\n\ndrive.google.com\n\n\n\nMOCK ROE 3.pdf\nGoogle Drive file.\n\n\n\n\n\nThe estimated time for this Mock ROE 3 is 45 mins.\nAll the best,\nTDS Team\nUpdate 3\n26/02/2025 8:11 pm\nDear Learner\nPlease access the Mock ROE 2 at this link:\n\n\n\nexam.sanand.workers.dev\n\n\nTechnical Assessment\n\n\n\n\n\nThere is no time limit for this Mock. The expected time to solve this ROE is 45 mins. Set an alarm and try it.\nAfter the session at 9pm there will be a session where we will show you the solutions step by step (not like the previous session which was a demo of ROE).\nTo check your answers you will need to run the following script in the console.\ninputs = document.querySelectorAll('input')\ntextboxes = document.querySelectorAll(\"textarea\")\nbuttons = document.querySelectorAll(\"button\")\ninputs.forEach(input => input.removeAttribute('disabled'));\nbuttons.forEach(input => input.removeAttribute('disabled'));\ntextboxes.forEach(input => input.removeAttribute('disabled'));\n\nDo not submit or save your answers.\nAll the best!\nKind regards\nTDS Team\nUpdate 2\n26/02/2025 11:00 am\nWe will be releasing Mock 2 tonight on an exam portal at 8pm (no time limit).\nThe link for the Mock 2 will be available in this post as well as in the Seek Portal. An email will also be sent with the link to Mock 2.\nWe will be conducting a solving session at 9pm. This will be a regular teaching session (not like the first session on Tuesday 25/02/25 which was a real preview of what ROE looks like).\nKind regards,\nTDS Team\n\nUpdate 1\n25/02/2025 7:46pm\nWe have now closed the mock submissions.\nBoth the dataset and the form submissions will reopen after tonights live session.\n\nAnnouncement\n25/02/2025\nThis same information is available in the seek portal as well.\nThe data for Mock ROE 1 is available at this link:\nJivraj-18/tds-jan-2025-mock-roe-1\nThe questions for Mock ROE 1 is available at this link:\nhttps://forms.gle/UWhvLQvjrJmnvMSn6\nIMPORTANT: We will accept only a single submission of the Mock Question Form. Solve all the questions first, and then fill the form and make a single submission at the end.\nThe form submission will be temporarily closed after 8pm.\nWe have provided this for you to test yourself. The expected time to complete this Mock ROE is 45 mins.\nWe will allow access to the Mock ROE and the question form after the live solving session tonight.\nAll the best!",
        "post_number": 1,
        "post_type": 1,
        "posts_count": 80,
        "updated_at": "2025-03-01T08:45:40.990Z",
        "reply_count": 0,
        "reply_to_post_number": null,
        "quote_count": 0,
        "incoming_link_count": 30,
        "reads": 247,
        "readers_count": 246,
        "score": 258.6,
        "yours": false,
        "topic_id": 168449,
        "topic_slug": "mock-roe-1-2-3-4-tds-jan-2025",
        "display_username": "Carlton D'Silva",
        "primary_group_name": "ds-students",
        "flair_name": "ds-students",
        "flair_url": null,
        "flair_bg_color": "",
        "flair_color": "",
        "flair_group_id": 294,
        "badges_granted": [],
        "version": 10,
        "can_edit": false,
        "can_delete": false,
        "can_recover": false,
        "can_see_hidden_post": false,
        "can_wiki": false,
        "link_counts": [
          {
            "url": "https://docs.google.com/document/d/1WqycKoNlV_lh40mxlTUo4w9Eh4gvjcQ9/edit?usp=drivesdk&ouid=110677822449295284223&rtpof=true&sd=true",
            "internal": false,
            "reflection": false,
            "title": "ROE Checklist.docx - Google Docs",
            "clicks": 27
          },
          {
            "url": "https://exam.sanand.workers.dev/tds-2024-sep-roe1",
            "internal": false,
            "reflection": false,
            "title": "Technical Assessment",
            "clicks": 24
          },
          {
            "url": "https://forms.gle/UWhvLQvjrJmnvMSn6",
            "internal": false,
            "reflection": false,
            "clicks": 21
          },
          {
            "url": "https://drive.google.com/file/d/1Qg_KPFup6Tu49RP5qGRVnU13j1QKiilq/edit",
            "internal": false,
            "reflection": false,
            "title": "mock_roe_4.pdf - Google Drive",
            "clicks": 18
          },
          {
            "url": "https://drive.google.com/file/d/1kQKiBccRn6sUV_dvjk3ROZQKrc50oHfq/edit",
            "internal": false,
            "reflection": false,
            "title": "MOCK ROE 3.pdf - Google Drive",
            "clicks": 11
          },
          {
            "url": "https://github.com/Jivraj-18/tds-jan-2025-mock-roe-1",
            "internal": false,
            "reflection": false,
            "title": "GitHub - Jivraj-18/tds-jan-2025-mock-roe-1",
            "clicks": 6
          },
          {
            "url": "https://meet.google.com/nnq-sxqh-ryw",
            "internal": false,
            "reflection": false,
            "clicks": 3
          }
        ],
        "read": false,
        "user_title": "Regular",
        "title_is_group": false,
        "bookmarked": false,
        "actions_summary": [
          {
            "id": 2,
            "count": 4,
            "can_act": true
          },
          {
            "id": 6,
            "can_act": true
          },
          {
            "id": 3,
            "can_act": true
          },
          {
            "id": 4,
            "can_act": true
          },
          {
            "id": 8,
            "can_act": true
          },
          {
            "id": 10,
            "can_act": true
          },
          {
            "id": 7,
            "can_act": true
          }
        ],
        "moderator": false,
        "admin": false,
        "staff": false,
        "group_moderator": true,
        "user_id": 16094,
        "hidden": false,
        "trust_level": 3,
        "deleted_at": null,
        "user_deleted": false,
        "edit_reason": null,
        "can_view_edit_history": true,
        "wiki": false,
        "post_url": "/t/mock-roe-1-2-3-4-tds-jan-2025/168449/1",
        "user_cakedate": "2023-01-25",
        "reactions": [
          {
            "id": "heart",
            "type": "emoji",
            "count": 4
          }
        ],
        "current_user_reaction": null,
        "reaction_users_count": 4,
        "current_user_used_main_reaction": false,
        "can_accept_answer": false,
        "can_unaccept_answer": false,
        "accepted_answer": false,
        "topic_accepted_answer": null,
        "can_vote": false
      },
      {
        "id": 599596,
        "name": "Carlton D'Silva",
        "username": "carlton",
        "avatar_template": "/user_avatar/discourse.onlinedegree.iitm.ac.in/carlton/{size}/56317_2.png",
        "created_at": "2025-02-25T13:32:15.454Z",
        "cooked": "",
        "post_number": 2,
        "post_type": 3,
        "posts_count": 80,
        "updated_at": "2025-02-25T13:32:15.454Z",
        "reply_count": 0,
        "reply_to_post_number": null,
        "quote_count": 0,
        "incoming_link_count": 0,
        "reads": 198,
        "readers_count": 197,
        "score": 39.0,
        "yours": false,
        "topic_id": 168449,
        "topic_slug": "mock-roe-1-2-3-4-tds-jan-2025",
        "display_username": "Carlton D'Silva",
        "primary_group_name": "ds-students",
        "flair_name": "ds-students",
        "flair_url": null,
        "flair_bg_color": "",
        "flair_color": "",
        "flair_group_id": 294,
        "badges_granted": [],
        "version": 1,
        "can_edit": false,
        "can_delete": false,
        "can_recover": false,
        "can_see_hidden_post": false,
        "can_wiki": false,
        "read": false,
        "user_title": "Regular",
        "title_is_group": false,
        "bookmarked": false,
        "actions_summary": [
          {
            "id": 2,
            "can_act": true
          },
          {
            "id": 6,
            "can_act": true
          },
          {
            "id": 3,
            "can_act": true
          },
          {
            "id": 4,
            "can_act": true
          },
          {
            "id": 8,
            "can_act": true
          },
          {
            "id": 10,
            "can_act": true
          },
          {
            "id": 7,
            "can_act": true
          }
        ],
        "moderator": false,
        "admin": false,
        "staff": false,
        "group_moderator": true,
        "user_id": 16094,
        "hidden": false,
        "trust_level": 3,
        "deleted_at": null,
        "user_deleted": false,
        "edit_reason": null,
        "can_view_edit_history": true,
        "wiki": false,
        "action_code": "pinned.enabled",
        "post_url": "/t/mock-roe-1-2-3-4-tds-jan-2025/168449/2",
        "user_cakedate": "2023-01-25",
        "reactions": [],
        "current_user_reaction": null,
        "reaction_users_count": 0,
        "current_user_used_main_reaction": false,
        "can_accept_answer": false,
        "can_unaccept_answer": false,
        "accepted_answer": false,
        "topic_accepted_answer": null
      },
      {
        "id": 599598,
        "name": "Telvin Varghese",
        "username": "22f2001640",
        "avatar_template": "/user_avatar/discourse.onlinedegree.iitm.ac.in/22f2001640/{size}/104_2.png",
        "created_at": "2025-02-25T13:39:40.411Z",
        "cooked": "Should we use data mentioned in headline of form or mail data. ?",
        "post_number": 3,
        "post_type": 1,
        "posts_count": 80,
        "updated_at": "2025-02-25T13:39:40.411Z",
        "reply_count": 1,
        "reply_to_post_number": null,
        "quote_count": 0,
        "incoming_link_count": 1,
        "reads": 199,
        "readers_count": 198,
        "score": 49.2,
        "yours": false,
        "topic_id": 168449,
        "topic_slug": "mock-roe-1-2-3-4-tds-jan-2025",
        "display_username": "Telvin Varghese",
        "primary_group_name": "ds-students",
        "flair_name": "ds-students",
        "flair_url": null,
        "flair_bg_color": "",
        "flair_color": "",
        "flair_group_id": 294,
        "badges_granted": [],
        "version": 1,
        "can_edit": false,
        "can_delete": false,
        "can_recover": false,
        "can_see_hidden_post": false,
        "can_wiki": false,
        "read": false,
        "user_title": null,
        "bookmarked": false,
        "actions_summary": [
          {
            "id": 2,
            "can_act": true
          },
          {
            "id": 6,
            "can_act": true
          },
          {
            "id": 3,
            "can_act": true
          },
          {
            "id": 4,
            "can_act": true
          },
          {
            "id": 8,
            "can_act": true
          },
          {
            "id": 10,
            "can_act": true
          },
          {
            "id": 7,
            "can_act": true
          }
        ],
        "moderator": false,
        "admin": false,
        "staff": false,
        "user_id": 14992,
        "hidden": false,
        "trust_level": 1,
        "deleted_at": null,
        "user_deleted": false,
        "edit_reason": null,
        "can_view_edit_history": true,
        "wiki": false,
        "post_url": "/t/mock-roe-1-2-3-4-tds-jan-2025/168449/3",
        "user_cakedate": "2022-09-10",
        "reactions": [],
        "current_user_reaction": null,
        "reaction_users_count": 0,
        "current_user_used_main_reaction": false,
        "can_accept_answer": false,
        "can_unaccept_answer": false,
        "accepted_answer": false,
        "topic_accepted_answer": null
      },
      {
        "id": 599612,
        "name": "Amala Natarajan ",
        "username": "24ds3000028",
        "avatar_template": "/user_avatar/discourse.onlinedegree.iitm.ac.in/24ds3000028/{size}/111486_2.png",
        "created_at": "2025-02-25T13:58:19.934Z",
        "cooked": "From where can I get today\u2019s live sessions link",
        "post_number": 4,
        "post_type": 1,
        "posts_count": 80,
        "updated_at": "2025-02-25T13:58:19.934Z",
        "reply_count": 1,
        "reply_to_post_number": null,
        "quote_count": 0,
        "incoming_link_count": 1,
        "reads": 195,
        "readers_count": 194,
        "score": 48.4,
        "yours": false,
        "topic_id": 168449,
        "topic_slug": "mock-roe-1-2-3-4-tds-jan-2025",
        "display_username": "Amala Natarajan ",
        "primary_group_name": "ds-students",
        "flair_name": "ds-students",
        "flair_url": null,
        "flair_bg_color": "",
        "flair_color": "",
        "flair_group_id": 294,
        "badges_granted": [],
        "version": 1,
        "can_edit": false,
        "can_delete": false,
        "can_recover": false,
        "can_see_hidden_post": false,
        "can_wiki": false,
        "read": false,
        "user_title": null,
        "bookmarked": false,
        "actions_summary": [
          {
            "id": 2,
            "can_act": true
          },
          {
            "id": 6,
            "can_act": true
          },
          {
            "id": 3,
            "can_act": true
          },
          {
            "id": 4,
            "can_act": true
          },
          {
            "id": 8,
            "can_act": true
          },
          {
            "id": 10,
            "can_act": true
          },
          {
            "id": 7,
            "can_act": true
          }
        ],
        "moderator": false,
        "admin": false,
        "staff": false,
        "user_id": 38011,
        "hidden": false,
        "trust_level": 1,
        "deleted_at": null,
        "user_deleted": false,
        "edit_reason": null,
        "can_view_edit_history": true,
        "wiki": false,
        "post_url": "/t/mock-roe-1-2-3-4-tds-jan-2025/168449/4",
        "user_cakedate": "2024-09-25",
        "reactions": [],
        "current_user_reaction": null,
        "reaction_users_count": 0,
        "current_user_used_main_reaction": false,
        "can_accept_answer": false,
        "can_unaccept_answer": false,
        "accepted_answer": false,
        "topic_accepted_answer": null
      },
      {
        "id": 599620,
        "name": "Carlton D'Silva",
        "username": "carlton",
        "avatar_template": "/user_avatar/discourse.onlinedegree.iitm.ac.in/carlton/{size}/56317_2.png",
        "created_at": "2025-02-25T14:09:41.427Z",
        "cooked": "either is fine. Both have the same data but slightly different presentations",
        "post_number": 5,
        "post_type": 1,
        "posts_count": 80,
        "updated_at": "2025-02-25T14:09:41.427Z",
        "reply_count": 0,
        "reply_to_post_number": 3,
        "quote_count": 0,
        "incoming_link_count": 1,
        "reads": 191,
        "readers_count": 190,
        "score": 42.6,
        "yours": false,
        "topic_id": 168449,
        "topic_slug": "mock-roe-1-2-3-4-tds-jan-2025",
        "display_username": "Carlton D'Silva",
        "primary_group_name": "ds-students",
        "flair_name": "ds-students",
        "flair_url": null,
        "flair_bg_color": "",
        "flair_color": "",
        "flair_group_id": 294,
        "badges_granted": [],
        "version": 1,
        "can_edit": false,
        "can_delete": false,
        "can_recover": false,
        "can_see_hidden_post": false,
        "can_wiki": false,
        "read": false,
        "user_title": "Regular",
        "title_is_group": false,
        "reply_to_user": {
          "id": 14992,
          "username": "22f2001640",
          "name": "Telvin Varghese",
          "avatar_template": "/user_avatar/discourse.onlinedegree.iitm.ac.in/22f2001640/{size}/104_2.png"
        },
        "bookmarked": false,
        "actions_summary": [
          {
            "id": 2,
            "can_act": true
          },
          {
            "id": 6,
            "can_act": true
          },
          {
            "id": 3,
            "can_act": true
          },
          {
            "id": 4,
            "can_act": true
          },
          {
            "id": 8,
            "can_act": true
          },
          {
            "id": 10,
            "can_act": true
          },
          {
            "id": 7,
            "can_act": true
          }
        ],
        "moderator": false,
        "admin": false,
        "staff": false,
        "group_moderator": true,
        "user_id": 16094,
        "hidden": false,
        "trust_level": 3,
        "deleted_at": null,
        "user_deleted": false,
        "edit_reason": null,
        "can_view_edit_history": true,
        "wiki": false,
        "post_url": "/t/mock-roe-1-2-3-4-tds-jan-2025/168449/5",
        "user_cakedate": "2023-01-25",
        "reactions": [],
        "current_user_reaction": null,
        "reaction_users_count": 0,
        "current_user_used_main_reaction": false,
        "can_accept_answer": false,
        "can_unaccept_answer": false,
        "accepted_answer": false,
        "topic_accepted_answer": null
      },
      {
        "id": 599621,
        "name": "Carlton D'Silva",
        "username": "carlton",
        "avatar_template": "/user_avatar/discourse.onlinedegree.iitm.ac.in/carlton/{size}/56317_2.png",
        "created_at": "2025-02-25T14:10:15.004Z",
        "cooked": "From google calendar\n\n\nGoogle Workspace\n\n\n\nShareable Online Calendar and Scheduling - Google Calendar\nUse Google Calendar to share meetings and schedule appointments, for managing what matters in your business and personal life, with Google Workspace.\n\n\n\n\n\nYou should subscribe to tds calendar. Its available in the TDS Portal\nmeet.google.com/odh-ycbm-ahj",
        "post_number": 6,
        "post_type": 1,
        "posts_count": 80,
        "updated_at": "2025-02-25T14:11:35.204Z",
        "reply_count": 2,
        "reply_to_post_number": 4,
        "quote_count": 0,
        "incoming_link_count": 2,
        "reads": 189,
        "readers_count": 188,
        "score": 57.2,
        "yours": false,
        "topic_id": 168449,
        "topic_slug": "mock-roe-1-2-3-4-tds-jan-2025",
        "display_username": "Carlton D'Silva",
        "primary_group_name": "ds-students",
        "flair_name": "ds-students",
        "flair_url": null,
        "flair_bg_color": "",
        "flair_color": "",
        "flair_group_id": 294,
        "badges_granted": [],
        "version": 1,
        "can_edit": false,
        "can_delete": false,
        "can_recover": false,
        "can_see_hidden_post": false,
        "can_wiki": false,
        "link_counts": [
          {
            "url": "https://workspace.google.com/intl/en-US/products/calendar/",
            "internal": false,
            "reflection": false,
            "title": "Shareable Online Calendar and Scheduling - Google Calendar",
            "clicks": 32
          },
          {
            "url": "http://meet.google.com/odh-ycbm-ahj",
            "internal": false,
            "reflection": false,
            "clicks": 28
          }
        ],
        "read": false,
        "user_title": "Regular",
        "title_is_group": false,
        "reply_to_user": {
          "id": 38011,
          "username": "24ds3000028",
          "name": "Amala Natarajan ",
          "avatar_template": "/user_avatar/discourse.onlinedegree.iitm.ac.in/24ds3000028/{size}/111486_2.png"
        },
        "bookmarked": false,
        "actions_summary": [
          {
            "id": 2,
            "can_act": true
          },
          {
            "id": 6,
            "can_act": true
          },
          {
            "id": 3,
            "can_act": true
          },
          {
            "id": 4,
            "can_act": true
          },
          {
            "id": 8,
            "can_act": true
          },
          {
            "id": 10,
            "can_act": true
          },
          {
            "id": 7,
            "can_act": true
          }
        ],
        "moderator": false,
        "admin": false,
        "staff": false,
        "group_moderator": true,
        "user_id": 16094,
        "hidden": false,
        "trust_level": 3,
        "deleted_at": null,
        "user_deleted": false,
        "edit_reason": null,
        "can_view_edit_history": true,
        "wiki": false,
        "post_url": "/t/mock-roe-1-2-3-4-tds-jan-2025/168449/6",
        "user_cakedate": "2023-01-25",
        "reactions": [],
        "current_user_reaction": null,
        "reaction_users_count": 0,
        "current_user_used_main_reaction": false,
        "can_accept_answer": false,
        "can_unaccept_answer": false,
        "accepted_answer": false,
        "topic_accepted_answer": null
      },
      {
        "id": 599627,
        "name": "Telvin Varghese",
        "username": "22f2001640",
        "avatar_template": "/user_avatar/discourse.onlinedegree.iitm.ac.in/22f2001640/{size}/104_2.png",
        "created_at": "2025-02-25T14:18:08.670Z",
        "cooked": "form link not working",
        "post_number": 7,
        "post_type": 1,
        "posts_count": 80,
        "updated_at": "2025-02-25T14:18:08.670Z",
        "reply_count": 1,
        "reply_to_post_number": 6,
        "quote_count": 0,
        "incoming_link_count": 0,
        "reads": 170,
        "readers_count": 169,
        "score": 38.6,
        "yours": false,
        "topic_id": 168449,
        "topic_slug": "mock-roe-1-2-3-4-tds-jan-2025",
        "display_username": "Telvin Varghese",
        "primary_group_name": "ds-students",
        "flair_name": "ds-students",
        "flair_url": null,
        "flair_bg_color": "",
        "flair_color": "",
        "flair_group_id": 294,
        "badges_granted": [],
        "version": 1,
        "can_edit": false,
        "can_delete": false,
        "can_recover": false,
        "can_see_hidden_post": false,
        "can_wiki": false,
        "read": false,
        "user_title": null,
        "reply_to_user": {
          "id": 16094,
          "username": "carlton",
          "name": "Carlton D'Silva",
          "avatar_template": "/user_avatar/discourse.onlinedegree.iitm.ac.in/carlton/{size}/56317_2.png"
        },
        "bookmarked": false,
        "actions_summary": [
          {
            "id": 2,
            "can_act": true
          },
          {
            "id": 6,
            "can_act": true
          },
          {
            "id": 3,
            "can_act": true
          },
          {
            "id": 4,
            "can_act": true
          },
          {
            "id": 8,
            "can_act": true
          },
          {
            "id": 10,
            "can_act": true
          },
          {
            "id": 7,
            "can_act": true
          }
        ],
        "moderator": false,
        "admin": false,
        "staff": false,
        "user_id": 14992,
        "hidden": false,
        "trust_level": 1,
        "deleted_at": null,
        "user_deleted": false,
        "edit_reason": null,
        "can_view_edit_history": true,
        "wiki": false,
        "post_url": "/t/mock-roe-1-2-3-4-tds-jan-2025/168449/7",
        "user_cakedate": "2022-09-10",
        "reactions": [],
        "current_user_reaction": null,
        "reaction_users_count": 0,
        "current_user_used_main_reaction": false,
        "can_accept_answer": false,
        "can_unaccept_answer": false,
        "accepted_answer": false,
        "topic_accepted_answer": null
      },
      {
        "id": 599628,
        "name": "Carlton D'Silva",
        "username": "carlton",
        "avatar_template": "/user_avatar/discourse.onlinedegree.iitm.ac.in/carlton/{size}/56317_2.png",
        "created_at": "2025-02-25T14:18:50.402Z",
        "cooked": "Yes we close it at 7:45pm\nWe will reopen after live session tonight.\nIts a timed mock.",
        "post_number": 8,
        "post_type": 1,
        "posts_count": 80,
        "updated_at": "2025-02-25T14:18:50.402Z",
        "reply_count": 2,
        "reply_to_post_number": 7,
        "quote_count": 0,
        "incoming_link_count": 1,
        "reads": 163,
        "readers_count": 162,
        "score": 47.2,
        "yours": false,
        "topic_id": 168449,
        "topic_slug": "mock-roe-1-2-3-4-tds-jan-2025",
        "display_username": "Carlton D'Silva",
        "primary_group_name": "ds-students",
        "flair_name": "ds-students",
        "flair_url": null,
        "flair_bg_color": "",
        "flair_color": "",
        "flair_group_id": 294,
        "badges_granted": [],
        "version": 1,
        "can_edit": false,
        "can_delete": false,
        "can_recover": false,
        "can_see_hidden_post": false,
        "can_wiki": false,
        "read": false,
        "user_title": "Regular",
        "title_is_group": false,
        "reply_to_user": {
          "id": 14992,
          "username": "22f2001640",
          "name": "Telvin Varghese",
          "avatar_template": "/user_avatar/discourse.onlinedegree.iitm.ac.in/22f2001640/{size}/104_2.png"
        },
        "bookmarked": false,
        "actions_summary": [
          {
            "id": 2,
            "can_act": true
          },
          {
            "id": 6,
            "can_act": true
          },
          {
            "id": 3,
            "can_act": true
          },
          {
            "id": 4,
            "can_act": true
          },
          {
            "id": 8,
            "can_act": true
          },
          {
            "id": 10,
            "can_act": true
          },
          {
            "id": 7,
            "can_act": true
          }
        ],
        "moderator": false,
        "admin": false,
        "staff": false,
        "group_moderator": true,
        "user_id": 16094,
        "hidden": false,
        "trust_level": 3,
        "deleted_at": null,
        "user_deleted": false,
        "edit_reason": null,
        "can_view_edit_history": true,
        "wiki": false,
        "post_url": "/t/mock-roe-1-2-3-4-tds-jan-2025/168449/8",
        "user_cakedate": "2023-01-25",
        "reactions": [],
        "current_user_reaction": null,
        "reaction_users_count": 0,
        "current_user_used_main_reaction": false,
        "can_accept_answer": false,
        "can_unaccept_answer": false,
        "accepted_answer": false,
        "topic_accepted_answer": null
      },
      {
        "id": 599630,
        "name": "Telvin Varghese",
        "username": "22f2001640",
        "avatar_template": "/user_avatar/discourse.onlinedegree.iitm.ac.in/22f2001640/{size}/104_2.png",
        "created_at": "2025-02-25T14:19:32.437Z",
        "cooked": "atleast close 5 mins early I would have copied the questions",
        "post_number": 9,
        "post_type": 1,
        "posts_count": 80,
        "updated_at": "2025-02-25T14:19:51.217Z",
        "reply_count": 1,
        "reply_to_post_number": 8,
        "quote_count": 0,
        "incoming_link_count": 0,
        "reads": 160,
        "readers_count": 159,
        "score": 36.6,
        "yours": false,
        "topic_id": 168449,
        "topic_slug": "mock-roe-1-2-3-4-tds-jan-2025",
        "display_username": "Telvin Varghese",
        "primary_group_name": "ds-students",
        "flair_name": "ds-students",
        "flair_url": null,
        "flair_bg_color": "",
        "flair_color": "",
        "flair_group_id": 294,
        "badges_granted": [],
        "version": 1,
        "can_edit": false,
        "can_delete": false,
        "can_recover": false,
        "can_see_hidden_post": false,
        "can_wiki": false,
        "read": false,
        "user_title": null,
        "reply_to_user": {
          "id": 16094,
          "username": "carlton",
          "name": "Carlton D'Silva",
          "avatar_template": "/user_avatar/discourse.onlinedegree.iitm.ac.in/carlton/{size}/56317_2.png"
        },
        "bookmarked": false,
        "actions_summary": [
          {
            "id": 2,
            "can_act": true
          },
          {
            "id": 6,
            "can_act": true
          },
          {
            "id": 3,
            "can_act": true
          },
          {
            "id": 4,
            "can_act": true
          },
          {
            "id": 8,
            "can_act": true
          },
          {
            "id": 10,
            "can_act": true
          },
          {
            "id": 7,
            "can_act": true
          }
        ],
        "moderator": false,
        "admin": false,
        "staff": false,
        "user_id": 14992,
        "hidden": false,
        "trust_level": 1,
        "deleted_at": null,
        "user_deleted": false,
        "edit_reason": null,
        "can_view_edit_history": true,
        "wiki": false,
        "post_url": "/t/mock-roe-1-2-3-4-tds-jan-2025/168449/9",
        "user_cakedate": "2022-09-10",
        "reactions": [],
        "current_user_reaction": null,
        "reaction_users_count": 0,
        "current_user_used_main_reaction": false,
        "can_accept_answer": false,
        "can_unaccept_answer": false,
        "accepted_answer": false,
        "topic_accepted_answer": null
      },
      {
        "id": 599634,
        "name": "Shubham Atkal",
        "username": "shubhamatkal",
        "avatar_template": "/user_avatar/discourse.onlinedegree.iitm.ac.in/shubhamatkal/{size}/66790_2.png",
        "created_at": "2025-02-25T14:31:01.026Z",
        "cooked": "live session gmeet link is not available?",
        "post_number": 10,
        "post_type": 1,
        "posts_count": 80,
        "updated_at": "2025-02-25T14:31:01.026Z",
        "reply_count": 0,
        "reply_to_post_number": null,
        "quote_count": 0,
        "incoming_link_count": 1,
        "reads": 160,
        "readers_count": 159,
        "score": 36.6,
        "yours": false,
        "topic_id": 168449,
        "topic_slug": "mock-roe-1-2-3-4-tds-jan-2025",
        "display_username": "Shubham Atkal",
        "primary_group_name": "ds-students",
        "flair_name": "ds-students",
        "flair_url": null,
        "flair_bg_color": "",
        "flair_color": "",
        "flair_group_id": 294,
        "badges_granted": [],
        "version": 1,
        "can_edit": false,
        "can_delete": false,
        "can_recover": false,
        "can_see_hidden_post": false,
        "can_wiki": false,
        "read": false,
        "user_title": null,
        "bookmarked": false,
        "actions_summary": [
          {
            "id": 2,
            "can_act": true
          },
          {
            "id": 6,
            "can_act": true
          },
          {
            "id": 3,
            "can_act": true
          },
          {
            "id": 4,
            "can_act": true
          },
          {
            "id": 8,
            "can_act": true
          },
          {
            "id": 10,
            "can_act": true
          },
          {
            "id": 7,
            "can_act": true
          }
        ],
        "moderator": false,
        "admin": false,
        "staff": false,
        "user_id": 18088,
        "hidden": false,
        "trust_level": 1,
        "deleted_at": null,
        "user_deleted": false,
        "edit_reason": null,
        "can_view_edit_history": true,
        "wiki": false,
        "post_url": "/t/mock-roe-1-2-3-4-tds-jan-2025/168449/10",
        "user_cakedate": "2023-06-03",
        "reactions": [],
        "current_user_reaction": null,
        "reaction_users_count": 0,
        "current_user_used_main_reaction": false,
        "can_accept_answer": false,
        "can_unaccept_answer": false,
        "accepted_answer": false,
        "topic_accepted_answer": null
      },
      {
        "id": 599656,
        "name": "Sagandeep Kaur",
        "username": "Sagan",
        "avatar_template": "/user_avatar/discourse.onlinedegree.iitm.ac.in/sagan/{size}/95367_2.png",
        "created_at": "2025-02-25T14:44:59.458Z",
        "cooked": "After seeing the Mock, I have to say, please give more time for ROE exam, anything less than 1 hour seems extremely difficult.",
        "post_number": 11,
        "post_type": 1,
        "posts_count": 80,
        "updated_at": "2025-02-25T14:45:15.273Z",
        "reply_count": 0,
        "reply_to_post_number": 8,
        "quote_count": 0,
        "incoming_link_count": 0,
        "reads": 150,
        "readers_count": 149,
        "score": 29.8,
        "yours": false,
        "topic_id": 168449,
        "topic_slug": "mock-roe-1-2-3-4-tds-jan-2025",
        "display_username": "Sagandeep Kaur",
        "primary_group_name": "ds-students",
        "flair_name": "ds-students",
        "flair_url": null,
        "flair_bg_color": "",
        "flair_color": "",
        "flair_group_id": 294,
        "badges_granted": [],
        "version": 1,
        "can_edit": false,
        "can_delete": false,
        "can_recover": false,
        "can_see_hidden_post": false,
        "can_wiki": false,
        "read": false,
        "user_title": "",
        "reply_to_user": {
          "id": 16094,
          "username": "carlton",
          "name": "Carlton D'Silva",
          "avatar_template": "/user_avatar/discourse.onlinedegree.iitm.ac.in/carlton/{size}/56317_2.png"
        },
        "bookmarked": false,
        "actions_summary": [
          {
            "id": 2,
            "can_act": true
          },
          {
            "id": 6,
            "can_act": true
          },
          {
            "id": 3,
            "can_act": true
          },
          {
            "id": 4,
            "can_act": true
          },
          {
            "id": 8,
            "can_act": true
          },
          {
            "id": 10,
            "can_act": true
          },
          {
            "id": 7,
            "can_act": true
          }
        ],
        "moderator": false,
        "admin": false,
        "staff": false,
        "user_id": 22224,
        "hidden": false,
        "trust_level": 1,
        "deleted_at": null,
        "user_deleted": false,
        "edit_reason": null,
        "can_view_edit_history": true,
        "wiki": false,
        "post_url": "/t/mock-roe-1-2-3-4-tds-jan-2025/168449/11",
        "user_cakedate": "2023-09-19",
        "user_birthdate": "1904-12-29",
        "reactions": [],
        "current_user_reaction": null,
        "reaction_users_count": 0,
        "current_user_used_main_reaction": false,
        "can_accept_answer": false,
        "can_unaccept_answer": false,
        "accepted_answer": false,
        "topic_accepted_answer": null
      },
      {
        "id": 599752,
        "name": "Shubham Atkal",
        "username": "shubhamatkal",
        "avatar_template": "/user_avatar/discourse.onlinedegree.iitm.ac.in/shubhamatkal/{size}/66790_2.png",
        "created_at": "2025-02-25T16:41:32.061Z",
        "cooked": "where can we find link for recording of live session which happened after this mock roe ?\nthanks",
        "post_number": 12,
        "post_type": 1,
        "posts_count": 80,
        "updated_at": "2025-02-25T16:41:32.061Z",
        "reply_count": 0,
        "reply_to_post_number": null,
        "quote_count": 0,
        "incoming_link_count": 2,
        "reads": 142,
        "readers_count": 141,
        "score": 53.4,
        "yours": false,
        "topic_id": 168449,
        "topic_slug": "mock-roe-1-2-3-4-tds-jan-2025",
        "display_username": "Shubham Atkal",
        "primary_group_name": "ds-students",
        "flair_name": "ds-students",
        "flair_url": null,
        "flair_bg_color": "",
        "flair_color": "",
        "flair_group_id": 294,
        "badges_granted": [],
        "version": 1,
        "can_edit": false,
        "can_delete": false,
        "can_recover": false,
        "can_see_hidden_post": false,
        "can_wiki": false,
        "read": false,
        "user_title": null,
        "bookmarked": false,
        "actions_summary": [
          {
            "id": 2,
            "count": 1,
            "can_act": true
          },
          {
            "id": 6,
            "can_act": true
          },
          {
            "id": 3,
            "can_act": true
          },
          {
            "id": 4,
            "can_act": true
          },
          {
            "id": 8,
            "can_act": true
          },
          {
            "id": 10,
            "can_act": true
          },
          {
            "id": 7,
            "can_act": true
          }
        ],
        "moderator": false,
        "admin": false,
        "staff": false,
        "user_id": 18088,
        "hidden": false,
        "trust_level": 1,
        "deleted_at": null,
        "user_deleted": false,
        "edit_reason": null,
        "can_view_edit_history": true,
        "wiki": false,
        "post_url": "/t/mock-roe-1-2-3-4-tds-jan-2025/168449/12",
        "user_cakedate": "2023-06-03",
        "reactions": [
          {
            "id": "+1",
            "type": "emoji",
            "count": 1
          }
        ],
        "current_user_reaction": null,
        "reaction_users_count": 1,
        "current_user_used_main_reaction": false,
        "can_accept_answer": false,
        "can_unaccept_answer": false,
        "accepted_answer": false,
        "topic_accepted_answer": null
      },
      {
        "id": 599758,
        "name": "Sagandeep Kaur",
        "username": "Sagan",
        "avatar_template": "/user_avatar/discourse.onlinedegree.iitm.ac.in/sagan/{size}/95367_2.png",
        "created_at": "2025-02-25T17:02:29.814Z",
        "cooked": "When will it reopen?",
        "post_number": 13,
        "post_type": 1,
        "posts_count": 80,
        "updated_at": "2025-02-25T17:02:29.814Z",
        "reply_count": 0,
        "reply_to_post_number": null,
        "quote_count": 0,
        "incoming_link_count": 1,
        "reads": 143,
        "readers_count": 142,
        "score": 33.6,
        "yours": false,
        "topic_id": 168449,
        "topic_slug": "mock-roe-1-2-3-4-tds-jan-2025",
        "display_username": "Sagandeep Kaur",
        "primary_group_name": "ds-students",
        "flair_name": "ds-students",
        "flair_url": null,
        "flair_bg_color": "",
        "flair_color": "",
        "flair_group_id": 294,
        "badges_granted": [],
        "version": 1,
        "can_edit": false,
        "can_delete": false,
        "can_recover": false,
        "can_see_hidden_post": false,
        "can_wiki": false,
        "read": false,
        "user_title": "",
        "bookmarked": false,
        "actions_summary": [
          {
            "id": 2,
            "can_act": true
          },
          {
            "id": 6,
            "can_act": true
          },
          {
            "id": 3,
            "can_act": true
          },
          {
            "id": 4,
            "can_act": true
          },
          {
            "id": 8,
            "can_act": true
          },
          {
            "id": 10,
            "can_act": true
          },
          {
            "id": 7,
            "can_act": true
          }
        ],
        "moderator": false,
        "admin": false,
        "staff": false,
        "user_id": 22224,
        "hidden": false,
        "trust_level": 1,
        "deleted_at": null,
        "user_deleted": false,
        "edit_reason": null,
        "can_view_edit_history": true,
        "wiki": false,
        "post_url": "/t/mock-roe-1-2-3-4-tds-jan-2025/168449/13",
        "user_cakedate": "2023-09-19",
        "user_birthdate": "1904-12-29",
        "reactions": [],
        "current_user_reaction": null,
        "reaction_users_count": 0,
        "current_user_used_main_reaction": false,
        "can_accept_answer": false,
        "can_unaccept_answer": false,
        "accepted_answer": false,
        "topic_accepted_answer": null
      },
      {
        "id": 599845,
        "name": "Shashannk",
        "username": "23f2003413",
        "avatar_template": "/user_avatar/discourse.onlinedegree.iitm.ac.in/23f2003413/{size}/66883_2.png",
        "created_at": "2025-02-26T03:30:22.514Z",
        "cooked": "dear @carlton\nwhen will yesterday\u2019s recorded session on mock ROE 1 be uploaded on YouTube?",
        "post_number": 14,
        "post_type": 1,
        "posts_count": 80,
        "updated_at": "2025-02-26T03:30:22.514Z",
        "reply_count": 1,
        "reply_to_post_number": null,
        "quote_count": 0,
        "incoming_link_count": 0,
        "reads": 136,
        "readers_count": 135,
        "score": 32.2,
        "yours": false,
        "topic_id": 168449,
        "topic_slug": "mock-roe-1-2-3-4-tds-jan-2025",
        "display_username": "Shashannk",
        "primary_group_name": "ds-students",
        "flair_name": "ds-students",
        "flair_url": null,
        "flair_bg_color": "",
        "flair_color": "",
        "flair_group_id": 294,
        "badges_granted": [],
        "version": 1,
        "can_edit": false,
        "can_delete": false,
        "can_recover": false,
        "can_see_hidden_post": false,
        "can_wiki": false,
        "read": false,
        "user_title": null,
        "bookmarked": false,
        "actions_summary": [
          {
            "id": 2,
            "can_act": true
          },
          {
            "id": 6,
            "can_act": true
          },
          {
            "id": 3,
            "can_act": true
          },
          {
            "id": 4,
            "can_act": true
          },
          {
            "id": 8,
            "can_act": true
          },
          {
            "id": 10,
            "can_act": true
          },
          {
            "id": 7,
            "can_act": true
          }
        ],
        "moderator": false,
        "admin": false,
        "staff": false,
        "user_id": 22439,
        "hidden": false,
        "trust_level": 1,
        "deleted_at": null,
        "user_deleted": false,
        "edit_reason": null,
        "can_view_edit_history": true,
        "wiki": false,
        "post_url": "/t/mock-roe-1-2-3-4-tds-jan-2025/168449/14",
        "user_cakedate": "2023-09-22",
        "reactions": [],
        "current_user_reaction": null,
        "reaction_users_count": 0,
        "current_user_used_main_reaction": false,
        "can_accept_answer": false,
        "can_unaccept_answer": false,
        "accepted_answer": false,
        "topic_accepted_answer": null
      },
      {
        "id": 599854,
        "name": "Carlton D'Silva",
        "username": "carlton",
        "avatar_template": "/user_avatar/discourse.onlinedegree.iitm.ac.in/carlton/{size}/56317_2.png",
        "created_at": "2025-02-26T03:58:19.216Z",
        "cooked": "@23f2003413\nWe will have it uploaded sometime this morning.\nIt has two parts to it. The first part is the TAs solving the Mock in real time (however this is not a solutions session). The purpose of it is to get you to realise some key things:\n\nThe chaos of ROE.\nThe adrenaline, speed of thought, the need to be very familiar with your tools.\nThe limited time you have to use GPT effectively. It will help you with minor work flows, but not with complex tasks. (watch the session debrief to hear a clear articulation about this).\nThe value of efficient and effective collaboration. A hodgepodge of many people will not make an effective solutions team.\nThe ABSOLUTE importance of creating your own cheat sheet with code snippets that will help you solve ROE quickly\nWorkflow of ROE: Data Extraction \u2192 Data Cleaning \u2192 Data Transformation \u2192 Data Analyisis \u2192 Information to answer questions\nThe pitfalls of getting fixated on a question (a very common mistake and you can see it happen in the real time solving session as well).\nHow limited the time is.\n\nThe second part of the session was a debrief for the sheer shock that students felt. The goal of the mock was to acclimatise you to the shock of ROE.\nPast terms never had this benefit. We thought to take the shock factor out so that you can be better prepared than any term before. Emotions were raw. But this is normal. What is unusual is to have a preview of it before ROE. So the discussions were very intense even for us.\nToday\u2019s Mock ROE will be more like a traditional solving session and deal with new aspects. It has the added bonus of being hosted on an exam server (without a time limit).\nI would still STRONGLY advise setting a horrible sounding alarm to acclimatise to the pressure cooker of ROE. You will make stupid mistakes under pressure. The TAs did yesterday as well. So best to reduce this factor by getting used to the clock.\nKind regards",
        "post_number": 15,
        "post_type": 1,
        "posts_count": 80,
        "updated_at": "2025-02-26T05:20:34.267Z",
        "reply_count": 2,
        "reply_to_post_number": 14,
        "quote_count": 0,
        "incoming_link_count": 0,
        "reads": 142,
        "readers_count": 141,
        "score": 83.2,
        "yours": false,
        "topic_id": 168449,
        "topic_slug": "mock-roe-1-2-3-4-tds-jan-2025",
        "display_username": "Carlton D'Silva",
        "primary_group_name": "ds-students",
        "flair_name": "ds-students",
        "flair_url": null,
        "flair_bg_color": "",
        "flair_color": "",
        "flair_group_id": 294,
        "badges_granted": [],
        "version": 2,
        "can_edit": false,
        "can_delete": false,
        "can_recover": false,
        "can_see_hidden_post": false,
        "can_wiki": false,
        "read": false,
        "user_title": "Regular",
        "title_is_group": false,
        "reply_to_user": {
          "id": 22439,
          "username": "23f2003413",
          "name": "Shashannk",
          "avatar_template": "/user_avatar/discourse.onlinedegree.iitm.ac.in/23f2003413/{size}/66883_2.png"
        },
        "bookmarked": false,
        "actions_summary": [
          {
            "id": 2,
            "count": 3,
            "can_act": true
          },
          {
            "id": 6,
            "can_act": true
          },
          {
            "id": 3,
            "can_act": true
          },
          {
            "id": 4,
            "can_act": true
          },
          {
            "id": 8,
            "can_act": true
          },
          {
            "id": 10,
            "can_act": true
          },
          {
            "id": 7,
            "can_act": true
          }
        ],
        "moderator": false,
        "admin": false,
        "staff": false,
        "group_moderator": true,
        "user_id": 16094,
        "hidden": false,
        "trust_level": 3,
        "deleted_at": null,
        "user_deleted": false,
        "edit_reason": null,
        "can_view_edit_history": true,
        "wiki": false,
        "post_url": "/t/mock-roe-1-2-3-4-tds-jan-2025/168449/15",
        "user_cakedate": "2023-01-25",
        "reactions": [
          {
            "id": "heart",
            "type": "emoji",
            "count": 2
          },
          {
            "id": "+1",
            "type": "emoji",
            "count": 1
          }
        ],
        "current_user_reaction": null,
        "reaction_users_count": 3,
        "current_user_used_main_reaction": false,
        "can_accept_answer": false,
        "can_unaccept_answer": false,
        "accepted_answer": false,
        "topic_accepted_answer": null
      },
      {
        "id": 599855,
        "name": "Carlton D'Silva",
        "username": "carlton",
        "avatar_template": "/user_avatar/discourse.onlinedegree.iitm.ac.in/carlton/{size}/56317_2.png",
        "created_at": "2025-02-26T03:58:46.473Z",
        "cooked": "",
        "post_number": 16,
        "post_type": 3,
        "posts_count": 80,
        "updated_at": "2025-02-26T03:58:46.473Z",
        "reply_count": 0,
        "reply_to_post_number": null,
        "quote_count": 0,
        "incoming_link_count": 0,
        "reads": 133,
        "readers_count": 132,
        "score": 26.4,
        "yours": false,
        "topic_id": 168449,
        "topic_slug": "mock-roe-1-2-3-4-tds-jan-2025",
        "display_username": "Carlton D'Silva",
        "primary_group_name": "ds-students",
        "flair_name": "ds-students",
        "flair_url": null,
        "flair_bg_color": "",
        "flair_color": "",
        "flair_group_id": 294,
        "badges_granted": [],
        "version": 1,
        "can_edit": false,
        "can_delete": false,
        "can_recover": false,
        "can_see_hidden_post": false,
        "can_wiki": false,
        "read": false,
        "user_title": "Regular",
        "title_is_group": false,
        "bookmarked": false,
        "actions_summary": [
          {
            "id": 2,
            "can_act": true
          },
          {
            "id": 6,
            "can_act": true
          },
          {
            "id": 3,
            "can_act": true
          },
          {
            "id": 4,
            "can_act": true
          },
          {
            "id": 8,
            "can_act": true
          },
          {
            "id": 10,
            "can_act": true
          },
          {
            "id": 7,
            "can_act": true
          }
        ],
        "moderator": false,
        "admin": false,
        "staff": false,
        "group_moderator": true,
        "user_id": 16094,
        "hidden": false,
        "trust_level": 3,
        "deleted_at": null,
        "user_deleted": false,
        "edit_reason": null,
        "can_view_edit_history": true,
        "wiki": false,
        "action_code": "pinned.enabled",
        "post_url": "/t/mock-roe-1-2-3-4-tds-jan-2025/168449/16",
        "user_cakedate": "2023-01-25",
        "reactions": [],
        "current_user_reaction": null,
        "reaction_users_count": 0,
        "current_user_used_main_reaction": false,
        "can_accept_answer": false,
        "can_unaccept_answer": false,
        "accepted_answer": false,
        "topic_accepted_answer": null
      },
      {
        "id": 599857,
        "name": "Shashannk",
        "username": "23f2003413",
        "avatar_template": "/user_avatar/discourse.onlinedegree.iitm.ac.in/23f2003413/{size}/66883_2.png",
        "created_at": "2025-02-26T04:02:53.908Z",
        "cooked": "Thank you! will check out the session today",
        "post_number": 17,
        "post_type": 1,
        "posts_count": 80,
        "updated_at": "2025-02-26T04:02:53.908Z",
        "reply_count": 0,
        "reply_to_post_number": 15,
        "quote_count": 0,
        "incoming_link_count": 1,
        "reads": 136,
        "readers_count": 135,
        "score": 32.0,
        "yours": false,
        "topic_id": 168449,
        "topic_slug": "mock-roe-1-2-3-4-tds-jan-2025",
        "display_username": "Shashannk",
        "primary_group_name": "ds-students",
        "flair_name": "ds-students",
        "flair_url": null,
        "flair_bg_color": "",
        "flair_color": "",
        "flair_group_id": 294,
        "badges_granted": [],
        "version": 1,
        "can_edit": false,
        "can_delete": false,
        "can_recover": false,
        "can_see_hidden_post": false,
        "can_wiki": false,
        "read": false,
        "user_title": null,
        "reply_to_user": {
          "id": 16094,
          "username": "carlton",
          "name": "Carlton D'Silva",
          "avatar_template": "/user_avatar/discourse.onlinedegree.iitm.ac.in/carlton/{size}/56317_2.png"
        },
        "bookmarked": false,
        "actions_summary": [
          {
            "id": 2,
            "can_act": true
          },
          {
            "id": 6,
            "can_act": true
          },
          {
            "id": 3,
            "can_act": true
          },
          {
            "id": 4,
            "can_act": true
          },
          {
            "id": 8,
            "can_act": true
          },
          {
            "id": 10,
            "can_act": true
          },
          {
            "id": 7,
            "can_act": true
          }
        ],
        "moderator": false,
        "admin": false,
        "staff": false,
        "user_id": 22439,
        "hidden": false,
        "trust_level": 1,
        "deleted_at": null,
        "user_deleted": false,
        "edit_reason": null,
        "can_view_edit_history": true,
        "wiki": false,
        "post_url": "/t/mock-roe-1-2-3-4-tds-jan-2025/168449/17",
        "user_cakedate": "2023-09-22",
        "reactions": [],
        "current_user_reaction": null,
        "reaction_users_count": 0,
        "current_user_used_main_reaction": false,
        "can_accept_answer": false,
        "can_unaccept_answer": false,
        "accepted_answer": false,
        "topic_accepted_answer": null
      },
      {
        "id": 600114,
        "name": "Shubham Atkal",
        "username": "shubhamatkal",
        "avatar_template": "/user_avatar/discourse.onlinedegree.iitm.ac.in/shubhamatkal/{size}/66790_2.png",
        "created_at": "2025-02-26T09:16:29.955Z",
        "cooked": "Hello @carlton sir , for me given constituency was \"SRI GOBINDPUR\"\nand in the dataset there are multiple names for this constituency i think over the period names were changed of this constituency\ni have filtered constituencies from punjab using below code in colab\ndf_gobindpur = df[df[\"AC\"].str.contains(\"SRI GOBINDPUR|SRIHARGOBINDPUR|SRI HARGOBINDPUR\", case=False, na=False)]\n\nis this correct approach or i have to consider only SRI GOBINDPUR name only? but then this constituency is not availble after 1957\nusing above filtering i got below data for SRI GOBINDPUR\n\ndrive.google.com\n\n\n\ndf_gobindpur.csv\nGoogle Drive file.\n\n\n\n\n\nthen i used margin formula as\nmargin_percentage = ((winner_votes - runner_up_votes) / total_votes) * 100\n\nusing this i got answer for 1st question as\nYEAR                              1992\nAC                   4 SRIHARGOBINDPUR\nWINNER                  1 GURNAM SINGH\nWINNER_PARTY                       CPI\nWINNER_VOTES                    5000.0\nRUNNER_UP               2 MUSTAK MASIH\nRUNNER_UP_PARTY                    INC\nRUNNER_UP_VOTES                 1115.0\nMARGIN_PERCENTAGE            50.599114\n\nwhich is 50.60 , but answer is 62.64\npls guide where i might be wrong, thanks",
        "post_number": 19,
        "post_type": 1,
        "posts_count": 80,
        "updated_at": "2025-02-26T10:09:50.177Z",
        "reply_count": 1,
        "reply_to_post_number": null,
        "quote_count": 0,
        "incoming_link_count": 0,
        "reads": 135,
        "readers_count": 134,
        "score": 31.8,
        "yours": false,
        "topic_id": 168449,
        "topic_slug": "mock-roe-1-2-3-4-tds-jan-2025",
        "display_username": "Shubham Atkal",
        "primary_group_name": "ds-students",
        "flair_name": "ds-students",
        "flair_url": null,
        "flair_bg_color": "",
        "flair_color": "",
        "flair_group_id": 294,
        "badges_granted": [],
        "version": 3,
        "can_edit": false,
        "can_delete": false,
        "can_recover": false,
        "can_see_hidden_post": false,
        "can_wiki": false,
        "link_counts": [
          {
            "url": "https://drive.google.com/file/d/1PHMvoD16Mqino-9SC8uaUtVU3bVuxkD7/view?usp=sharing",
            "internal": false,
            "reflection": false,
            "title": "df_gobindpur.csv - Google Drive",
            "clicks": 2
          }
        ],
        "read": false,
        "user_title": null,
        "bookmarked": false,
        "actions_summary": [
          {
            "id": 2,
            "can_act": true
          },
          {
            "id": 6,
            "can_act": true
          },
          {
            "id": 3,
            "can_act": true
          },
          {
            "id": 4,
            "can_act": true
          },
          {
            "id": 8,
            "can_act": true
          },
          {
            "id": 10,
            "can_act": true
          },
          {
            "id": 7,
            "can_act": true
          }
        ],
        "moderator": false,
        "admin": false,
        "staff": false,
        "user_id": 18088,
        "hidden": false,
        "trust_level": 1,
        "deleted_at": null,
        "user_deleted": false,
        "edit_reason": null,
        "can_view_edit_history": true,
        "wiki": false,
        "post_url": "/t/mock-roe-1-2-3-4-tds-jan-2025/168449/19",
        "user_cakedate": "2023-06-03",
        "reactions": [],
        "current_user_reaction": null,
        "reaction_users_count": 0,
        "current_user_used_main_reaction": false,
        "can_accept_answer": false,
        "can_unaccept_answer": false,
        "accepted_answer": false,
        "topic_accepted_answer": null
      },
      {
        "id": 600276,
        "name": "Jivraj Singh Shekhawat",
        "username": "Jivraj",
        "avatar_template": "https://avatars.discourse-cdn.com/v4/letter/j/b9bd4f/{size}.png",
        "created_at": "2025-02-26T11:23:42.616Z",
        "cooked": "\n\n\n shubhamatkal:\n\ndf_gobindpur = df[df[\"AC\"].str.contains(\"SRI GOBINDPUR|SRIHARGOBINDPUR|SRI HARGOBINDPUR\", case=False, na=False)]\n\n\n\nFor this kind of name difference you can use Openrefine software\n\n\n\n shubhamatkal:\n\nwhich is 50.60 , but answer is 62.64\n\n\nThat answer is wrong, we will be releasing a script with correct python snippets.\nKind regards.",
        "post_number": 20,
        "post_type": 1,
        "posts_count": 80,
        "updated_at": "2025-02-26T11:23:42.616Z",
        "reply_count": 0,
        "reply_to_post_number": 19,
        "quote_count": 1,
        "incoming_link_count": 0,
        "reads": 135,
        "readers_count": 134,
        "score": 41.8,
        "yours": false,
        "topic_id": 168449,
        "topic_slug": "mock-roe-1-2-3-4-tds-jan-2025",
        "display_username": "Jivraj Singh Shekhawat",
        "primary_group_name": "ds-students",
        "flair_name": "ds-students",
        "flair_url": null,
        "flair_bg_color": "",
        "flair_color": "",
        "flair_group_id": 294,
        "badges_granted": [],
        "version": 1,
        "can_edit": false,
        "can_delete": false,
        "can_recover": false,
        "can_see_hidden_post": false,
        "can_wiki": false,
        "read": false,
        "user_title": "Course TA",
        "title_is_group": false,
        "bookmarked": false,
        "actions_summary": [
          {
            "id": 2,
            "count": 1,
            "can_act": true
          },
          {
            "id": 6,
            "can_act": true
          },
          {
            "id": 3,
            "can_act": true
          },
          {
            "id": 4,
            "can_act": true
          },
          {
            "id": 8,
            "can_act": true
          },
          {
            "id": 10,
            "can_act": true
          },
          {
            "id": 7,
            "can_act": true
          }
        ],
        "moderator": false,
        "admin": false,
        "staff": false,
        "group_moderator": true,
        "user_id": 15651,
        "hidden": false,
        "trust_level": 2,
        "deleted_at": null,
        "user_deleted": false,
        "edit_reason": null,
        "can_view_edit_history": true,
        "wiki": false,
        "post_url": "/t/mock-roe-1-2-3-4-tds-jan-2025/168449/20",
        "user_cakedate": "2023-01-25",
        "reactions": [
          {
            "id": "+1",
            "type": "emoji",
            "count": 1
          }
        ],
        "current_user_reaction": null,
        "reaction_users_count": 1,
        "current_user_used_main_reaction": false,
        "can_accept_answer": false,
        "can_unaccept_answer": false,
        "accepted_answer": false,
        "topic_accepted_answer": null
      },
      {
        "id": 600302,
        "name": "Sarang Tambe",
        "username": "23f2005138",
        "avatar_template": "/user_avatar/discourse.onlinedegree.iitm.ac.in/23f2005138/{size}/66754_2.png",
        "created_at": "2025-02-26T12:47:56.303Z",
        "cooked": "@Jivraj @carlton\n\u201cSATHUPALLE\u201d and \u201cNILANGA\u201d were two of the four constituencies which were assigned to me. However, even with phonetic match, I couldn\u2019t find any data for these.  Closest I could find to SATHUPALLE is \u201cSattenapalle\u201d, however, two are different locations 150km+ apart as per google maps. Are these really in the dataset?\n",
        "post_number": 21,
        "post_type": 1,
        "posts_count": 80,
        "updated_at": "2025-02-26T12:47:56.303Z",
        "reply_count": 1,
        "reply_to_post_number": null,
        "quote_count": 0,
        "incoming_link_count": 1,
        "reads": 137,
        "readers_count": 136,
        "score": 36.8,
        "yours": false,
        "topic_id": 168449,
        "topic_slug": "mock-roe-1-2-3-4-tds-jan-2025",
        "display_username": "Sarang Tambe",
        "primary_group_name": "ds-students",
        "flair_name": "ds-students",
        "flair_url": null,
        "flair_bg_color": "",
        "flair_color": "",
        "flair_group_id": 294,
        "badges_granted": [],
        "version": 1,
        "can_edit": false,
        "can_delete": false,
        "can_recover": false,
        "can_see_hidden_post": false,
        "can_wiki": false,
        "read": false,
        "user_title": null,
        "bookmarked": false,
        "actions_summary": [
          {
            "id": 2,
            "can_act": true
          },
          {
            "id": 6,
            "can_act": true
          },
          {
            "id": 3,
            "can_act": true
          },
          {
            "id": 4,
            "can_act": true
          },
          {
            "id": 8,
            "can_act": true
          },
          {
            "id": 10,
            "can_act": true
          },
          {
            "id": 7,
            "can_act": true
          }
        ],
        "moderator": false,
        "admin": false,
        "staff": false,
        "user_id": 22197,
        "hidden": false,
        "trust_level": 1,
        "deleted_at": null,
        "user_deleted": false,
        "edit_reason": null,
        "can_view_edit_history": true,
        "wiki": false,
        "post_url": "/t/mock-roe-1-2-3-4-tds-jan-2025/168449/21",
        "user_cakedate": "2023-09-19",
        "reactions": [],
        "current_user_reaction": null,
        "reaction_users_count": 0,
        "current_user_used_main_reaction": false,
        "can_accept_answer": false,
        "can_unaccept_answer": false,
        "accepted_answer": false,
        "topic_accepted_answer": null
      }
    ],
    "stream": [
      599595,
      599596,
      599598,
      599612,
      599620,
      599621,
      599627,
      599628,
      599630,
      599634,
      599656,
      599752,
      599758,
      599845,
      599854,
      599855,
      599857,
      600114,
      600276,
      600302,
      600326,
      600329,
      600333,
      600347,
      600355,
      600356,
      600357,
      600358,
      600359,
      600368,
      600375,
      600376,
      600379,
      600380,
      600381,
      600382,
      600383,
      600385,
      600386,
      600414,
      600430,
      600432,
      600435,
      600437,
      600444,
      600453,
      600456,
      600575,
      600580,
      600583,
      600668,
      600676,
      600686,
      600707,
      600835,
      600840,
      600841,
      600843,
      600893,
      600905,
      601001,
      601024,
      601038,
      601043,
      601086,
      601087,
      601094,
      601095,
      601185,
      601333,
      601465,
      601490,
      601559,
      601603,
      601636,
      601638,
      601762,
      601908,
      602061,
      603368
    ]
  },
  "timeline_lookup": [
    [
      1,
      107
    ],
    [
      14,
      106
    ],
    [
      24,
      107
    ],
    [
      25,
      106
    ],
    [
      48,
      105
    ],
    [
      62,
      104
    ],
    [
      71,
      103
    ],
    [
      79,
      102
    ],
    [
      80,
      100
    ]
  ],
  "tags": [
    "term1-2025",
    "tds-roe"
  ],
  "tags_descriptions": {},
  "id": 168449,
  "title": "Mock ROE 1, 2, 3, 4 [TDS Jan 2025]",
  "fancy_title": "Mock ROE 1, 2, 3, 4 [TDS Jan 2025]",
  "posts_count": 80,
  "created_at": "2025-02-25T13:32:03.641Z",
  "views": 695,
  "reply_count": 47,
  "like_count": 58,
  "last_posted_at": "2025-03-04T10:15:32.857Z",
  "visible": true,
  "closed": false,
  "archived": false,
  "has_summary": true,
  "archetype": "regular",
  "slug": "mock-roe-1-2-3-4-tds-jan-2025",
  "category_id": 34,
  "word_count": 4130,
  "deleted_at": null,
  "user_id": 16094,
  "featured_link": null,
  "pinned_globally": false,
  "pinned_at": null,
  "pinned_until": null,
  "image_url": null,
  "slow_mode_seconds": 0,
  "draft": null,
  "draft_key": "topic_168449",
  "draft_sequence": 0,
  "unpinned": null,
  "pinned": false,
  "current_post_number": 1,
  "highest_post_number": 82,
  "deleted_by": null,
  "actions_summary": [
    {
      "id": 4,
      "count": 0,
      "hidden": false,
      "can_act": true
    },
    {
      "id": 8,
      "count": 0,
      "hidden": false,
      "can_act": true
    },
    {
      "id": 10,
      "count": 0,
      "hidden": false,
      "can_act": true
    },
    {
      "id": 7,
      "count": 0,
      "hidden": false,
      "can_act": true
    }
  ],
  "chunk_size": 20,
  "bookmarked": false,
  "topic_timer": null,
  "message_bus_last_id": 1,
  "participant_count": 28,
  "show_read_indicator": false,
  "thumbnails": null,
  "slow_mode_enabled_until": null,
  "tags_disable_ads": false,
  "related_topics": null,
  "summarizable": false,
  "valid_reactions": [
    "heart",
    "+1",
    "laughing",
    "open_mouth",
    "clap",
    "confetti_ball",
    "rocket",
    "-1"
  ],
  "can_vote": false,
  "vote_count": 0,
  "user_voted": false,
  "discourse_zendesk_plugin_zendesk_id": null,
  "discourse_zendesk_plugin_zendesk_url": "https://your-url.zendesk.com/agent/tickets/",
  "details": {
    "can_edit": false,
    "notification_level": 1,
    "can_create_post": true,
    "can_reply_as_new_topic": true,
    "can_flag_topic": true,
    "participants": [
      {
        "id": 16094,
        "username": "carlton",
        "name": "Carlton D'Silva",
        "avatar_template": "/user_avatar/discourse.onlinedegree.iitm.ac.in/carlton/{size}/56317_2.png",
        "post_count": 15,
        "primary_group_name": "ds-students",
        "flair_name": "ds-students",
        "flair_url": null,
        "flair_color": "",
        "flair_bg_color": "",
        "flair_group_id": 294,
        "trust_level": 3
      },
      {
        "id": 18297,
        "username": "23f1002382",
        "name": "Andrew David",
        "avatar_template": "/user_avatar/discourse.onlinedegree.iitm.ac.in/23f1002382/{size}/68945_2.png",
        "post_count": 11,
        "primary_group_name": "ds-students",
        "flair_name": "ds-students",
        "flair_url": null,
        "flair_color": "",
        "flair_bg_color": "",
        "flair_group_id": 294,
        "trust_level": 1
      },
      {
        "id": 36619,
        "username": "trebhuvansb",
        "name": "Trebhuvan SB",
        "avatar_template": "/user_avatar/discourse.onlinedegree.iitm.ac.in/trebhuvansb/{size}/109875_2.png",
        "post_count": 8,
        "primary_group_name": "ds-students",
        "flair_name": "ds-students",
        "flair_url": null,
        "flair_color": "",
        "flair_bg_color": "",
        "flair_group_id": 294,
        "trust_level": 1
      },
      {
        "id": 15651,
        "username": "Jivraj",
        "name": "Jivraj Singh Shekhawat",
        "avatar_template": "https://avatars.discourse-cdn.com/v4/letter/j/b9bd4f/{size}.png",
        "post_count": 6,
        "primary_group_name": "ds-students",
        "flair_name": "ds-students",
        "flair_url": null,
        "flair_color": "",
        "flair_bg_color": "",
        "flair_group_id": 294,
        "trust_level": 2
      },
      {
        "id": 22439,
        "username": "23f2003413",
        "name": "Shashannk",
        "avatar_template": "/user_avatar/discourse.onlinedegree.iitm.ac.in/23f2003413/{size}/66883_2.png",
        "post_count": 4,
        "primary_group_name": "ds-students",
        "flair_name": "ds-students",
        "flair_url": null,
        "flair_color": "",
        "flair_bg_color": "",
        "flair_group_id": 294,
        "trust_level": 1
      },
      {
        "id": 14992,
        "username": "22f2001640",
        "name": "Telvin Varghese",
        "avatar_template": "/user_avatar/discourse.onlinedegree.iitm.ac.in/22f2001640/{size}/104_2.png",
        "post_count": 3,
        "primary_group_name": "ds-students",
        "flair_name": "ds-students",
        "flair_url": null,
        "flair_color": "",
        "flair_bg_color": "",
        "flair_group_id": 294,
        "trust_level": 1
      },
      {
        "id": 22224,
        "username": "Sagan",
        "name": "Sagandeep Kaur",
        "avatar_template": "/user_avatar/discourse.onlinedegree.iitm.ac.in/sagan/{size}/95367_2.png",
        "post_count": 3,
        "primary_group_name": "ds-students",
        "flair_name": "ds-students",
        "flair_url": null,
        "flair_color": "",
        "flair_bg_color": "",
        "flair_group_id": 294,
        "trust_level": 1
      },
      {
        "id": 18088,
        "username": "shubhamatkal",
        "name": "Shubham Atkal",
        "avatar_template": "/user_avatar/discourse.onlinedegree.iitm.ac.in/shubhamatkal/{size}/66790_2.png",
        "post_count": 3,
        "primary_group_name": "ds-students",
        "flair_name": "ds-students",
        "flair_url": null,
        "flair_color": "",
        "flair_bg_color": "",
        "flair_group_id": 294,
        "trust_level": 1
      },
      {
        "id": 13078,
        "username": "Saransh_Saini",
        "name": "Saransh Saini",
        "avatar_template": "/user_avatar/discourse.onlinedegree.iitm.ac.in/saransh_saini/{size}/123495_2.png",
        "post_count": 2,
        "primary_group_name": "ds-students",
        "flair_name": "ds-students",
        "flair_url": null,
        "flair_color": "",
        "flair_bg_color": "",
        "flair_group_id": 294,
        "trust_level": 1
      },
      {
        "id": 22191,
        "username": "23f2004837",
        "name": "Vinil",
        "avatar_template": "/user_avatar/discourse.onlinedegree.iitm.ac.in/23f2004837/{size}/67513_2.png",
        "post_count": 2,
        "primary_group_name": "ds-students",
        "flair_name": "ds-students",
        "flair_url": null,
        "flair_color": "",
        "flair_bg_color": "",
        "flair_group_id": 294,
        "trust_level": 1
      },
      {
        "id": 15364,
        "username": "21f3002034",
        "name": "Raghu vasanth rao",
        "avatar_template": "/user_avatar/discourse.onlinedegree.iitm.ac.in/21f3002034/{size}/14274_2.png",
        "post_count": 2,
        "primary_group_name": "ds-students",
        "flair_name": "ds-students",
        "flair_url": null,
        "flair_color": "",
        "flair_bg_color": "",
        "flair_group_id": 294,
        "trust_level": 1
      },
      {
        "id": 18074,
        "username": "23f1001231",
        "name": "PREMDEEP MAITI",
        "avatar_template": "/user_avatar/discourse.onlinedegree.iitm.ac.in/23f1001231/{size}/67068_2.png",
        "post_count": 2,
        "primary_group_name": "ds-students",
        "flair_name": "ds-students",
        "flair_url": null,
        "flair_color": "",
        "flair_bg_color": "",
        "flair_group_id": 294,
        "trust_level": 1
      },
      {
        "id": 21840,
        "username": "23f2004636",
        "name": "Akshit Mittal",
        "avatar_template": "/user_avatar/discourse.onlinedegree.iitm.ac.in/23f2004636/{size}/86136_2.png",
        "post_count": 1,
        "primary_group_name": "ds-students",
        "flair_name": "ds-students",
        "flair_url": null,
        "flair_color": "",
        "flair_bg_color": "",
        "flair_group_id": 294,
        "trust_level": 1
      },
      {
        "id": 40000,
        "username": "Sakshi6479",
        "name": "SAKSHI PATHAK",
        "avatar_template": "/user_avatar/discourse.onlinedegree.iitm.ac.in/sakshi6479/{size}/110446_2.png",
        "post_count": 1,
        "primary_group_name": "ds-students",
        "flair_name": "ds-students",
        "flair_url": null,
        "flair_color": "",
        "flair_bg_color": "",
        "flair_group_id": 294,
        "trust_level": 1
      },
      {
        "id": 23416,
        "username": "23f3001458",
        "name": "ABHIJIT PADHI",
        "avatar_template": "/user_avatar/discourse.onlinedegree.iitm.ac.in/23f3001458/{size}/68296_2.png",
        "post_count": 1,
        "primary_group_name": "ds-students",
        "flair_name": "ds-students",
        "flair_url": null,
        "flair_color": "",
        "flair_bg_color": "",
        "flair_group_id": 294,
        "trust_level": 1
      },
      {
        "id": 23612,
        "username": "Jaideep",
        "name": "JAIDEEP M",
        "avatar_template": "/user_avatar/discourse.onlinedegree.iitm.ac.in/jaideep/{size}/66817_2.png",
        "post_count": 1,
        "primary_group_name": "ds-students",
        "flair_name": "ds-students",
        "flair_url": null,
        "flair_color": "",
        "flair_bg_color": "",
        "flair_group_id": 294,
        "trust_level": 1
      },
      {
        "id": 25223,
        "username": "23f2005702",
        "name": "Aarush saxena ",
        "avatar_template": "/user_avatar/discourse.onlinedegree.iitm.ac.in/23f2005702/{size}/88240_2.png",
        "post_count": 1,
        "primary_group_name": "ds-students",
        "flair_name": "ds-students",
        "flair_url": null,
        "flair_color": "",
        "flair_bg_color": "",
        "flair_group_id": 294,
        "trust_level": 1
      },
      {
        "id": 24597,
        "username": "23f2005419",
        "name": "Arulvadivelan V",
        "avatar_template": "/user_avatar/discourse.onlinedegree.iitm.ac.in/23f2005419/{size}/67741_2.png",
        "post_count": 1,
        "primary_group_name": "ds-students",
        "flair_name": "ds-students",
        "flair_url": null,
        "flair_color": "",
        "flair_bg_color": "",
        "flair_group_id": 294,
        "trust_level": 1
      },
      {
        "id": 16002,
        "username": "22f3000819",
        "name": "Shivaditya Bhattacharya",
        "avatar_template": "/user_avatar/discourse.onlinedegree.iitm.ac.in/22f3000819/{size}/66738_2.png",
        "post_count": 1,
        "primary_group_name": "ds-students",
        "flair_name": "ds-students",
        "flair_url": null,
        "flair_color": "",
        "flair_bg_color": "",
        "flair_group_id": 294,
        "trust_level": 1
      },
      {
        "id": 14877,
        "username": "mokshika",
        "name": "MOKSHIKA",
        "avatar_template": "/user_avatar/discourse.onlinedegree.iitm.ac.in/mokshika/{size}/14144_2.png",
        "post_count": 1,
        "primary_group_name": "ds-students",
        "flair_name": "ds-students",
        "flair_url": null,
        "flair_color": "",
        "flair_bg_color": "",
        "flair_group_id": 294,
        "trust_level": 0
      },
      {
        "id": 27784,
        "username": "23F3004407_RATANPRIY",
        "name": "23F3004407 RATANPRIYA SINGH",
        "avatar_template": "/user_avatar/discourse.onlinedegree.iitm.ac.in/23f3004407_ratanpriy/{size}/68225_2.png",
        "post_count": 1,
        "primary_group_name": "ds-students",
        "flair_name": "ds-students",
        "flair_url": null,
        "flair_color": "",
        "flair_bg_color": "",
        "flair_group_id": 294,
        "trust_level": 1
      },
      {
        "id": 20525,
        "username": "mahi.13",
        "name": "Mahi",
        "avatar_template": "/user_avatar/discourse.onlinedegree.iitm.ac.in/mahi.13/{size}/68500_2.png",
        "post_count": 1,
        "primary_group_name": "ds-students",
        "flair_name": "ds-students",
        "flair_url": null,
        "flair_color": "",
        "flair_bg_color": "",
        "flair_group_id": 294,
        "trust_level": 0
      },
      {
        "id": 7193,
        "username": "lakshaygarg654",
        "name": "LAKSHAY",
        "avatar_template": "/user_avatar/discourse.onlinedegree.iitm.ac.in/lakshaygarg654/{size}/129814_2.png",
        "post_count": 1,
        "primary_group_name": "ds-students",
        "flair_name": "ds-students",
        "flair_url": null,
        "flair_color": "",
        "flair_bg_color": "",
        "flair_group_id": 294,
        "trust_level": 1
      },
      {
        "id": 38011,
        "username": "24ds3000028",
        "name": "Amala Natarajan ",
        "avatar_template": "/user_avatar/discourse.onlinedegree.iitm.ac.in/24ds3000028/{size}/111486_2.png",
        "post_count": 1,
        "primary_group_name": "ds-students",
        "flair_name": "ds-students",
        "flair_url": null,
        "flair_color": "",
        "flair_bg_color": "",
        "flair_group_id": 294,
        "trust_level": 1
      }
    ],
    "created_by": {
      "id": 16094,
      "username": "carlton",
      "name": "Carlton D'Silva",
      "avatar_template": "/user_avatar/discourse.onlinedegree.iitm.ac.in/carlton/{size}/56317_2.png"
    },
    "last_poster": {
      "id": 16094,
      "username": "carlton",
      "name": "Carlton D'Silva",
      "avatar_template": "/user_avatar/discourse.onlinedegree.iitm.ac.in/carlton/{size}/56317_2.png"
    },
    "links": [
      {
        "url": "https://workspace.google.com/intl/en-US/products/calendar/",
        "title": "Shareable Online Calendar and Scheduling - Google Calendar",
        "internal": false,
        "attachment": false,
        "reflection": false,
        "clicks": 32,
        "user_id": 16094,
        "domain": "workspace.google.com",
        "root_domain": "google.com"
      },
      {
        "url": "http://meet.google.com/odh-ycbm-ahj",
        "title": null,
        "internal": false,
        "attachment": false,
        "reflection": false,
        "clicks": 28,
        "user_id": 16094,
        "domain": "meet.google.com",
        "root_domain": "google.com"
      },
      {
        "url": "https://docs.google.com/document/d/1WqycKoNlV_lh40mxlTUo4w9Eh4gvjcQ9/edit?usp=drivesdk&ouid=110677822449295284223&rtpof=true&sd=true",
        "title": "ROE Checklist.docx - Google Docs",
        "internal": false,
        "attachment": false,
        "reflection": false,
        "clicks": 27,
        "user_id": 16094,
        "domain": "docs.google.com",
        "root_domain": "google.com"
      },
      {
        "url": "https://exam.sanand.workers.dev/tds-2024-sep-roe1",
        "title": "Technical Assessment",
        "internal": false,
        "attachment": false,
        "reflection": false,
        "clicks": 24,
        "user_id": 16094,
        "domain": "exam.sanand.workers.dev",
        "root_domain": "sanand.workers.dev"
      },
      {
        "url": "https://forms.gle/UWhvLQvjrJmnvMSn6",
        "title": null,
        "internal": false,
        "attachment": false,
        "reflection": false,
        "clicks": 21,
        "user_id": 16094,
        "domain": "forms.gle",
        "root_domain": "forms.gle"
      },
      {
        "url": "https://drive.google.com/file/d/1Qg_KPFup6Tu49RP5qGRVnU13j1QKiilq/edit",
        "title": "mock_roe_4.pdf - Google Drive",
        "internal": false,
        "attachment": false,
        "reflection": false,
        "clicks": 18,
        "user_id": 16094,
        "domain": "drive.google.com",
        "root_domain": "google.com"
      },
      {
        "url": "https://www.s-anand.net/blog/hacking-an-obnoxious-unhelpful-llm-to-say-yes/",
        "title": "Hacking an obnoxious, unhelpful LLM to say Yes - S Anand",
        "internal": false,
        "attachment": false,
        "reflection": false,
        "clicks": 14,
        "user_id": 13078,
        "domain": "www.s-anand.net",
        "root_domain": "s-anand.net"
      },
      {
        "url": "https://github.com/Jivraj-18/tds-jan-2025-mock-roe-1",
        "title": "GitHub - Jivraj-18/tds-jan-2025-mock-roe-1",
        "internal": false,
        "attachment": false,
        "reflection": false,
        "clicks": 12,
        "user_id": 15651,
        "domain": "github.com",
        "root_domain": "github.com"
      },
      {
        "url": "https://drive.google.com/file/u/1/d/1FTpoBrflLUJicycg3uu2R2dF2KZ9dRsM/view?usp=drive_web",
        "title": "Live Session - TDS - 2025/02/25 19:46 GMT+05:30 - Recording - Google Drive",
        "internal": false,
        "attachment": false,
        "reflection": false,
        "clicks": 12,
        "user_id": 36619,
        "domain": "drive.google.com",
        "root_domain": "google.com"
      },
      {
        "url": "https://drive.google.com/file/d/1kQKiBccRn6sUV_dvjk3ROZQKrc50oHfq/edit",
        "title": "MOCK ROE 3.pdf - Google Drive",
        "internal": false,
        "attachment": false,
        "reflection": false,
        "clicks": 11,
        "user_id": 16094,
        "domain": "drive.google.com",
        "root_domain": "google.com"
      },
      {
        "url": "https://22f3001919.github.io/tds_project_1_may_24/",
        "title": null,
        "internal": false,
        "attachment": false,
        "reflection": false,
        "clicks": 8,
        "user_id": 18297,
        "domain": "22f3001919.github.io",
        "root_domain": "22f3001919.github.io"
      },
      {
        "url": "https://drive.google.com/file/d/19LRqnJ7Gl0X4pK5xc17eCQA-79hbTZKE/view",
        "title": "Live Session - TDS - 2025/02/26 20:45 GMT+05:30 - Recording - Google Drive",
        "internal": false,
        "attachment": false,
        "reflection": false,
        "clicks": 8,
        "user_id": 36619,
        "domain": "drive.google.com",
        "root_domain": "google.com"
      },
      {
        "url": "https://meet.google.com/nnq-sxqh-ryw",
        "title": null,
        "internal": false,
        "attachment": false,
        "reflection": false,
        "clicks": 3,
        "user_id": 16094,
        "domain": "meet.google.com",
        "root_domain": "google.com"
      },
      {
        "url": "https://drive.google.com/file/d/1PHMvoD16Mqino-9SC8uaUtVU3bVuxkD7/view?usp=sharing",
        "title": "df_gobindpur.csv - Google Drive",
        "internal": false,
        "attachment": false,
        "reflection": false,
        "clicks": 2,
        "user_id": 18088,
        "domain": "drive.google.com",
        "root_domain": "google.com"
      },
      {
        "url": "https://pypi.org/project/haversine/",
        "title": "haversine \u00b7 PyPI",
        "internal": false,
        "attachment": false,
        "reflection": false,
        "clicks": 1,
        "user_id": 18297,
        "domain": "pypi.org",
        "root_domain": "pypi.org"
      }
    ]
  },
  "pending_posts": [],
  "bookmarks": []
}