{
  "post_stream": {
    "posts": [
      {
        "id": 604305,
        "name": "Md Ayan Arshad",
        "username": "22f3000985",
        "avatar_template": "/user_avatar/discourse.onlinedegree.iitm.ac.in/22f3000985/{size}/60547_2.png",
        "created_at": "2025-03-07T16:51:48.973Z",
        "cooked": "Hey, It\u2019s showiing Absent for Programming Quiz 1, But i submitted it successfully.\nIs this because of any glitch? Anyone of you having the same error?",
        "post_number": 1,
        "post_type": 1,
        "posts_count": 28,
        "updated_at": "2025-03-11T22:42:42.085Z",
        "reply_count": 0,
        "reply_to_post_number": null,
        "quote_count": 0,
        "incoming_link_count": 2,
        "reads": 94,
        "readers_count": 93,
        "score": 27.2,
        "yours": false,
        "topic_id": 169369,
        "topic_slug": "programming-quiz-1-in-student-dashboard-label-for-roe-scores-showing-absent-or-incorrect",
        "display_username": "Md Ayan Arshad",
        "primary_group_name": "ds-students",
        "flair_name": "ds-students",
        "flair_url": null,
        "flair_bg_color": "",
        "flair_color": "",
        "flair_group_id": 294,
        "badges_granted": [],
        "version": 3,
        "can_edit": false,
        "can_delete": false,
        "can_recover": false,
        "can_see_hidden_post": false,
        "can_wiki": false,
        "read": false,
        "user_title": "",
        "bookmarked": false,
        "actions_summary": [
          {
            "id": 2,
            "can_act": true
          },
          {
            "id": 6,
            "can_act": true
          },
          {
            "id": 3,
            "can_act": true
          },
          {
            "id": 4,
            "can_act": true
          },
          {
            "id": 8,
            "can_act": true
          },
          {
            "id": 10,
            "can_act": true
          },
          {
            "id": 7,
            "can_act": true
          }
        ],
        "moderator": false,
        "admin": false,
        "staff": false,
        "user_id": 16580,
        "hidden": false,
        "trust_level": 1,
        "deleted_at": null,
        "user_deleted": false,
        "edit_reason": null,
        "can_view_edit_history": true,
        "wiki": false,
        "post_url": "/t/programming-quiz-1-in-student-dashboard-label-for-roe-scores-showing-absent-or-incorrect/169369/1",
        "user_cakedate": "2023-01-30",
        "reactions": [],
        "current_user_reaction": null,
        "reaction_users_count": 0,
        "current_user_used_main_reaction": false,
        "can_accept_answer": false,
        "can_unaccept_answer": false,
        "accepted_answer": false,
        "topic_accepted_answer": null,
        "can_vote": false
      },
      {
        "id": 604361,
        "name": "Vicky Kumar",
        "username": "Algsoch",
        "avatar_template": "/user_avatar/discourse.onlinedegree.iitm.ac.in/algsoch/{size}/111675_2.png",
        "created_at": "2025-03-08T04:00:12.345Z",
        "cooked": "same problem with  me\nimage382\u00d7386 19 KB",
        "post_number": 2,
        "post_type": 1,
        "posts_count": 28,
        "updated_at": "2025-03-08T04:00:12.345Z",
        "reply_count": 0,
        "reply_to_post_number": null,
        "quote_count": 0,
        "incoming_link_count": 0,
        "reads": 90,
        "readers_count": 89,
        "score": 16.4,
        "yours": false,
        "topic_id": 169369,
        "topic_slug": "programming-quiz-1-in-student-dashboard-label-for-roe-scores-showing-absent-or-incorrect",
        "display_username": "Vicky Kumar",
        "primary_group_name": "ds-students",
        "flair_name": "ds-students",
        "flair_url": null,
        "flair_bg_color": "",
        "flair_color": "",
        "flair_group_id": 294,
        "badges_granted": [],
        "version": 1,
        "can_edit": false,
        "can_delete": false,
        "can_recover": false,
        "can_see_hidden_post": false,
        "can_wiki": false,
        "read": false,
        "user_title": null,
        "bookmarked": false,
        "actions_summary": [
          {
            "id": 2,
            "can_act": true
          },
          {
            "id": 6,
            "can_act": true
          },
          {
            "id": 3,
            "can_act": true
          },
          {
            "id": 4,
            "can_act": true
          },
          {
            "id": 8,
            "can_act": true
          },
          {
            "id": 10,
            "can_act": true
          },
          {
            "id": 7,
            "can_act": true
          }
        ],
        "moderator": false,
        "admin": false,
        "staff": false,
        "user_id": 35950,
        "hidden": false,
        "trust_level": 1,
        "deleted_at": null,
        "user_deleted": false,
        "edit_reason": null,
        "can_view_edit_history": true,
        "wiki": false,
        "post_url": "/t/programming-quiz-1-in-student-dashboard-label-for-roe-scores-showing-absent-or-incorrect/169369/2",
        "user_cakedate": "2024-09-21",
        "user_birthdate": "1904-06-19",
        "reactions": [],
        "current_user_reaction": null,
        "reaction_users_count": 0,
        "current_user_used_main_reaction": false,
        "can_accept_answer": false,
        "can_unaccept_answer": false,
        "accepted_answer": false,
        "topic_accepted_answer": null
      },
      {
        "id": 604377,
        "name": "Sudip Dey",
        "username": "23f3004246",
        "avatar_template": "/user_avatar/discourse.onlinedegree.iitm.ac.in/23f3004246/{size}/68148_2.png",
        "created_at": "2025-03-07T16:01:53.230Z",
        "cooked": "Dear Sir,\nI would like to bring this to your attention that even though I submitted the ROE multiple times, the dashboard is showing absent.\nI hope the issue will be resolved at earliest as I am not the only one facing this issue\nScreenshot 2025-03-07 212639524\u00d7386 47.4 KB",
        "post_number": 3,
        "post_type": 1,
        "posts_count": 28,
        "updated_at": "2025-03-08T05:20:33.593Z",
        "reply_count": 0,
        "reply_to_post_number": null,
        "quote_count": 0,
        "incoming_link_count": 0,
        "reads": 65,
        "readers_count": 64,
        "score": 12.0,
        "yours": false,
        "topic_id": 169369,
        "topic_slug": "programming-quiz-1-in-student-dashboard-label-for-roe-scores-showing-absent-or-incorrect",
        "display_username": "Sudip Dey",
        "primary_group_name": "ds-students",
        "flair_name": "ds-students",
        "flair_url": null,
        "flair_bg_color": "",
        "flair_color": "",
        "flair_group_id": 294,
        "badges_granted": [],
        "version": 2,
        "can_edit": false,
        "can_delete": false,
        "can_recover": false,
        "can_see_hidden_post": false,
        "can_wiki": false,
        "read": false,
        "user_title": null,
        "bookmarked": false,
        "actions_summary": [
          {
            "id": 2,
            "can_act": true
          },
          {
            "id": 6,
            "can_act": true
          },
          {
            "id": 3,
            "can_act": true
          },
          {
            "id": 4,
            "can_act": true
          },
          {
            "id": 8,
            "can_act": true
          },
          {
            "id": 10,
            "can_act": true
          },
          {
            "id": 7,
            "can_act": true
          }
        ],
        "moderator": false,
        "admin": false,
        "staff": false,
        "user_id": 25292,
        "hidden": false,
        "trust_level": 1,
        "deleted_at": null,
        "user_deleted": false,
        "edit_reason": null,
        "can_view_edit_history": true,
        "wiki": false,
        "post_url": "/t/programming-quiz-1-in-student-dashboard-label-for-roe-scores-showing-absent-or-incorrect/169369/3",
        "user_cakedate": "2024-01-19",
        "reactions": [],
        "current_user_reaction": null,
        "reaction_users_count": 0,
        "current_user_used_main_reaction": false,
        "can_accept_answer": false,
        "can_unaccept_answer": false,
        "accepted_answer": false,
        "topic_accepted_answer": null
      },
      {
        "id": 604175,
        "name": "Shambhavi ",
        "username": "24f2003130",
        "avatar_template": "/user_avatar/discourse.onlinedegree.iitm.ac.in/24f2003130/{size}/132501_2.png",
        "created_at": "2025-03-07T11:16:13.673Z",
        "cooked": "Hi @carlton @Jivraj sir,\nI wanted to bring to your attention that, although as you are already aware that I was present for the ROE and successfully submitted my exam, my dashboard currently reflects my status as \u201cAbsent.\u201d\nI have attached a screenshot for your reference. I assume this might be a backend issue or that the scores are still being updated. Could you kindly look into this and confirm?\nThank you\n10000327121080\u00d71032 90.3 KB",
        "post_number": 4,
        "post_type": 1,
        "posts_count": 28,
        "updated_at": "2025-03-08T05:27:22.617Z",
        "reply_count": 0,
        "reply_to_post_number": null,
        "quote_count": 0,
        "incoming_link_count": 0,
        "reads": 96,
        "readers_count": 95,
        "score": 18.6,
        "yours": false,
        "topic_id": 169369,
        "topic_slug": "programming-quiz-1-in-student-dashboard-label-for-roe-scores-showing-absent-or-incorrect",
        "display_username": "Shambhavi ",
        "primary_group_name": "ds-students",
        "flair_name": "ds-students",
        "flair_url": null,
        "flair_bg_color": "",
        "flair_color": "",
        "flair_group_id": 294,
        "badges_granted": [],
        "version": 1,
        "can_edit": false,
        "can_delete": false,
        "can_recover": false,
        "can_see_hidden_post": false,
        "can_wiki": false,
        "link_counts": [
          {
            "url": "https://discourse.onlinedegree.iitm.ac.in/t/remote-online-exam-tds-jan-2025/168832/105",
            "internal": true,
            "reflection": true,
            "title": "Remote Online Exam [TDS Jan 2025]",
            "clicks": 1
          }
        ],
        "read": false,
        "user_title": "",
        "bookmarked": false,
        "actions_summary": [
          {
            "id": 2,
            "can_act": true
          },
          {
            "id": 6,
            "can_act": true
          },
          {
            "id": 3,
            "can_act": true
          },
          {
            "id": 4,
            "can_act": true
          },
          {
            "id": 8,
            "can_act": true
          },
          {
            "id": 10,
            "can_act": true
          },
          {
            "id": 7,
            "can_act": true
          }
        ],
        "moderator": false,
        "admin": false,
        "staff": false,
        "user_id": 30376,
        "hidden": false,
        "trust_level": 1,
        "deleted_at": null,
        "user_deleted": false,
        "edit_reason": null,
        "can_view_edit_history": true,
        "wiki": false,
        "post_url": "/t/programming-quiz-1-in-student-dashboard-label-for-roe-scores-showing-absent-or-incorrect/169369/4",
        "user_cakedate": "2024-06-02",
        "user_birthdate": "1904-09-28",
        "reactions": [],
        "current_user_reaction": null,
        "reaction_users_count": 0,
        "current_user_used_main_reaction": false,
        "can_accept_answer": false,
        "can_unaccept_answer": false,
        "accepted_answer": false,
        "topic_accepted_answer": null
      },
      {
        "id": 604177,
        "name": "Hisham Kadambot",
        "username": "23f1002630",
        "avatar_template": "/user_avatar/discourse.onlinedegree.iitm.ac.in/23f1002630/{size}/123041_2.png",
        "created_at": "2025-03-07T11:21:02.161Z",
        "cooked": "image444\u00d7478 22.1 KB\nI was attend the roe. Why is it showing as absent?\n@carlton @Jivraj @s.anand",
        "post_number": 5,
        "post_type": 1,
        "posts_count": 28,
        "updated_at": "2025-03-08T05:27:22.621Z",
        "reply_count": 1,
        "reply_to_post_number": null,
        "quote_count": 0,
        "incoming_link_count": 1,
        "reads": 95,
        "readers_count": 94,
        "score": 28.2,
        "yours": false,
        "topic_id": 169369,
        "topic_slug": "programming-quiz-1-in-student-dashboard-label-for-roe-scores-showing-absent-or-incorrect",
        "display_username": "Hisham Kadambot",
        "primary_group_name": "ds-students",
        "flair_name": "ds-students",
        "flair_url": null,
        "flair_bg_color": "",
        "flair_color": "",
        "flair_group_id": 294,
        "badges_granted": [],
        "version": 1,
        "can_edit": false,
        "can_delete": false,
        "can_recover": false,
        "can_see_hidden_post": false,
        "can_wiki": false,
        "read": false,
        "user_title": null,
        "bookmarked": false,
        "actions_summary": [
          {
            "id": 2,
            "can_act": true
          },
          {
            "id": 6,
            "can_act": true
          },
          {
            "id": 3,
            "can_act": true
          },
          {
            "id": 4,
            "can_act": true
          },
          {
            "id": 8,
            "can_act": true
          },
          {
            "id": 10,
            "can_act": true
          },
          {
            "id": 7,
            "can_act": true
          }
        ],
        "moderator": false,
        "admin": false,
        "staff": false,
        "user_id": 24685,
        "hidden": false,
        "trust_level": 1,
        "deleted_at": null,
        "user_deleted": false,
        "edit_reason": null,
        "can_view_edit_history": true,
        "wiki": false,
        "post_url": "/t/programming-quiz-1-in-student-dashboard-label-for-roe-scores-showing-absent-or-incorrect/169369/5",
        "user_cakedate": "2024-01-14",
        "reactions": [],
        "current_user_reaction": null,
        "reaction_users_count": 0,
        "current_user_used_main_reaction": false,
        "can_accept_answer": false,
        "can_unaccept_answer": false,
        "accepted_answer": false,
        "topic_accepted_answer": null
      },
      {
        "id": 604178,
        "name": "Irina Agastin",
        "username": "23f2004169",
        "avatar_template": "/user_avatar/discourse.onlinedegree.iitm.ac.in/23f2004169/{size}/80983_2.png",
        "created_at": "2025-03-07T11:25:00.051Z",
        "cooked": "I am experiencing the same issue. I ensured that my submission was completed and saved before the deadline. @carlton @Jivraj",
        "post_number": 6,
        "post_type": 1,
        "posts_count": 28,
        "updated_at": "2025-03-08T05:27:22.625Z",
        "reply_count": 1,
        "reply_to_post_number": 5,
        "quote_count": 0,
        "incoming_link_count": 0,
        "reads": 89,
        "readers_count": 88,
        "score": 22.2,
        "yours": false,
        "topic_id": 169369,
        "topic_slug": "programming-quiz-1-in-student-dashboard-label-for-roe-scores-showing-absent-or-incorrect",
        "display_username": "Irina Agastin",
        "primary_group_name": "ds-students",
        "flair_name": "ds-students",
        "flair_url": null,
        "flair_bg_color": "",
        "flair_color": "",
        "flair_group_id": 294,
        "badges_granted": [],
        "version": 1,
        "can_edit": false,
        "can_delete": false,
        "can_recover": false,
        "can_see_hidden_post": false,
        "can_wiki": false,
        "read": false,
        "user_title": null,
        "reply_to_user": {
          "id": 24685,
          "username": "23f1002630",
          "name": "Hisham Kadambot",
          "avatar_template": "/user_avatar/discourse.onlinedegree.iitm.ac.in/23f1002630/{size}/123041_2.png"
        },
        "bookmarked": false,
        "actions_summary": [
          {
            "id": 2,
            "can_act": true
          },
          {
            "id": 6,
            "can_act": true
          },
          {
            "id": 3,
            "can_act": true
          },
          {
            "id": 4,
            "can_act": true
          },
          {
            "id": 8,
            "can_act": true
          },
          {
            "id": 10,
            "can_act": true
          },
          {
            "id": 7,
            "can_act": true
          }
        ],
        "moderator": false,
        "admin": false,
        "staff": false,
        "user_id": 22205,
        "hidden": false,
        "trust_level": 1,
        "deleted_at": null,
        "user_deleted": false,
        "edit_reason": null,
        "can_view_edit_history": true,
        "wiki": false,
        "post_url": "/t/programming-quiz-1-in-student-dashboard-label-for-roe-scores-showing-absent-or-incorrect/169369/6",
        "user_cakedate": "2023-09-19",
        "reactions": [],
        "current_user_reaction": null,
        "reaction_users_count": 0,
        "current_user_used_main_reaction": false,
        "can_accept_answer": false,
        "can_unaccept_answer": false,
        "accepted_answer": false,
        "topic_accepted_answer": null
      },
      {
        "id": 604180,
        "name": "Shirin Fathima Shabeeb ",
        "username": "22f3001272",
        "avatar_template": "/user_avatar/discourse.onlinedegree.iitm.ac.in/22f3001272/{size}/66893_2.png",
        "created_at": "2025-03-07T11:31:48.998Z",
        "cooked": "IMG_20250307_1528271012\u00d71136 91 KB\nI\u2019m experiencing a similar issue, I attended and submitted the exam but it\u2019s showing absent",
        "post_number": 7,
        "post_type": 1,
        "posts_count": 28,
        "updated_at": "2025-03-08T05:27:22.628Z",
        "reply_count": 0,
        "reply_to_post_number": null,
        "quote_count": 0,
        "incoming_link_count": 3,
        "reads": 92,
        "readers_count": 91,
        "score": 33.0,
        "yours": false,
        "topic_id": 169369,
        "topic_slug": "programming-quiz-1-in-student-dashboard-label-for-roe-scores-showing-absent-or-incorrect",
        "display_username": "Shirin Fathima Shabeeb ",
        "primary_group_name": "ds-students",
        "flair_name": "ds-students",
        "flair_url": null,
        "flair_bg_color": "",
        "flair_color": "",
        "flair_group_id": 294,
        "badges_granted": [],
        "version": 1,
        "can_edit": false,
        "can_delete": false,
        "can_recover": false,
        "can_see_hidden_post": false,
        "can_wiki": false,
        "read": false,
        "user_title": null,
        "bookmarked": false,
        "actions_summary": [
          {
            "id": 2,
            "can_act": true
          },
          {
            "id": 6,
            "can_act": true
          },
          {
            "id": 3,
            "can_act": true
          },
          {
            "id": 4,
            "can_act": true
          },
          {
            "id": 8,
            "can_act": true
          },
          {
            "id": 10,
            "can_act": true
          },
          {
            "id": 7,
            "can_act": true
          }
        ],
        "moderator": false,
        "admin": false,
        "staff": false,
        "user_id": 15768,
        "hidden": false,
        "trust_level": 0,
        "deleted_at": null,
        "user_deleted": false,
        "edit_reason": null,
        "can_view_edit_history": true,
        "wiki": false,
        "post_url": "/t/programming-quiz-1-in-student-dashboard-label-for-roe-scores-showing-absent-or-incorrect/169369/7",
        "user_cakedate": "2023-01-25",
        "reactions": [],
        "current_user_reaction": null,
        "reaction_users_count": 0,
        "current_user_used_main_reaction": false,
        "can_accept_answer": false,
        "can_unaccept_answer": false,
        "accepted_answer": false,
        "topic_accepted_answer": null
      },
      {
        "id": 604239,
        "name": "PRAKHAR PANDEY",
        "username": "23f1002709",
        "avatar_template": "/user_avatar/discourse.onlinedegree.iitm.ac.in/23f1002709/{size}/68757_2.png",
        "created_at": "2025-03-07T13:36:29.140Z",
        "cooked": "",
        "post_number": 8,
        "post_type": 1,
        "posts_count": 28,
        "updated_at": "2025-03-08T05:27:22.632Z",
        "reply_count": 0,
        "reply_to_post_number": null,
        "quote_count": 0,
        "incoming_link_count": 0,
        "reads": 84,
        "readers_count": 83,
        "score": 16.6,
        "yours": false,
        "topic_id": 169369,
        "topic_slug": "programming-quiz-1-in-student-dashboard-label-for-roe-scores-showing-absent-or-incorrect",
        "display_username": "PRAKHAR PANDEY",
        "primary_group_name": "ds-students",
        "flair_name": "ds-students",
        "flair_url": null,
        "flair_bg_color": "",
        "flair_color": "",
        "flair_group_id": 294,
        "badges_granted": [],
        "version": 1,
        "can_edit": false,
        "can_delete": false,
        "can_recover": false,
        "can_see_hidden_post": false,
        "can_wiki": false,
        "read": false,
        "user_title": null,
        "bookmarked": false,
        "actions_summary": [
          {
            "id": 2,
            "can_act": true
          },
          {
            "id": 6,
            "can_act": true
          },
          {
            "id": 3,
            "can_act": true
          },
          {
            "id": 4,
            "can_act": true
          },
          {
            "id": 8,
            "can_act": true
          },
          {
            "id": 10,
            "can_act": true
          },
          {
            "id": 7,
            "can_act": true
          }
        ],
        "moderator": false,
        "admin": false,
        "staff": false,
        "user_id": 18118,
        "hidden": false,
        "trust_level": 0,
        "deleted_at": null,
        "user_deleted": false,
        "edit_reason": null,
        "can_view_edit_history": true,
        "wiki": false,
        "post_url": "/t/programming-quiz-1-in-student-dashboard-label-for-roe-scores-showing-absent-or-incorrect/169369/8",
        "user_cakedate": "2023-06-04",
        "reactions": [],
        "current_user_reaction": null,
        "reaction_users_count": 0,
        "current_user_used_main_reaction": false,
        "can_accept_answer": false,
        "can_unaccept_answer": false,
        "accepted_answer": false,
        "topic_accepted_answer": null
      },
      {
        "id": 604288,
        "name": "Sagandeep Kaur",
        "username": "Sagan",
        "avatar_template": "/user_avatar/discourse.onlinedegree.iitm.ac.in/sagan/{size}/95367_2.png",
        "created_at": "2025-03-07T15:31:15.925Z",
        "cooked": "Are the marks shown after adding bonus or before?",
        "post_number": 9,
        "post_type": 1,
        "posts_count": 28,
        "updated_at": "2025-03-08T05:27:22.635Z",
        "reply_count": 0,
        "reply_to_post_number": null,
        "quote_count": 0,
        "incoming_link_count": 3,
        "reads": 79,
        "readers_count": 78,
        "score": 30.6,
        "yours": false,
        "topic_id": 169369,
        "topic_slug": "programming-quiz-1-in-student-dashboard-label-for-roe-scores-showing-absent-or-incorrect",
        "display_username": "Sagandeep Kaur",
        "primary_group_name": "ds-students",
        "flair_name": "ds-students",
        "flair_url": null,
        "flair_bg_color": "",
        "flair_color": "",
        "flair_group_id": 294,
        "badges_granted": [],
        "version": 1,
        "can_edit": false,
        "can_delete": false,
        "can_recover": false,
        "can_see_hidden_post": false,
        "can_wiki": false,
        "read": false,
        "user_title": "",
        "bookmarked": false,
        "actions_summary": [
          {
            "id": 2,
            "can_act": true
          },
          {
            "id": 6,
            "can_act": true
          },
          {
            "id": 3,
            "can_act": true
          },
          {
            "id": 4,
            "can_act": true
          },
          {
            "id": 8,
            "can_act": true
          },
          {
            "id": 10,
            "can_act": true
          },
          {
            "id": 7,
            "can_act": true
          }
        ],
        "moderator": false,
        "admin": false,
        "staff": false,
        "user_id": 22224,
        "hidden": false,
        "trust_level": 1,
        "deleted_at": null,
        "user_deleted": false,
        "edit_reason": null,
        "can_view_edit_history": true,
        "wiki": false,
        "post_url": "/t/programming-quiz-1-in-student-dashboard-label-for-roe-scores-showing-absent-or-incorrect/169369/9",
        "user_cakedate": "2023-09-19",
        "user_birthdate": "1904-12-29",
        "reactions": [],
        "current_user_reaction": null,
        "reaction_users_count": 0,
        "current_user_used_main_reaction": false,
        "can_accept_answer": false,
        "can_unaccept_answer": false,
        "accepted_answer": false,
        "topic_accepted_answer": null
      },
      {
        "id": 604310,
        "name": "Vedant Bhanushali",
        "username": "Vedant22",
        "avatar_template": "/user_avatar/discourse.onlinedegree.iitm.ac.in/vedant22/{size}/67060_2.png",
        "created_at": "2025-03-07T17:07:36.673Z",
        "cooked": "Sir even for me it is showing absent , I had attended roe and submitted the answer.",
        "post_number": 10,
        "post_type": 1,
        "posts_count": 28,
        "updated_at": "2025-03-08T05:27:22.638Z",
        "reply_count": 0,
        "reply_to_post_number": null,
        "quote_count": 0,
        "incoming_link_count": 0,
        "reads": 75,
        "readers_count": 74,
        "score": 15.0,
        "yours": false,
        "topic_id": 169369,
        "topic_slug": "programming-quiz-1-in-student-dashboard-label-for-roe-scores-showing-absent-or-incorrect",
        "display_username": "Vedant Bhanushali",
        "primary_group_name": "ds-students",
        "flair_name": "ds-students",
        "flair_url": null,
        "flair_bg_color": "",
        "flair_color": "",
        "flair_group_id": 294,
        "badges_granted": [],
        "version": 1,
        "can_edit": false,
        "can_delete": false,
        "can_recover": false,
        "can_see_hidden_post": false,
        "can_wiki": false,
        "read": false,
        "user_title": null,
        "bookmarked": false,
        "actions_summary": [
          {
            "id": 2,
            "can_act": true
          },
          {
            "id": 6,
            "can_act": true
          },
          {
            "id": 3,
            "can_act": true
          },
          {
            "id": 4,
            "can_act": true
          },
          {
            "id": 8,
            "can_act": true
          },
          {
            "id": 10,
            "can_act": true
          },
          {
            "id": 7,
            "can_act": true
          }
        ],
        "moderator": false,
        "admin": false,
        "staff": false,
        "user_id": 20257,
        "hidden": false,
        "trust_level": 0,
        "deleted_at": null,
        "user_deleted": false,
        "edit_reason": null,
        "can_view_edit_history": true,
        "wiki": false,
        "post_url": "/t/programming-quiz-1-in-student-dashboard-label-for-roe-scores-showing-absent-or-incorrect/169369/10",
        "user_cakedate": "2023-06-12",
        "reactions": [],
        "current_user_reaction": null,
        "reaction_users_count": 0,
        "current_user_used_main_reaction": false,
        "can_accept_answer": false,
        "can_unaccept_answer": false,
        "accepted_answer": false,
        "topic_accepted_answer": null
      },
      {
        "id": 604312,
        "name": "thakur vishalkumar vinod",
        "username": "23f2004320",
        "avatar_template": "/user_avatar/discourse.onlinedegree.iitm.ac.in/23f2004320/{size}/79240_2.png",
        "created_at": "2025-03-07T17:12:08.627Z",
        "cooked": "I\u2019m experiencing a similar issue, I attended and submitted the exam but it\u2019s showing absent.  @carlton @Jivraj\nroll no. 23f2004320\nScreenshot 2025-03-07 224052416\u00d7575 29.7 KB",
        "post_number": 11,
        "post_type": 1,
        "posts_count": 28,
        "updated_at": "2025-03-08T05:27:22.640Z",
        "reply_count": 0,
        "reply_to_post_number": null,
        "quote_count": 0,
        "incoming_link_count": 0,
        "reads": 81,
        "readers_count": 80,
        "score": 16.2,
        "yours": false,
        "topic_id": 169369,
        "topic_slug": "programming-quiz-1-in-student-dashboard-label-for-roe-scores-showing-absent-or-incorrect",
        "display_username": "thakur vishalkumar vinod",
        "primary_group_name": "ds-students",
        "flair_name": "ds-students",
        "flair_url": null,
        "flair_bg_color": "",
        "flair_color": "",
        "flair_group_id": 294,
        "badges_granted": [],
        "version": 1,
        "can_edit": false,
        "can_delete": false,
        "can_recover": false,
        "can_see_hidden_post": false,
        "can_wiki": false,
        "read": false,
        "user_title": "",
        "bookmarked": false,
        "actions_summary": [
          {
            "id": 2,
            "can_act": true
          },
          {
            "id": 6,
            "can_act": true
          },
          {
            "id": 3,
            "can_act": true
          },
          {
            "id": 4,
            "can_act": true
          },
          {
            "id": 8,
            "can_act": true
          },
          {
            "id": 10,
            "can_act": true
          },
          {
            "id": 7,
            "can_act": true
          }
        ],
        "moderator": false,
        "admin": false,
        "staff": false,
        "user_id": 21999,
        "hidden": false,
        "trust_level": 1,
        "deleted_at": null,
        "user_deleted": false,
        "edit_reason": null,
        "can_view_edit_history": true,
        "wiki": false,
        "post_url": "/t/programming-quiz-1-in-student-dashboard-label-for-roe-scores-showing-absent-or-incorrect/169369/11",
        "user_cakedate": "2023-09-18",
        "reactions": [],
        "current_user_reaction": null,
        "reaction_users_count": 0,
        "current_user_used_main_reaction": false,
        "can_accept_answer": false,
        "can_unaccept_answer": false,
        "accepted_answer": false,
        "topic_accepted_answer": null
      },
      {
        "id": 604321,
        "name": "Arya Agrahari ",
        "username": "22f3002771",
        "avatar_template": "/user_avatar/discourse.onlinedegree.iitm.ac.in/22f3002771/{size}/66809_2.png",
        "created_at": "2025-03-07T18:26:21.071Z",
        "cooked": "@Jivraj @carlton\nI submitted my exam with perfect 10 score I even went to the technical meet you guys kept and I asked that my score it showing 5/10 but I used the hacking procedure can you please tell what is my score and he said that we will take your highest score only and don\u2019t worry it\u2019s not 5, then I got a invite for the meet you guys kept for those who scored perfectly in the roe, after all this I don\u2019t understand how is my score 60 percent.",
        "post_number": 12,
        "post_type": 1,
        "posts_count": 28,
        "updated_at": "2025-03-08T05:27:22.643Z",
        "reply_count": 0,
        "reply_to_post_number": null,
        "quote_count": 0,
        "incoming_link_count": 0,
        "reads": 78,
        "readers_count": 77,
        "score": 15.4,
        "yours": false,
        "topic_id": 169369,
        "topic_slug": "programming-quiz-1-in-student-dashboard-label-for-roe-scores-showing-absent-or-incorrect",
        "display_username": "Arya Agrahari ",
        "primary_group_name": "ds-students",
        "flair_name": "ds-students",
        "flair_url": null,
        "flair_bg_color": "",
        "flair_color": "",
        "flair_group_id": 294,
        "badges_granted": [],
        "version": 2,
        "can_edit": false,
        "can_delete": false,
        "can_recover": false,
        "can_see_hidden_post": false,
        "can_wiki": false,
        "read": false,
        "user_title": null,
        "bookmarked": false,
        "actions_summary": [
          {
            "id": 2,
            "can_act": true
          },
          {
            "id": 6,
            "can_act": true
          },
          {
            "id": 3,
            "can_act": true
          },
          {
            "id": 4,
            "can_act": true
          },
          {
            "id": 8,
            "can_act": true
          },
          {
            "id": 10,
            "can_act": true
          },
          {
            "id": 7,
            "can_act": true
          }
        ],
        "moderator": false,
        "admin": false,
        "staff": false,
        "user_id": 17017,
        "hidden": false,
        "trust_level": 1,
        "deleted_at": null,
        "user_deleted": false,
        "edit_reason": null,
        "can_view_edit_history": true,
        "wiki": false,
        "post_url": "/t/programming-quiz-1-in-student-dashboard-label-for-roe-scores-showing-absent-or-incorrect/169369/12",
        "user_cakedate": "2023-03-20",
        "reactions": [],
        "current_user_reaction": null,
        "reaction_users_count": 0,
        "current_user_used_main_reaction": false,
        "can_accept_answer": false,
        "can_unaccept_answer": false,
        "accepted_answer": false,
        "topic_accepted_answer": null
      },
      {
        "id": 604413,
        "name": "Mugundhan",
        "username": "23f2005141",
        "avatar_template": "https://avatars.discourse-cdn.com/v4/letter/2/a9a28c/{size}.png",
        "created_at": "2025-03-08T07:01:44.857Z",
        "cooked": "image419\u00d7365 15.8 KB\nI\u2019m experiencing a similar issue, I attended and submitted the exam but it\u2019s showing absent.\nroll no .23f2005141",
        "post_number": 14,
        "post_type": 1,
        "posts_count": 28,
        "updated_at": "2025-03-08T07:01:44.857Z",
        "reply_count": 0,
        "reply_to_post_number": null,
        "quote_count": 0,
        "incoming_link_count": 0,
        "reads": 73,
        "readers_count": 72,
        "score": 14.4,
        "yours": false,
        "topic_id": 169369,
        "topic_slug": "programming-quiz-1-in-student-dashboard-label-for-roe-scores-showing-absent-or-incorrect",
        "display_username": "Mugundhan",
        "primary_group_name": "ds-students",
        "flair_name": "ds-students",
        "flair_url": null,
        "flair_bg_color": "",
        "flair_color": "",
        "flair_group_id": 294,
        "badges_granted": [],
        "version": 1,
        "can_edit": false,
        "can_delete": false,
        "can_recover": false,
        "can_see_hidden_post": false,
        "can_wiki": false,
        "read": false,
        "user_title": null,
        "bookmarked": false,
        "actions_summary": [
          {
            "id": 2,
            "can_act": true
          },
          {
            "id": 6,
            "can_act": true
          },
          {
            "id": 3,
            "can_act": true
          },
          {
            "id": 4,
            "can_act": true
          },
          {
            "id": 8,
            "can_act": true
          },
          {
            "id": 10,
            "can_act": true
          },
          {
            "id": 7,
            "can_act": true
          }
        ],
        "moderator": false,
        "admin": false,
        "staff": false,
        "user_id": 45692,
        "hidden": false,
        "trust_level": 1,
        "deleted_at": null,
        "user_deleted": false,
        "edit_reason": null,
        "can_view_edit_history": true,
        "wiki": false,
        "post_url": "/t/programming-quiz-1-in-student-dashboard-label-for-roe-scores-showing-absent-or-incorrect/169369/14",
        "user_cakedate": "2025-03-07",
        "reactions": [],
        "current_user_reaction": null,
        "reaction_users_count": 0,
        "current_user_used_main_reaction": false,
        "can_accept_answer": false,
        "can_unaccept_answer": false,
        "accepted_answer": false,
        "topic_accepted_answer": null
      },
      {
        "id": 604414,
        "name": "Mugundhan",
        "username": "23f2005141",
        "avatar_template": "https://avatars.discourse-cdn.com/v4/letter/2/a9a28c/{size}.png",
        "created_at": "2025-03-08T07:03:08.686Z",
        "cooked": "image475\u00d7307 8.78 KB\nthis is my roe marks\nroll no 23f2005141",
        "post_number": 15,
        "post_type": 1,
        "posts_count": 28,
        "updated_at": "2025-03-08T07:03:08.686Z",
        "reply_count": 0,
        "reply_to_post_number": null,
        "quote_count": 0,
        "incoming_link_count": 1,
        "reads": 69,
        "readers_count": 68,
        "score": 18.6,
        "yours": false,
        "topic_id": 169369,
        "topic_slug": "programming-quiz-1-in-student-dashboard-label-for-roe-scores-showing-absent-or-incorrect",
        "display_username": "Mugundhan",
        "primary_group_name": "ds-students",
        "flair_name": "ds-students",
        "flair_url": null,
        "flair_bg_color": "",
        "flair_color": "",
        "flair_group_id": 294,
        "badges_granted": [],
        "version": 1,
        "can_edit": false,
        "can_delete": false,
        "can_recover": false,
        "can_see_hidden_post": false,
        "can_wiki": false,
        "read": false,
        "user_title": null,
        "bookmarked": false,
        "actions_summary": [
          {
            "id": 2,
            "can_act": true
          },
          {
            "id": 6,
            "can_act": true
          },
          {
            "id": 3,
            "can_act": true
          },
          {
            "id": 4,
            "can_act": true
          },
          {
            "id": 8,
            "can_act": true
          },
          {
            "id": 10,
            "can_act": true
          },
          {
            "id": 7,
            "can_act": true
          }
        ],
        "moderator": false,
        "admin": false,
        "staff": false,
        "user_id": 45692,
        "hidden": false,
        "trust_level": 1,
        "deleted_at": null,
        "user_deleted": false,
        "edit_reason": null,
        "can_view_edit_history": true,
        "wiki": false,
        "post_url": "/t/programming-quiz-1-in-student-dashboard-label-for-roe-scores-showing-absent-or-incorrect/169369/15",
        "user_cakedate": "2025-03-07",
        "reactions": [],
        "current_user_reaction": null,
        "reaction_users_count": 0,
        "current_user_used_main_reaction": false,
        "can_accept_answer": false,
        "can_unaccept_answer": false,
        "accepted_answer": false,
        "topic_accepted_answer": null
      },
      {
        "id": 604465,
        "name": "Vatchala",
        "username": "22ds3000103",
        "avatar_template": "/user_avatar/discourse.onlinedegree.iitm.ac.in/22ds3000103/{size}/14278_2.png",
        "created_at": "2025-03-08T09:12:59.101Z",
        "cooked": "Sir even for me it is showing absent , I had attended roe and submitted the answer.",
        "post_number": 16,
        "post_type": 1,
        "posts_count": 28,
        "updated_at": "2025-03-08T09:12:59.101Z",
        "reply_count": 0,
        "reply_to_post_number": null,
        "quote_count": 0,
        "incoming_link_count": 0,
        "reads": 64,
        "readers_count": 63,
        "score": 12.6,
        "yours": false,
        "topic_id": 169369,
        "topic_slug": "programming-quiz-1-in-student-dashboard-label-for-roe-scores-showing-absent-or-incorrect",
        "display_username": "Vatchala",
        "primary_group_name": "ds-students",
        "flair_name": "ds-students",
        "flair_url": null,
        "flair_bg_color": "",
        "flair_color": "",
        "flair_group_id": 294,
        "badges_granted": [],
        "version": 1,
        "can_edit": false,
        "can_delete": false,
        "can_recover": false,
        "can_see_hidden_post": false,
        "can_wiki": false,
        "read": false,
        "user_title": null,
        "bookmarked": false,
        "actions_summary": [
          {
            "id": 2,
            "can_act": true
          },
          {
            "id": 6,
            "can_act": true
          },
          {
            "id": 3,
            "can_act": true
          },
          {
            "id": 4,
            "can_act": true
          },
          {
            "id": 8,
            "can_act": true
          },
          {
            "id": 10,
            "can_act": true
          },
          {
            "id": 7,
            "can_act": true
          }
        ],
        "moderator": false,
        "admin": false,
        "staff": false,
        "user_id": 14612,
        "hidden": false,
        "trust_level": 1,
        "deleted_at": null,
        "user_deleted": false,
        "edit_reason": null,
        "can_view_edit_history": true,
        "wiki": false,
        "post_url": "/t/programming-quiz-1-in-student-dashboard-label-for-roe-scores-showing-absent-or-incorrect/169369/16",
        "user_cakedate": "2022-09-07",
        "reactions": [],
        "current_user_reaction": null,
        "reaction_users_count": 0,
        "current_user_used_main_reaction": false,
        "can_accept_answer": false,
        "can_unaccept_answer": false,
        "accepted_answer": false,
        "topic_accepted_answer": null
      },
      {
        "id": 604482,
        "name": "S Smriti",
        "username": "23f2000599",
        "avatar_template": "/user_avatar/discourse.onlinedegree.iitm.ac.in/23f2000599/{size}/66764_2.png",
        "created_at": "2025-03-08T09:58:54.936Z",
        "cooked": "I am facing the same issue sir and it\u2019s really scaring me now cause I put so much effort into it ang got 7/10 and now it is showing absent even though i submitted several times",
        "post_number": 17,
        "post_type": 1,
        "posts_count": 28,
        "updated_at": "2025-03-08T09:58:54.936Z",
        "reply_count": 0,
        "reply_to_post_number": null,
        "quote_count": 0,
        "incoming_link_count": 0,
        "reads": 61,
        "readers_count": 60,
        "score": 12.0,
        "yours": false,
        "topic_id": 169369,
        "topic_slug": "programming-quiz-1-in-student-dashboard-label-for-roe-scores-showing-absent-or-incorrect",
        "display_username": "S Smriti",
        "primary_group_name": "ds-students",
        "flair_name": "ds-students",
        "flair_url": null,
        "flair_bg_color": "",
        "flair_color": "",
        "flair_group_id": 294,
        "badges_granted": [],
        "version": 1,
        "can_edit": false,
        "can_delete": false,
        "can_recover": false,
        "can_see_hidden_post": false,
        "can_wiki": false,
        "read": false,
        "user_title": "",
        "bookmarked": false,
        "actions_summary": [
          {
            "id": 2,
            "can_act": true
          },
          {
            "id": 6,
            "can_act": true
          },
          {
            "id": 3,
            "can_act": true
          },
          {
            "id": 4,
            "can_act": true
          },
          {
            "id": 8,
            "can_act": true
          },
          {
            "id": 10,
            "can_act": true
          },
          {
            "id": 7,
            "can_act": true
          }
        ],
        "moderator": false,
        "admin": false,
        "staff": false,
        "user_id": 17698,
        "hidden": false,
        "trust_level": 1,
        "deleted_at": null,
        "user_deleted": false,
        "edit_reason": null,
        "can_view_edit_history": true,
        "wiki": false,
        "post_url": "/t/programming-quiz-1-in-student-dashboard-label-for-roe-scores-showing-absent-or-incorrect/169369/17",
        "user_cakedate": "2023-06-03",
        "reactions": [],
        "current_user_reaction": null,
        "reaction_users_count": 0,
        "current_user_used_main_reaction": false,
        "can_accept_answer": false,
        "can_unaccept_answer": false,
        "accepted_answer": false,
        "topic_accepted_answer": null
      },
      {
        "id": 604508,
        "name": "Avinash Kumar",
        "username": "22f2000008",
        "avatar_template": "/user_avatar/discourse.onlinedegree.iitm.ac.in/22f2000008/{size}/12438_2.png",
        "created_at": "2025-03-08T11:42:00.165Z",
        "cooked": "image474\u00d7646 36.2 KB\n@carlton @Jivraj\nSir I gave ROE TDS exam and even submitted it  and got many correct answer  but it is showing absent in my dashboard.",
        "post_number": 18,
        "post_type": 1,
        "posts_count": 28,
        "updated_at": "2025-03-08T11:42:00.165Z",
        "reply_count": 0,
        "reply_to_post_number": null,
        "quote_count": 0,
        "incoming_link_count": 2,
        "reads": 63,
        "readers_count": 62,
        "score": 22.4,
        "yours": false,
        "topic_id": 169369,
        "topic_slug": "programming-quiz-1-in-student-dashboard-label-for-roe-scores-showing-absent-or-incorrect",
        "display_username": "Avinash Kumar",
        "primary_group_name": "ds-students",
        "flair_name": "ds-students",
        "flair_url": null,
        "flair_bg_color": "",
        "flair_color": "",
        "flair_group_id": 294,
        "badges_granted": [],
        "version": 1,
        "can_edit": false,
        "can_delete": false,
        "can_recover": false,
        "can_see_hidden_post": false,
        "can_wiki": false,
        "read": false,
        "user_title": "",
        "bookmarked": false,
        "actions_summary": [
          {
            "id": 2,
            "can_act": true
          },
          {
            "id": 6,
            "can_act": true
          },
          {
            "id": 3,
            "can_act": true
          },
          {
            "id": 4,
            "can_act": true
          },
          {
            "id": 8,
            "can_act": true
          },
          {
            "id": 10,
            "can_act": true
          },
          {
            "id": 7,
            "can_act": true
          }
        ],
        "moderator": false,
        "admin": false,
        "staff": false,
        "user_id": 12135,
        "hidden": false,
        "trust_level": 1,
        "deleted_at": null,
        "user_deleted": false,
        "edit_reason": null,
        "can_view_edit_history": true,
        "wiki": false,
        "post_url": "/t/programming-quiz-1-in-student-dashboard-label-for-roe-scores-showing-absent-or-incorrect/169369/18",
        "user_cakedate": "2022-04-30",
        "reactions": [],
        "current_user_reaction": null,
        "reaction_users_count": 0,
        "current_user_used_main_reaction": false,
        "can_accept_answer": false,
        "can_unaccept_answer": false,
        "accepted_answer": false,
        "topic_accepted_answer": null
      },
      {
        "id": 604750,
        "name": "Harshita Juneja",
        "username": "junejaharshita",
        "avatar_template": "/user_avatar/discourse.onlinedegree.iitm.ac.in/junejaharshita/{size}/16824_2.png",
        "created_at": "2025-03-09T07:35:00.221Z",
        "cooked": "@carlton @Jivraj My result is showing absent please clarify it.",
        "post_number": 19,
        "post_type": 1,
        "posts_count": 28,
        "updated_at": "2025-03-09T07:35:00.221Z",
        "reply_count": 0,
        "reply_to_post_number": null,
        "quote_count": 0,
        "incoming_link_count": 0,
        "reads": 60,
        "readers_count": 59,
        "score": 11.4,
        "yours": false,
        "topic_id": 169369,
        "topic_slug": "programming-quiz-1-in-student-dashboard-label-for-roe-scores-showing-absent-or-incorrect",
        "display_username": "Harshita Juneja",
        "primary_group_name": "ds-students",
        "flair_name": "ds-students",
        "flair_url": null,
        "flair_bg_color": "",
        "flair_color": "",
        "flair_group_id": 294,
        "badges_granted": [],
        "version": 1,
        "can_edit": false,
        "can_delete": false,
        "can_recover": false,
        "can_see_hidden_post": false,
        "can_wiki": false,
        "read": false,
        "user_title": null,
        "bookmarked": false,
        "actions_summary": [
          {
            "id": 2,
            "can_act": true
          },
          {
            "id": 6,
            "can_act": true
          },
          {
            "id": 3,
            "can_act": true
          },
          {
            "id": 4,
            "can_act": true
          },
          {
            "id": 8,
            "can_act": true
          },
          {
            "id": 10,
            "can_act": true
          },
          {
            "id": 7,
            "can_act": true
          }
        ],
        "moderator": false,
        "admin": false,
        "staff": false,
        "user_id": 13239,
        "hidden": false,
        "trust_level": 1,
        "deleted_at": null,
        "user_deleted": false,
        "edit_reason": null,
        "can_view_edit_history": true,
        "wiki": false,
        "post_url": "/t/programming-quiz-1-in-student-dashboard-label-for-roe-scores-showing-absent-or-incorrect/169369/19",
        "user_cakedate": "2022-05-03",
        "reactions": [],
        "current_user_reaction": null,
        "reaction_users_count": 0,
        "current_user_used_main_reaction": false,
        "can_accept_answer": false,
        "can_unaccept_answer": false,
        "accepted_answer": false,
        "topic_accepted_answer": null
      },
      {
        "id": 604752,
        "name": "Ishan Mittal",
        "username": "23f2001682",
        "avatar_template": "/user_avatar/discourse.onlinedegree.iitm.ac.in/23f2001682/{size}/73520_2.png",
        "created_at": "2025-03-09T07:46:33.021Z",
        "cooked": "I am experiencing the same issue. I ensured that my submission was completed and saved before the deadline. @carlton @Jivraj",
        "post_number": 20,
        "post_type": 1,
        "posts_count": 28,
        "updated_at": "2025-03-09T07:46:33.021Z",
        "reply_count": 0,
        "reply_to_post_number": null,
        "quote_count": 0,
        "incoming_link_count": 0,
        "reads": 61,
        "readers_count": 60,
        "score": 11.6,
        "yours": false,
        "topic_id": 169369,
        "topic_slug": "programming-quiz-1-in-student-dashboard-label-for-roe-scores-showing-absent-or-incorrect",
        "display_username": "Ishan Mittal",
        "primary_group_name": "ds-students",
        "flair_name": "ds-students",
        "flair_url": null,
        "flair_bg_color": "",
        "flair_color": "",
        "flair_group_id": 294,
        "badges_granted": [],
        "version": 1,
        "can_edit": false,
        "can_delete": false,
        "can_recover": false,
        "can_see_hidden_post": false,
        "can_wiki": false,
        "read": false,
        "user_title": null,
        "bookmarked": false,
        "actions_summary": [
          {
            "id": 2,
            "can_act": true
          },
          {
            "id": 6,
            "can_act": true
          },
          {
            "id": 3,
            "can_act": true
          },
          {
            "id": 4,
            "can_act": true
          },
          {
            "id": 8,
            "can_act": true
          },
          {
            "id": 10,
            "can_act": true
          },
          {
            "id": 7,
            "can_act": true
          }
        ],
        "moderator": false,
        "admin": false,
        "staff": false,
        "user_id": 20775,
        "hidden": false,
        "trust_level": 0,
        "deleted_at": null,
        "user_deleted": false,
        "edit_reason": null,
        "can_view_edit_history": true,
        "wiki": false,
        "post_url": "/t/programming-quiz-1-in-student-dashboard-label-for-roe-scores-showing-absent-or-incorrect/169369/20",
        "user_cakedate": "2023-06-16",
        "reactions": [],
        "current_user_reaction": null,
        "reaction_users_count": 0,
        "current_user_used_main_reaction": false,
        "can_accept_answer": false,
        "can_unaccept_answer": false,
        "accepted_answer": false,
        "topic_accepted_answer": null
      },
      {
        "id": 604822,
        "name": "Manit Bohra",
        "username": "ItsMeAlex",
        "avatar_template": "/user_avatar/discourse.onlinedegree.iitm.ac.in/itsmealex/{size}/119167_2.png",
        "created_at": "2025-03-09T11:22:41.366Z",
        "cooked": "24F1001631 here. It is also showing absent for me. I had submitted before the time limit and also after the time limit after hacking it(wasn\u2019t sure if it was allowed but decided to try it nevertheless)\nI feel I should atleast receive the marks for which I had submitted within the time limit.\nMy roll number is 24F1001631.\nimage1430\u00d7253 11 KB",
        "post_number": 21,
        "post_type": 1,
        "posts_count": 28,
        "updated_at": "2025-03-09T11:22:41.366Z",
        "reply_count": 1,
        "reply_to_post_number": null,
        "quote_count": 0,
        "incoming_link_count": 0,
        "reads": 57,
        "readers_count": 56,
        "score": 15.8,
        "yours": false,
        "topic_id": 169369,
        "topic_slug": "programming-quiz-1-in-student-dashboard-label-for-roe-scores-showing-absent-or-incorrect",
        "display_username": "Manit Bohra",
        "primary_group_name": "ds-students",
        "flair_name": "ds-students",
        "flair_url": null,
        "flair_bg_color": "",
        "flair_color": "",
        "flair_group_id": 294,
        "badges_granted": [],
        "version": 1,
        "can_edit": false,
        "can_delete": false,
        "can_recover": false,
        "can_see_hidden_post": false,
        "can_wiki": false,
        "read": false,
        "user_title": null,
        "bookmarked": false,
        "actions_summary": [
          {
            "id": 2,
            "can_act": true
          },
          {
            "id": 6,
            "can_act": true
          },
          {
            "id": 3,
            "can_act": true
          },
          {
            "id": 4,
            "can_act": true
          },
          {
            "id": 8,
            "can_act": true
          },
          {
            "id": 10,
            "can_act": true
          },
          {
            "id": 7,
            "can_act": true
          }
        ],
        "moderator": false,
        "admin": false,
        "staff": false,
        "user_id": 32468,
        "hidden": false,
        "trust_level": 1,
        "deleted_at": null,
        "user_deleted": false,
        "edit_reason": null,
        "can_view_edit_history": true,
        "wiki": false,
        "post_url": "/t/programming-quiz-1-in-student-dashboard-label-for-roe-scores-showing-absent-or-incorrect/169369/21",
        "user_cakedate": "2024-06-04",
        "reactions": [],
        "current_user_reaction": null,
        "reaction_users_count": 0,
        "current_user_used_main_reaction": false,
        "can_accept_answer": false,
        "can_unaccept_answer": false,
        "accepted_answer": false,
        "topic_accepted_answer": null
      }
    ],
    "stream": [
      604305,
      604361,
      604377,
      604175,
      604177,
      604178,
      604180,
      604239,
      604288,
      604310,
      604312,
      604321,
      604413,
      604414,
      604465,
      604482,
      604508,
      604750,
      604752,
      604822,
      604921,
      604996,
      604174,
      605767,
      605770,
      604863,
      604923,
      605766
    ]
  },
  "timeline_lookup": [
    [
      1,
      97
    ],
    [
      2,
      96
    ],
    [
      3,
      97
    ],
    [
      13,
      96
    ],
    [
      18,
      95
    ],
    [
      23,
      97
    ],
    [
      25,
      95
    ],
    [
      28,
      93
    ]
  ],
  "tags": [
    "clarification",
    "term1-2025",
    "score-issues",
    "tds-roe"
  ],
  "tags_descriptions": {},
  "id": 169369,
  "title": "Programming Quiz 1 in Student Dashboard (label for ROE scores) - showing absent or incorrect",
  "fancy_title": "Programming Quiz 1 in Student Dashboard (label for ROE scores) - showing absent or incorrect",
  "posts_count": 28,
  "created_at": "2025-03-07T16:51:48.746Z",
  "views": 188,
  "reply_count": 2,
  "like_count": 4,
  "last_posted_at": "2025-03-11T22:33:17.038Z",
  "visible": true,
  "closed": false,
  "archived": false,
  "has_summary": false,
  "archetype": "regular",
  "slug": "programming-quiz-1-in-student-dashboard-label-for-roe-scores-showing-absent-or-incorrect",
  "category_id": 34,
  "word_count": 892,
  "deleted_at": null,
  "user_id": 16580,
  "featured_link": null,
  "pinned_globally": false,
  "pinned_at": null,
  "pinned_until": null,
  "image_url": null,
  "slow_mode_seconds": 0,
  "draft": null,
  "draft_key": "topic_169369",
  "draft_sequence": 0,
  "unpinned": null,
  "pinned": false,
  "current_post_number": 1,
  "highest_post_number": 29,
  "deleted_by": null,
  "actions_summary": [
    {
      "id": 4,
      "count": 0,
      "hidden": false,
      "can_act": true
    },
    {
      "id": 8,
      "count": 0,
      "hidden": false,
      "can_act": true
    },
    {
      "id": 10,
      "count": 0,
      "hidden": false,
      "can_act": true
    },
    {
      "id": 7,
      "count": 0,
      "hidden": false,
      "can_act": true
    }
  ],
  "chunk_size": 20,
  "bookmarked": false,
  "topic_timer": null,
  "message_bus_last_id": 0,
  "participant_count": 25,
  "show_read_indicator": false,
  "thumbnails": null,
  "slow_mode_enabled_until": null,
  "tags_disable_ads": false,
  "related_topics": null,
  "summarizable": false,
  "valid_reactions": [
    "heart",
    "+1",
    "laughing",
    "open_mouth",
    "clap",
    "confetti_ball",
    "rocket",
    "-1"
  ],
  "can_vote": false,
  "vote_count": 0,
  "user_voted": false,
  "discourse_zendesk_plugin_zendesk_id": null,
  "discourse_zendesk_plugin_zendesk_url": "https://your-url.zendesk.com/agent/tickets/",
  "details": {
    "can_edit": false,
    "notification_level": 1,
    "can_create_post": true,
    "can_reply_as_new_topic": true,
    "can_flag_topic": true,
    "participants": [
      {
        "id": 16094,
        "username": "carlton",
        "name": "Carlton D'Silva",
        "avatar_template": "/user_avatar/discourse.onlinedegree.iitm.ac.in/carlton/{size}/56317_2.png",
        "post_count": 2,
        "primary_group_name": "ds-students",
        "flair_name": "ds-students",
        "flair_url": null,
        "flair_color": "",
        "flair_bg_color": "",
        "flair_group_id": 294,
        "trust_level": 3
      },
      {
        "id": 24685,
        "username": "23f1002630",
        "name": "Hisham Kadambot",
        "avatar_template": "/user_avatar/discourse.onlinedegree.iitm.ac.in/23f1002630/{size}/123041_2.png",
        "post_count": 2,
        "primary_group_name": "ds-students",
        "flair_name": "ds-students",
        "flair_url": null,
        "flair_color": "",
        "flair_bg_color": "",
        "flair_group_id": 294,
        "trust_level": 1
      },
      {
        "id": 45692,
        "username": "23f2005141",
        "name": "Mugundhan",
        "avatar_template": "https://avatars.discourse-cdn.com/v4/letter/2/a9a28c/{size}.png",
        "post_count": 2,
        "primary_group_name": "ds-students",
        "flair_name": "ds-students",
        "flair_url": null,
        "flair_color": "",
        "flair_bg_color": "",
        "flair_group_id": 294,
        "trust_level": 1
      },
      {
        "id": 13239,
        "username": "junejaharshita",
        "name": "Harshita Juneja",
        "avatar_template": "/user_avatar/discourse.onlinedegree.iitm.ac.in/junejaharshita/{size}/16824_2.png",
        "post_count": 1,
        "primary_group_name": "ds-students",
        "flair_name": "ds-students",
        "flair_url": null,
        "flair_color": "",
        "flair_bg_color": "",
        "flair_group_id": 294,
        "trust_level": 1
      },
      {
        "id": 20257,
        "username": "Vedant22",
        "name": "Vedant Bhanushali",
        "avatar_template": "/user_avatar/discourse.onlinedegree.iitm.ac.in/vedant22/{size}/67060_2.png",
        "post_count": 1,
        "primary_group_name": "ds-students",
        "flair_name": "ds-students",
        "flair_url": null,
        "flair_color": "",
        "flair_bg_color": "",
        "flair_group_id": 294,
        "trust_level": 0
      },
      {
        "id": 30376,
        "username": "24f2003130",
        "name": "Shambhavi ",
        "avatar_template": "/user_avatar/discourse.onlinedegree.iitm.ac.in/24f2003130/{size}/132501_2.png",
        "post_count": 1,
        "primary_group_name": "ds-students",
        "flair_name": "ds-students",
        "flair_url": null,
        "flair_color": "",
        "flair_bg_color": "",
        "flair_group_id": 294,
        "trust_level": 1
      },
      {
        "id": 35950,
        "username": "Algsoch",
        "name": "Vicky Kumar",
        "avatar_template": "/user_avatar/discourse.onlinedegree.iitm.ac.in/algsoch/{size}/111675_2.png",
        "post_count": 1,
        "primary_group_name": "ds-students",
        "flair_name": "ds-students",
        "flair_url": null,
        "flair_color": "",
        "flair_bg_color": "",
        "flair_group_id": 294,
        "trust_level": 1
      },
      {
        "id": 43506,
        "username": "23f2005283",
        "name": "Chinmay Kapoor",
        "avatar_template": "/user_avatar/discourse.onlinedegree.iitm.ac.in/23f2005283/{size}/128032_2.png",
        "post_count": 1,
        "primary_group_name": "ds-students",
        "flair_name": "ds-students",
        "flair_url": null,
        "flair_color": "",
        "flair_bg_color": "",
        "flair_group_id": 294,
        "trust_level": 0
      },
      {
        "id": 32468,
        "username": "ItsMeAlex",
        "name": "Manit Bohra",
        "avatar_template": "/user_avatar/discourse.onlinedegree.iitm.ac.in/itsmealex/{size}/119167_2.png",
        "post_count": 1,
        "primary_group_name": "ds-students",
        "flair_name": "ds-students",
        "flair_url": null,
        "flair_color": "",
        "flair_bg_color": "",
        "flair_group_id": 294,
        "trust_level": 1
      },
      {
        "id": 14612,
        "username": "22ds3000103",
        "name": "Vatchala",
        "avatar_template": "/user_avatar/discourse.onlinedegree.iitm.ac.in/22ds3000103/{size}/14278_2.png",
        "post_count": 1,
        "primary_group_name": "ds-students",
        "flair_name": "ds-students",
        "flair_url": null,
        "flair_color": "",
        "flair_bg_color": "",
        "flair_group_id": 294,
        "trust_level": 1
      },
      {
        "id": 16580,
        "username": "22f3000985",
        "name": "Md Ayan Arshad",
        "avatar_template": "/user_avatar/discourse.onlinedegree.iitm.ac.in/22f3000985/{size}/60547_2.png",
        "post_count": 1,
        "primary_group_name": "ds-students",
        "flair_name": "ds-students",
        "flair_url": null,
        "flair_color": "",
        "flair_bg_color": "",
        "flair_group_id": 294,
        "trust_level": 1
      },
      {
        "id": 15651,
        "username": "Jivraj",
        "name": "Jivraj Singh Shekhawat",
        "avatar_template": "https://avatars.discourse-cdn.com/v4/letter/j/b9bd4f/{size}.png",
        "post_count": 1,
        "primary_group_name": "ds-students",
        "flair_name": "ds-students",
        "flair_url": null,
        "flair_color": "",
        "flair_bg_color": "",
        "flair_group_id": 294,
        "trust_level": 2
      },
      {
        "id": 22405,
        "username": "23f1002510",
        "name": "Gurumurthy",
        "avatar_template": "/user_avatar/discourse.onlinedegree.iitm.ac.in/23f1002510/{size}/67652_2.png",
        "post_count": 1,
        "primary_group_name": "ds-students",
        "flair_name": "ds-students",
        "flair_url": null,
        "flair_color": "",
        "flair_bg_color": "",
        "flair_group_id": 294,
        "trust_level": 0
      },
      {
        "id": 3230,
        "username": "shriaviator",
        "name": "Srinivas Chilukuri",
        "avatar_template": "https://avatars.discourse-cdn.com/v4/letter/s/59ef9b/{size}.png",
        "post_count": 1,
        "primary_group_name": "ds-students",
        "flair_name": "Community-TA",
        "flair_url": "handshake-angle",
        "flair_color": "6BEE3D",
        "flair_bg_color": "717BF7",
        "flair_group_id": 89,
        "trust_level": 2
      },
      {
        "id": 17017,
        "username": "22f3002771",
        "name": "Arya Agrahari ",
        "avatar_template": "/user_avatar/discourse.onlinedegree.iitm.ac.in/22f3002771/{size}/66809_2.png",
        "post_count": 1,
        "primary_group_name": "ds-students",
        "flair_name": "ds-students",
        "flair_url": null,
        "flair_color": "",
        "flair_bg_color": "",
        "flair_group_id": 294,
        "trust_level": 1
      },
      {
        "id": 22205,
        "username": "23f2004169",
        "name": "Irina Agastin",
        "avatar_template": "/user_avatar/discourse.onlinedegree.iitm.ac.in/23f2004169/{size}/80983_2.png",
        "post_count": 1,
        "primary_group_name": "ds-students",
        "flair_name": "ds-students",
        "flair_url": null,
        "flair_color": "",
        "flair_bg_color": "",
        "flair_group_id": 294,
        "trust_level": 1
      },
      {
        "id": 15768,
        "username": "22f3001272",
        "name": "Shirin Fathima Shabeeb ",
        "avatar_template": "/user_avatar/discourse.onlinedegree.iitm.ac.in/22f3001272/{size}/66893_2.png",
        "post_count": 1,
        "primary_group_name": "ds-students",
        "flair_name": "ds-students",
        "flair_url": null,
        "flair_color": "",
        "flair_bg_color": "",
        "flair_group_id": 294,
        "trust_level": 0
      },
      {
        "id": 21999,
        "username": "23f2004320",
        "name": "thakur vishalkumar vinod",
        "avatar_template": "/user_avatar/discourse.onlinedegree.iitm.ac.in/23f2004320/{size}/79240_2.png",
        "post_count": 1,
        "primary_group_name": "ds-students",
        "flair_name": "ds-students",
        "flair_url": null,
        "flair_color": "",
        "flair_bg_color": "",
        "flair_group_id": 294,
        "trust_level": 1
      },
      {
        "id": 16953,
        "username": "22f3000657",
        "name": "Deveshu Pathak",
        "avatar_template": "https://avatars.discourse-cdn.com/v4/letter/2/8c91f0/{size}.png",
        "post_count": 1,
        "primary_group_name": "ds-students",
        "flair_name": "ds-students",
        "flair_url": null,
        "flair_color": "",
        "flair_bg_color": "",
        "flair_group_id": 294,
        "trust_level": 1
      },
      {
        "id": 12135,
        "username": "22f2000008",
        "name": "Avinash Kumar",
        "avatar_template": "/user_avatar/discourse.onlinedegree.iitm.ac.in/22f2000008/{size}/12438_2.png",
        "post_count": 1,
        "primary_group_name": "ds-students",
        "flair_name": "ds-students",
        "flair_url": null,
        "flair_color": "",
        "flair_bg_color": "",
        "flair_group_id": 294,
        "trust_level": 1
      },
      {
        "id": 18118,
        "username": "23f1002709",
        "name": "PRAKHAR PANDEY",
        "avatar_template": "/user_avatar/discourse.onlinedegree.iitm.ac.in/23f1002709/{size}/68757_2.png",
        "post_count": 1,
        "primary_group_name": "ds-students",
        "flair_name": "ds-students",
        "flair_url": null,
        "flair_color": "",
        "flair_bg_color": "",
        "flair_group_id": 294,
        "trust_level": 0
      },
      {
        "id": 20775,
        "username": "23f2001682",
        "name": "Ishan Mittal",
        "avatar_template": "/user_avatar/discourse.onlinedegree.iitm.ac.in/23f2001682/{size}/73520_2.png",
        "post_count": 1,
        "primary_group_name": "ds-students",
        "flair_name": "ds-students",
        "flair_url": null,
        "flair_color": "",
        "flair_bg_color": "",
        "flair_group_id": 294,
        "trust_level": 0
      },
      {
        "id": 17698,
        "username": "23f2000599",
        "name": "S Smriti",
        "avatar_template": "/user_avatar/discourse.onlinedegree.iitm.ac.in/23f2000599/{size}/66764_2.png",
        "post_count": 1,
        "primary_group_name": "ds-students",
        "flair_name": "ds-students",
        "flair_url": null,
        "flair_color": "",
        "flair_bg_color": "",
        "flair_group_id": 294,
        "trust_level": 1
      },
      {
        "id": 22224,
        "username": "Sagan",
        "name": "Sagandeep Kaur",
        "avatar_template": "/user_avatar/discourse.onlinedegree.iitm.ac.in/sagan/{size}/95367_2.png",
        "post_count": 1,
        "primary_group_name": "ds-students",
        "flair_name": "ds-students",
        "flair_url": null,
        "flair_color": "",
        "flair_bg_color": "",
        "flair_group_id": 294,
        "trust_level": 1
      }
    ],
    "created_by": {
      "id": 16580,
      "username": "22f3000985",
      "name": "Md Ayan Arshad",
      "avatar_template": "/user_avatar/discourse.onlinedegree.iitm.ac.in/22f3000985/{size}/60547_2.png"
    },
    "last_poster": {
      "id": 15651,
      "username": "Jivraj",
      "name": "Jivraj Singh Shekhawat",
      "avatar_template": "https://avatars.discourse-cdn.com/v4/letter/j/b9bd4f/{size}.png"
    },
    "links": [
      {
        "url": "https://discourse.onlinedegree.iitm.ac.in/t/remote-online-exam-tds-jan-2025/168832/105",
        "title": "Remote Online Exam [TDS Jan 2025]",
        "internal": true,
        "attachment": false,
        "reflection": true,
        "clicks": 1,
        "user_id": 1,
        "domain": "discourse.onlinedegree.iitm.ac.in",
        "root_domain": "iitm.ac.in"
      }
    ]
  },
  "pending_posts": [],
  "bookmarks": []
}