{
  "post_stream": {
    "posts": [
      {
        "id": 586611,
        "name": "Anushka Kumar",
        "username": "22f2000559",
        "avatar_template": "/user_avatar/discourse.onlinedegree.iitm.ac.in/22f2000559/{size}/13152_2.png",
        "created_at": "2025-01-27T07:08:49.269Z",
        "cooked": "Respected Sir @carlton,\nI realized there are still many topics to learn in order to complete the TDS Course ( With an A or S Grade) as I have missed some questions (Couldn\u2019t do even after studying the videos ) .\nTherefore wanted to learn and regardless of the scoring I still wish to complete GA1 but, I see that I can\u2019t access the questions  anymore \u2026\nIs there any way to give the answers in the portal and check. I just want to learn and test my knowledge\nThank You,\n22f2000559.",
        "post_number": 1,
        "post_type": 1,
        "posts_count": 7,
        "updated_at": "2025-01-27T07:08:49.269Z",
        "reply_count": 0,
        "reply_to_post_number": null,
        "quote_count": 0,
        "incoming_link_count": 1,
        "reads": 63,
        "readers_count": 62,
        "score": 32.0,
        "yours": false,
        "topic_id": 165433,
        "topic_slug": "questions-closed-ga",
        "display_username": "Anushka Kumar",
        "primary_group_name": "ds-students",
        "flair_name": "ds-students",
        "flair_url": null,
        "flair_bg_color": "",
        "flair_color": "",
        "flair_group_id": 294,
        "badges_granted": [],
        "version": 1,
        "can_edit": false,
        "can_delete": false,
        "can_recover": false,
        "can_see_hidden_post": false,
        "can_wiki": false,
        "read": false,
        "user_title": "",
        "bookmarked": false,
        "actions_summary": [
          {
            "id": 2,
            "count": 1,
            "can_act": true
          },
          {
            "id": 6,
            "can_act": true
          },
          {
            "id": 3,
            "can_act": true
          },
          {
            "id": 4,
            "can_act": true
          },
          {
            "id": 8,
            "can_act": true
          },
          {
            "id": 10,
            "can_act": true
          },
          {
            "id": 7,
            "can_act": true
          }
        ],
        "moderator": false,
        "admin": false,
        "staff": false,
        "user_id": 13976,
        "hidden": false,
        "trust_level": 1,
        "deleted_at": null,
        "user_deleted": false,
        "edit_reason": null,
        "can_view_edit_history": true,
        "wiki": false,
        "post_url": "/t/questions-closed-ga/165433/1",
        "user_cakedate": "2022-08-01",
        "reactions": [
          {
            "id": "heart",
            "type": "emoji",
            "count": 1
          }
        ],
        "current_user_reaction": null,
        "reaction_users_count": 1,
        "current_user_used_main_reaction": false,
        "can_accept_answer": false,
        "can_unaccept_answer": false,
        "accepted_answer": false,
        "topic_accepted_answer": true,
        "can_vote": false
      },
      {
        "id": 586634,
        "name": "Yogesh",
        "username": "Yogesh1",
        "avatar_template": "/user_avatar/discourse.onlinedegree.iitm.ac.in/yogesh1/{size}/32697_2.png",
        "created_at": "2025-01-27T07:46:21.658Z",
        "cooked": "Yeah. There must be a mechanism by which the scores get frozen but students are able to practise even after the deadline.",
        "post_number": 2,
        "post_type": 1,
        "posts_count": 7,
        "updated_at": "2025-01-27T07:46:21.658Z",
        "reply_count": 0,
        "reply_to_post_number": null,
        "quote_count": 0,
        "incoming_link_count": 0,
        "reads": 58,
        "readers_count": 57,
        "score": 55.8,
        "yours": false,
        "topic_id": 165433,
        "topic_slug": "questions-closed-ga",
        "display_username": "Yogesh",
        "primary_group_name": "ds-students",
        "flair_name": "ds-students",
        "flair_url": null,
        "flair_bg_color": "",
        "flair_color": "",
        "flair_group_id": 294,
        "badges_granted": [],
        "version": 1,
        "can_edit": false,
        "can_delete": false,
        "can_recover": false,
        "can_see_hidden_post": false,
        "can_wiki": false,
        "read": false,
        "user_title": null,
        "bookmarked": false,
        "actions_summary": [
          {
            "id": 2,
            "count": 3,
            "can_act": true
          },
          {
            "id": 6,
            "can_act": true
          },
          {
            "id": 3,
            "can_act": true
          },
          {
            "id": 4,
            "can_act": true
          },
          {
            "id": 8,
            "can_act": true
          },
          {
            "id": 10,
            "can_act": true
          },
          {
            "id": 7,
            "can_act": true
          }
        ],
        "moderator": false,
        "admin": false,
        "staff": false,
        "user_id": 7795,
        "hidden": false,
        "trust_level": 1,
        "deleted_at": null,
        "user_deleted": false,
        "edit_reason": null,
        "can_view_edit_history": true,
        "wiki": false,
        "post_url": "/t/questions-closed-ga/165433/2",
        "user_cakedate": "2021-10-14",
        "reactions": [
          {
            "id": "heart",
            "type": "emoji",
            "count": 3
          }
        ],
        "current_user_reaction": null,
        "reaction_users_count": 3,
        "current_user_used_main_reaction": false,
        "can_accept_answer": false,
        "can_unaccept_answer": false,
        "accepted_answer": false,
        "topic_accepted_answer": true
      },
      {
        "id": 587241,
        "name": "Parth Patel",
        "username": "parthpatel",
        "avatar_template": "/user_avatar/discourse.onlinedegree.iitm.ac.in/parthpatel/{size}/253_2.png",
        "created_at": "2025-01-28T14:11:36.042Z",
        "cooked": "@carlton @s.anand Please provide a solution\nEdit: @Yogesh1 @22f2000559 There is a way to access GA1 - you can login with any other email ID, as the site is meant for general public too. You won\u2019t be able to submit the assignments, so you might have to self-evaluate.",
        "post_number": 3,
        "post_type": 1,
        "posts_count": 7,
        "updated_at": "2025-01-28T14:47:13.946Z",
        "reply_count": 0,
        "reply_to_post_number": null,
        "quote_count": 0,
        "incoming_link_count": 1,
        "reads": 44,
        "readers_count": 43,
        "score": 28.4,
        "yours": false,
        "topic_id": 165433,
        "topic_slug": "questions-closed-ga",
        "display_username": "Parth Patel",
        "primary_group_name": "ds-students",
        "flair_name": "ds-students",
        "flair_url": null,
        "flair_bg_color": "",
        "flair_color": "",
        "flair_group_id": 294,
        "badges_granted": [],
        "version": 3,
        "can_edit": false,
        "can_delete": false,
        "can_recover": false,
        "can_see_hidden_post": false,
        "can_wiki": false,
        "read": false,
        "user_title": "",
        "bookmarked": false,
        "actions_summary": [
          {
            "id": 2,
            "count": 1,
            "can_act": true
          },
          {
            "id": 6,
            "can_act": true
          },
          {
            "id": 3,
            "can_act": true
          },
          {
            "id": 4,
            "can_act": true
          },
          {
            "id": 8,
            "can_act": true
          },
          {
            "id": 10,
            "can_act": true
          },
          {
            "id": 7,
            "can_act": true
          }
        ],
        "moderator": false,
        "admin": false,
        "staff": false,
        "user_id": 3672,
        "hidden": false,
        "trust_level": 1,
        "deleted_at": null,
        "user_deleted": false,
        "edit_reason": null,
        "can_view_edit_history": true,
        "wiki": false,
        "post_url": "/t/questions-closed-ga/165433/3",
        "user_cakedate": "2021-05-05",
        "reactions": [
          {
            "id": "heart",
            "type": "emoji",
            "count": 1
          }
        ],
        "current_user_reaction": null,
        "reaction_users_count": 1,
        "current_user_used_main_reaction": false,
        "can_accept_answer": false,
        "can_unaccept_answer": false,
        "accepted_answer": false,
        "topic_accepted_answer": true
      },
      {
        "id": 587348,
        "name": "Anand S",
        "username": "s.anand",
        "avatar_template": "/user_avatar/discourse.onlinedegree.iitm.ac.in/s.anand/{size}/15264_2.png",
        "created_at": "2025-01-29T00:47:24.122Z",
        "cooked": "@22f2000559 \u2013 Good point. I\u2019ve enabled access now.\n@parthpatel \u2013 nice workaround!",
        "post_number": 4,
        "post_type": 1,
        "posts_count": 7,
        "updated_at": "2025-01-29T00:47:24.122Z",
        "reply_count": 1,
        "reply_to_post_number": null,
        "quote_count": 0,
        "incoming_link_count": 1,
        "reads": 39,
        "readers_count": 38,
        "score": 62.4,
        "yours": false,
        "topic_id": 165433,
        "topic_slug": "questions-closed-ga",
        "display_username": "Anand S",
        "primary_group_name": "faculty",
        "flair_name": "faculty",
        "flair_url": "chalkboard-user",
        "flair_bg_color": "f2c26e",
        "flair_color": "000",
        "flair_group_id": 54,
        "badges_granted": [],
        "version": 1,
        "can_edit": false,
        "can_delete": false,
        "can_recover": false,
        "can_see_hidden_post": false,
        "can_wiki": false,
        "read": false,
        "user_title": "Course_faculty",
        "title_is_group": true,
        "bookmarked": false,
        "actions_summary": [
          {
            "id": 2,
            "count": 3,
            "can_act": true
          },
          {
            "id": 6,
            "can_act": true
          },
          {
            "id": 3,
            "can_act": true
          },
          {
            "id": 4,
            "can_act": true
          },
          {
            "id": 8,
            "can_act": true
          },
          {
            "id": 10,
            "can_act": true
          },
          {
            "id": 7,
            "can_act": true
          }
        ],
        "moderator": false,
        "admin": false,
        "staff": false,
        "user_id": 9419,
        "hidden": false,
        "trust_level": 4,
        "deleted_at": null,
        "user_deleted": false,
        "edit_reason": null,
        "can_view_edit_history": true,
        "wiki": false,
        "post_url": "/t/questions-closed-ga/165433/4",
        "user_cakedate": "2022-01-03",
        "reactions": [
          {
            "id": "heart",
            "type": "emoji",
            "count": 3
          }
        ],
        "current_user_reaction": null,
        "reaction_users_count": 3,
        "current_user_used_main_reaction": false,
        "can_accept_answer": false,
        "can_unaccept_answer": false,
        "accepted_answer": true,
        "topic_accepted_answer": true
      },
      {
        "id": 590377,
        "name": "Parth Patel",
        "username": "parthpatel",
        "avatar_template": "/user_avatar/discourse.onlinedegree.iitm.ac.in/parthpatel/{size}/253_2.png",
        "created_at": "2025-02-03T17:34:54.550Z",
        "cooked": "@carlton @s.anand\nSorry to bother you again, but there is another issue about inactive download buttons for required files for the problems. Also it will be nice if the evaluations are turned on too.",
        "post_number": 5,
        "post_type": 1,
        "posts_count": 7,
        "updated_at": "2025-02-04T03:54:18.408Z",
        "reply_count": 1,
        "reply_to_post_number": 4,
        "quote_count": 0,
        "incoming_link_count": 1,
        "reads": 29,
        "readers_count": 28,
        "score": 15.4,
        "yours": false,
        "topic_id": 165433,
        "topic_slug": "questions-closed-ga",
        "display_username": "Parth Patel",
        "primary_group_name": "ds-students",
        "flair_name": "ds-students",
        "flair_url": null,
        "flair_bg_color": "",
        "flair_color": "",
        "flair_group_id": 294,
        "badges_granted": [],
        "version": 2,
        "can_edit": false,
        "can_delete": false,
        "can_recover": false,
        "can_see_hidden_post": false,
        "can_wiki": false,
        "read": false,
        "user_title": "",
        "reply_to_user": {
          "id": 9419,
          "username": "s.anand",
          "name": "Anand S",
          "avatar_template": "/user_avatar/discourse.onlinedegree.iitm.ac.in/s.anand/{size}/15264_2.png"
        },
        "bookmarked": false,
        "actions_summary": [
          {
            "id": 2,
            "can_act": true
          },
          {
            "id": 6,
            "can_act": true
          },
          {
            "id": 3,
            "can_act": true
          },
          {
            "id": 4,
            "can_act": true
          },
          {
            "id": 8,
            "can_act": true
          },
          {
            "id": 10,
            "can_act": true
          },
          {
            "id": 7,
            "can_act": true
          }
        ],
        "moderator": false,
        "admin": false,
        "staff": false,
        "user_id": 3672,
        "hidden": false,
        "trust_level": 1,
        "deleted_at": null,
        "user_deleted": false,
        "edit_reason": null,
        "can_view_edit_history": true,
        "wiki": false,
        "post_url": "/t/questions-closed-ga/165433/5",
        "user_cakedate": "2021-05-05",
        "reactions": [],
        "current_user_reaction": null,
        "reaction_users_count": 0,
        "current_user_used_main_reaction": false,
        "can_accept_answer": false,
        "can_unaccept_answer": false,
        "accepted_answer": false,
        "topic_accepted_answer": true
      },
      {
        "id": 590441,
        "name": "Anand S",
        "username": "s.anand",
        "avatar_template": "/user_avatar/discourse.onlinedegree.iitm.ac.in/s.anand/{size}/15264_2.png",
        "created_at": "2025-02-04T04:24:53.476Z",
        "cooked": "Good point. Fixed now.",
        "post_number": 6,
        "post_type": 1,
        "posts_count": 7,
        "updated_at": "2025-02-04T04:24:53.476Z",
        "reply_count": 0,
        "reply_to_post_number": 5,
        "quote_count": 0,
        "incoming_link_count": 0,
        "reads": 30,
        "readers_count": 29,
        "score": 35.6,
        "yours": false,
        "topic_id": 165433,
        "topic_slug": "questions-closed-ga",
        "display_username": "Anand S",
        "primary_group_name": "faculty",
        "flair_name": "faculty",
        "flair_url": "chalkboard-user",
        "flair_bg_color": "f2c26e",
        "flair_color": "000",
        "flair_group_id": 54,
        "badges_granted": [],
        "version": 1,
        "can_edit": false,
        "can_delete": false,
        "can_recover": false,
        "can_see_hidden_post": false,
        "can_wiki": false,
        "read": false,
        "user_title": "Course_faculty",
        "title_is_group": true,
        "reply_to_user": {
          "id": 3672,
          "username": "parthpatel",
          "name": "Parth Patel",
          "avatar_template": "/user_avatar/discourse.onlinedegree.iitm.ac.in/parthpatel/{size}/253_2.png"
        },
        "bookmarked": false,
        "actions_summary": [
          {
            "id": 2,
            "count": 2,
            "can_act": true
          },
          {
            "id": 6,
            "can_act": true
          },
          {
            "id": 3,
            "can_act": true
          },
          {
            "id": 4,
            "can_act": true
          },
          {
            "id": 8,
            "can_act": true
          },
          {
            "id": 10,
            "can_act": true
          },
          {
            "id": 7,
            "can_act": true
          }
        ],
        "moderator": false,
        "admin": false,
        "staff": false,
        "user_id": 9419,
        "hidden": false,
        "trust_level": 4,
        "deleted_at": null,
        "user_deleted": false,
        "edit_reason": null,
        "can_view_edit_history": true,
        "wiki": false,
        "post_url": "/t/questions-closed-ga/165433/6",
        "user_cakedate": "2022-01-03",
        "reactions": [
          {
            "id": "heart",
            "type": "emoji",
            "count": 2
          }
        ],
        "current_user_reaction": null,
        "reaction_users_count": 2,
        "current_user_used_main_reaction": false,
        "can_accept_answer": false,
        "can_unaccept_answer": false,
        "accepted_answer": false,
        "topic_accepted_answer": true
      },
      {
        "id": 591519,
        "name": "Anushka Kumar",
        "username": "22f2000559",
        "avatar_template": "/user_avatar/discourse.onlinedegree.iitm.ac.in/22f2000559/{size}/13152_2.png",
        "created_at": "2025-02-07T07:36:00.899Z",
        "cooked": "@s.anand Sir,\nCan you please enable the evaluations for all GAs who have crossed the deadlines?",
        "post_number": 7,
        "post_type": 1,
        "posts_count": 7,
        "updated_at": "2025-02-07T07:36:00.899Z",
        "reply_count": 0,
        "reply_to_post_number": null,
        "quote_count": 0,
        "incoming_link_count": 0,
        "reads": 22,
        "readers_count": 21,
        "score": 3.8,
        "yours": false,
        "topic_id": 165433,
        "topic_slug": "questions-closed-ga",
        "display_username": "Anushka Kumar",
        "primary_group_name": "ds-students",
        "flair_name": "ds-students",
        "flair_url": null,
        "flair_bg_color": "",
        "flair_color": "",
        "flair_group_id": 294,
        "badges_granted": [],
        "version": 1,
        "can_edit": false,
        "can_delete": false,
        "can_recover": false,
        "can_see_hidden_post": false,
        "can_wiki": false,
        "read": false,
        "user_title": "",
        "bookmarked": false,
        "actions_summary": [
          {
            "id": 2,
            "can_act": true
          },
          {
            "id": 6,
            "can_act": true
          },
          {
            "id": 3,
            "can_act": true
          },
          {
            "id": 4,
            "can_act": true
          },
          {
            "id": 8,
            "can_act": true
          },
          {
            "id": 10,
            "can_act": true
          },
          {
            "id": 7,
            "can_act": true
          }
        ],
        "moderator": false,
        "admin": false,
        "staff": false,
        "user_id": 13976,
        "hidden": false,
        "trust_level": 1,
        "deleted_at": null,
        "user_deleted": false,
        "edit_reason": null,
        "can_view_edit_history": true,
        "wiki": false,
        "post_url": "/t/questions-closed-ga/165433/7",
        "user_cakedate": "2022-08-01",
        "reactions": [],
        "current_user_reaction": null,
        "reaction_users_count": 0,
        "current_user_used_main_reaction": false,
        "can_accept_answer": false,
        "can_unaccept_answer": false,
        "accepted_answer": false,
        "topic_accepted_answer": true
      }
    ],
    "stream": [
      586611,
      586634,
      587241,
      587348,
      590377,
      590441,
      591519
    ]
  },
  "timeline_lookup": [
    [
      1,
      136
    ],
    [
      3,
      135
    ],
    [
      5,
      129
    ],
    [
      6,
      128
    ],
    [
      7,
      125
    ]
  ],
  "suggested_topics": [
    {
      "id": 176644,
      "title": "Project 1 deadline extension",
      "fancy_title": "Project 1 deadline extension",
      "slug": "project-1-deadline-extension",
      "posts_count": 10,
      "reply_count": 0,
      "highest_post_number": 10,
      "image_url": null,
      "created_at": "2025-05-29T08:07:52.701Z",
      "last_posted_at": "2025-06-02T05:33:44.600Z",
      "bumped": true,
      "bumped_at": "2025-06-02T05:33:44.600Z",
      "archetype": "regular",
      "unseen": false,
      "last_read_post_number": 5,
      "unread": 0,
      "new_posts": 5,
      "unread_posts": 5,
      "pinned": false,
      "unpinned": null,
      "visible": true,
      "closed": false,
      "archived": false,
      "notification_level": 2,
      "bookmarked": false,
      "liked": true,
      "tags": [
        "diploma-level",
        "term2-2025"
      ],
      "tags_descriptions": {},
      "like_count": 40,
      "views": 173,
      "category_id": 34,
      "featured_link": null,
      "has_accepted_answer": false,
      "posters": [
        {
          "extras": null,
          "description": "Original Poster",
          "user": {
            "id": 23245,
            "username": "23f3001439",
            "name": "Siddarth S",
            "avatar_template": "/user_avatar/discourse.onlinedegree.iitm.ac.in/23f3001439/{size}/87894_2.png",
            "primary_group_name": "ds-students",
            "flair_name": "ds-students",
            "flair_group_id": 294,
            "trust_level": 0
          }
        },
        {
          "extras": null,
          "description": "Frequent Poster",
          "user": {
            "id": 12950,
            "username": "22f1001753",
            "name": "Prateek Gupta",
            "avatar_template": "/user_avatar/discourse.onlinedegree.iitm.ac.in/22f1001753/{size}/47479_2.png",
            "primary_group_name": "ds-students",
            "flair_name": "ds-students",
            "flair_group_id": 294,
            "trust_level": 1
          }
        },
        {
          "extras": null,
          "description": "Frequent Poster",
          "user": {
            "id": 30643,
            "username": "Rajat_Raj",
            "name": "Rajat Raj Singh",
            "avatar_template": "/user_avatar/discourse.onlinedegree.iitm.ac.in/rajat_raj/{size}/119975_2.png",
            "primary_group_name": "ds-students",
            "flair_name": "ds-students",
            "flair_group_id": 294,
            "trust_level": 1
          }
        },
        {
          "extras": null,
          "description": "Frequent Poster",
          "user": {
            "id": 23587,
            "username": "23f3001435",
            "name": "Sonu kumar",
            "avatar_template": "/user_avatar/discourse.onlinedegree.iitm.ac.in/23f3001435/{size}/66883_2.png",
            "primary_group_name": "ds-students",
            "flair_name": "ds-students",
            "flair_group_id": 294,
            "trust_level": 1
          }
        },
        {
          "extras": "latest",
          "description": "Most Recent Poster",
          "user": {
            "id": 17041,
            "username": "22f3003226",
            "name": "Shibashish ",
            "avatar_template": "/user_avatar/discourse.onlinedegree.iitm.ac.in/22f3003226/{size}/97251_2.png",
            "primary_group_name": "ds-students",
            "flair_name": "ds-students",
            "flair_group_id": 294,
            "trust_level": 1
          }
        }
      ]
    },
    {
      "id": 173524,
      "title": "GA1 - Development Tools - Discussion Thread [TDS May 2025]",
      "fancy_title": "GA1 - Development Tools - Discussion Thread [TDS May 2025]",
      "slug": "ga1-development-tools-discussion-thread-tds-may-2025",
      "posts_count": 81,
      "reply_count": 52,
      "highest_post_number": 86,
      "image_url": null,
      "created_at": "2025-05-01T11:39:00.734Z",
      "last_posted_at": "2025-05-31T18:44:32.559Z",
      "bumped": true,
      "bumped_at": "2025-05-31T18:44:32.559Z",
      "archetype": "regular",
      "unseen": false,
      "last_read_post_number": 30,
      "unread": 0,
      "new_posts": 56,
      "unread_posts": 56,
      "pinned": false,
      "unpinned": null,
      "visible": true,
      "closed": false,
      "archived": false,
      "notification_level": 2,
      "bookmarked": false,
      "liked": false,
      "tags": [
        "term2-2025",
        "graded-assignment"
      ],
      "tags_descriptions": {},
      "like_count": 25,
      "views": 1221,
      "category_id": 34,
      "featured_link": null,
      "has_accepted_answer": false,
      "posters": [
        {
          "extras": null,
          "description": "Original Poster",
          "user": {
            "id": 9419,
            "username": "s.anand",
            "name": "Anand S",
            "avatar_template": "/user_avatar/discourse.onlinedegree.iitm.ac.in/s.anand/{size}/15264_2.png",
            "primary_group_name": "faculty",
            "flair_name": "faculty",
            "flair_url": "chalkboard-user",
            "flair_bg_color": "f2c26e",
            "flair_color": "000",
            "flair_group_id": 54,
            "trust_level": 4
          }
        },
        {
          "extras": null,
          "description": "Frequent Poster",
          "user": {
            "id": 22472,
            "username": "Advaith52",
            "name": "Advaith Sanil Kumar",
            "avatar_template": "/user_avatar/discourse.onlinedegree.iitm.ac.in/advaith52/{size}/67172_2.png",
            "primary_group_name": "ds-students",
            "flair_name": "ds-students",
            "flair_group_id": 294,
            "trust_level": 1
          }
        },
        {
          "extras": null,
          "description": "Frequent Poster",
          "user": {
            "id": 16094,
            "username": "carlton",
            "name": "Carlton D'Silva",
            "avatar_template": "/user_avatar/discourse.onlinedegree.iitm.ac.in/carlton/{size}/56317_2.png",
            "primary_group_name": "ds-students",
            "flair_name": "ds-students",
            "flair_group_id": 294,
            "trust_level": 3
          }
        },
        {
          "extras": null,
          "description": "Frequent Poster",
          "user": {
            "id": 15658,
            "username": "HritikRoshan_HRM",
            "name": "HRITIK ROSHAN MAURYA",
            "avatar_template": "/user_avatar/discourse.onlinedegree.iitm.ac.in/hritikroshan_hrm/{size}/66975_2.png",
            "primary_group_name": "ds-students",
            "flair_name": "ds-students",
            "flair_group_id": 294,
            "trust_level": 1
          }
        },
        {
          "extras": "latest",
          "description": "Most Recent Poster",
          "user": {
            "id": 7234,
            "username": "21f3000813",
            "name": "Suraj mishra",
            "avatar_template": "/user_avatar/discourse.onlinedegree.iitm.ac.in/21f3000813/{size}/12622_2.png",
            "primary_group_name": "ds-students",
            "flair_name": "ds-students",
            "flair_group_id": 294,
            "trust_level": 1
          }
        }
      ]
    },
    {
      "id": 178878,
      "title": "Getting an api key error upon running npx -y promptfoo eval --config project-tds-virtual-ta-promptfoo.yaml",
      "fancy_title": "Getting an api key error upon running npx -y promptfoo eval &ndash;config project-tds-virtual-ta-promptfoo.yaml",
      "slug": "getting-an-api-key-error-upon-running-npx-y-promptfoo-eval-config-project-tds-virtual-ta-promptfoo-yaml",
      "posts_count": 2,
      "reply_count": 0,
      "highest_post_number": 2,
      "image_url": null,
      "created_at": "2025-06-11T15:59:44.146Z",
      "last_posted_at": "2025-06-12T09:04:32.396Z",
      "bumped": true,
      "bumped_at": "2025-06-12T09:04:32.396Z",
      "archetype": "regular",
      "unseen": true,
      "pinned": false,
      "unpinned": null,
      "visible": true,
      "closed": false,
      "archived": false,
      "bookmarked": null,
      "liked": null,
      "tags": [
        "clarification",
        "diploma-level",
        "term2-2025"
      ],
      "tags_descriptions": {},
      "like_count": 0,
      "views": 34,
      "category_id": 34,
      "featured_link": null,
      "has_accepted_answer": false,
      "posters": [
        {
          "extras": "latest single",
          "description": "Original Poster, Most Recent Poster",
          "user": {
            "id": 23837,
            "username": "23f1000129",
            "name": "Suyash Raj",
            "avatar_template": "/user_avatar/discourse.onlinedegree.iitm.ac.in/23f1000129/{size}/122013_2.png",
            "primary_group_name": "ds-students",
            "flair_name": "ds-students",
            "flair_group_id": 294,
            "trust_level": 0
          }
        }
      ]
    },
    {
      "id": 178898,
      "title": "Api Key Error",
      "fancy_title": "Api Key Error",
      "slug": "api-key-error",
      "posts_count": 2,
      "reply_count": 0,
      "highest_post_number": 2,
      "image_url": null,
      "created_at": "2025-06-11T18:29:53.636Z",
      "last_posted_at": "2025-06-12T06:50:28.438Z",
      "bumped": true,
      "bumped_at": "2025-06-12T06:50:28.438Z",
      "archetype": "regular",
      "unseen": true,
      "pinned": false,
      "unpinned": null,
      "visible": true,
      "closed": false,
      "archived": false,
      "bookmarked": null,
      "liked": null,
      "tags": [
        "clarification",
        "diploma-level",
        "term2-2025"
      ],
      "tags_descriptions": {},
      "like_count": 0,
      "views": 37,
      "category_id": 34,
      "featured_link": null,
      "has_accepted_answer": false,
      "posters": [
        {
          "extras": null,
          "description": "Original Poster",
          "user": {
            "id": 30904,
            "username": "24ds2000087",
            "name": "Banani Mallick",
            "avatar_template": "/user_avatar/discourse.onlinedegree.iitm.ac.in/24ds2000087/{size}/119469_2.png",
            "primary_group_name": "ds-students",
            "flair_name": "ds-students",
            "flair_group_id": 294,
            "trust_level": 0
          }
        },
        {
          "extras": "latest",
          "description": "Most Recent Poster",
          "user": {
            "id": 24803,
            "username": "23f2003651",
            "name": "Akshobh Verma",
            "avatar_template": "/user_avatar/discourse.onlinedegree.iitm.ac.in/23f2003651/{size}/67172_2.png",
            "primary_group_name": "ds-students",
            "flair_name": "ds-students",
            "flair_group_id": 294,
            "trust_level": 1
          }
        }
      ]
    },
    {
      "id": 178881,
      "title": "GA4 - Data Sourcing - Discussion Thread [TDS May 2025]",
      "fancy_title": "GA4 - Data Sourcing - Discussion Thread [TDS May 2025]",
      "slug": "ga4-data-sourcing-discussion-thread-tds-may-2025",
      "posts_count": 1,
      "reply_count": 0,
      "highest_post_number": 1,
      "image_url": null,
      "created_at": "2025-06-11T16:23:45.872Z",
      "last_posted_at": "2025-06-11T16:23:46.149Z",
      "bumped": true,
      "bumped_at": "2025-06-11T16:23:46.149Z",
      "archetype": "regular",
      "unseen": true,
      "pinned": false,
      "unpinned": null,
      "visible": true,
      "closed": false,
      "archived": false,
      "bookmarked": null,
      "liked": null,
      "tags": [
        "term2-2025",
        "graded-assignment",
        "week-4"
      ],
      "tags_descriptions": {},
      "like_count": 2,
      "views": 42,
      "category_id": 34,
      "featured_link": null,
      "has_accepted_answer": false,
      "posters": [
        {
          "extras": "latest single",
          "description": "Original Poster, Most Recent Poster",
          "user": {
            "id": 9419,
            "username": "s.anand",
            "name": "Anand S",
            "avatar_template": "/user_avatar/discourse.onlinedegree.iitm.ac.in/s.anand/{size}/15264_2.png",
            "primary_group_name": "faculty",
            "flair_name": "faculty",
            "flair_url": "chalkboard-user",
            "flair_bg_color": "f2c26e",
            "flair_color": "000",
            "flair_group_id": 54,
            "trust_level": 4
          }
        }
      ]
    }
  ],
  "tags": [
    "miscellaneous",
    "operational",
    "diploma-level",
    "tds"
  ],
  "tags_descriptions": {},
  "id": 165433,
  "title": "Questions closed (GA)",
  "fancy_title": "Questions closed (GA)",
  "posts_count": 7,
  "created_at": "2025-01-27T07:08:48.980Z",
  "views": 96,
  "reply_count": 2,
  "like_count": 10,
  "last_posted_at": "2025-02-07T07:36:00.899Z",
  "visible": true,
  "closed": false,
  "archived": false,
  "has_summary": false,
  "archetype": "regular",
  "slug": "questions-closed-ga",
  "category_id": 34,
  "word_count": 229,
  "deleted_at": null,
  "user_id": 13976,
  "featured_link": null,
  "pinned_globally": false,
  "pinned_at": null,
  "pinned_until": null,
  "image_url": null,
  "slow_mode_seconds": 0,
  "draft": null,
  "draft_key": "topic_165433",
  "draft_sequence": 0,
  "unpinned": null,
  "pinned": false,
  "current_post_number": 1,
  "highest_post_number": 7,
  "deleted_by": null,
  "actions_summary": [
    {
      "id": 4,
      "count": 0,
      "hidden": false,
      "can_act": true
    },
    {
      "id": 8,
      "count": 0,
      "hidden": false,
      "can_act": true
    },
    {
      "id": 10,
      "count": 0,
      "hidden": false,
      "can_act": true
    },
    {
      "id": 7,
      "count": 0,
      "hidden": false,
      "can_act": true
    }
  ],
  "chunk_size": 20,
  "bookmarked": false,
  "topic_timer": null,
  "message_bus_last_id": 0,
  "participant_count": 4,
  "show_read_indicator": false,
  "thumbnails": null,
  "slow_mode_enabled_until": null,
  "tags_disable_ads": false,
  "related_topics": [
    {
      "id": 177878,
      "title": "Marks of GA1",
      "fancy_title": "Marks of GA1",
      "slug": "marks-of-ga1",
      "posts_count": 2,
      "reply_count": 0,
      "highest_post_number": 2,
      "image_url": null,
      "created_at": "2025-06-04T17:31:57.614Z",
      "last_posted_at": "2025-06-05T13:22:23.925Z",
      "bumped": true,
      "bumped_at": "2025-06-05T13:22:23.925Z",
      "archetype": "regular",
      "unseen": false,
      "pinned": false,
      "unpinned": null,
      "visible": true,
      "closed": false,
      "archived": false,
      "bookmarked": null,
      "liked": null,
      "tags": [
        "clarification",
        "term2-2025"
      ],
      "tags_descriptions": {},
      "like_count": 0,
      "views": 77,
      "category_id": 34,
      "featured_link": null,
      "has_accepted_answer": true,
      "posters": [
        {
          "extras": null,
          "description": "Original Poster",
          "user": {
            "id": 13518,
            "username": "kritika0806",
            "name": "Kritika Pathak",
            "avatar_template": "/user_avatar/discourse.onlinedegree.iitm.ac.in/kritika0806/{size}/13610_2.png",
            "primary_group_name": "ds-students",
            "flair_name": "ds-students",
            "flair_group_id": 294,
            "trust_level": 1
          }
        },
        {
          "extras": "latest",
          "description": "Most Recent Poster, Accepted Answer",
          "user": {
            "id": 16094,
            "username": "carlton",
            "name": "Carlton D'Silva",
            "avatar_template": "/user_avatar/discourse.onlinedegree.iitm.ac.in/carlton/{size}/56317_2.png",
            "primary_group_name": "ds-students",
            "flair_name": "ds-students",
            "flair_group_id": 294,
            "trust_level": 3
          }
        }
      ]
    },
    {
      "id": 152074,
      "title": "TDS Week 1 Assignment Not Visible",
      "fancy_title": "TDS Week 1 Assignment Not Visible",
      "slug": "tds-week-1-assignment-not-visible",
      "posts_count": 4,
      "reply_count": 0,
      "highest_post_number": 4,
      "image_url": "https://europe1.discourse-cdn.com/flex013/uploads/iitm/optimized/3X/9/4/94860001617a62687f447d11c347633f50b8d4e9_2_1023x441.png",
      "created_at": "2024-10-13T04:42:53.396Z",
      "last_posted_at": "2024-10-13T07:41:11.106Z",
      "bumped": true,
      "bumped_at": "2024-10-13T07:44:51.608Z",
      "archetype": "regular",
      "unseen": false,
      "pinned": false,
      "unpinned": null,
      "visible": true,
      "closed": false,
      "archived": false,
      "bookmarked": null,
      "liked": null,
      "tags": [
        "operational",
        "diploma-level",
        "graded-assignment"
      ],
      "tags_descriptions": {},
      "like_count": 0,
      "views": 39,
      "category_id": 34,
      "featured_link": null,
      "has_accepted_answer": false,
      "posters": [
        {
          "extras": null,
          "description": "Original Poster",
          "user": {
            "id": 9145,
            "username": "21f3002488",
            "name": "Dhruv Sharma",
            "avatar_template": "/user_avatar/discourse.onlinedegree.iitm.ac.in/21f3002488/{size}/113691_2.png",
            "primary_group_name": "ds-students",
            "flair_name": "ds-students",
            "flair_group_id": 294,
            "trust_level": 1
          }
        },
        {
          "extras": null,
          "description": "Frequent Poster",
          "user": {
            "id": 15853,
            "username": "somsubhra",
            "name": "Somsubhra De",
            "avatar_template": "https://avatars.discourse-cdn.com/v4/letter/s/c2a13f/{size}.png",
            "primary_group_name": "ds-students",
            "trust_level": 2
          }
        },
        {
          "extras": "latest",
          "description": "Most Recent Poster",
          "user": {
            "id": 16094,
            "username": "carlton",
            "name": "Carlton D'Silva",
            "avatar_template": "/user_avatar/discourse.onlinedegree.iitm.ac.in/carlton/{size}/56317_2.png",
            "primary_group_name": "ds-students",
            "flair_name": "ds-students",
            "flair_group_id": 294,
            "trust_level": 3
          }
        }
      ]
    },
    {
      "id": 151973,
      "title": "Question No 4 in TDS webarchive link is dead in GA2",
      "fancy_title": "Question No 4 in TDS webarchive link is dead in GA2",
      "slug": "question-no-4-in-tds-webarchive-link-is-dead-in-ga2",
      "posts_count": 4,
      "reply_count": 0,
      "highest_post_number": 4,
      "image_url": null,
      "created_at": "2024-10-11T23:48:27.758Z",
      "last_posted_at": "2024-10-20T05:40:59.905Z",
      "bumped": true,
      "bumped_at": "2024-10-20T05:40:59.905Z",
      "archetype": "regular",
      "unseen": false,
      "pinned": false,
      "unpinned": null,
      "visible": true,
      "closed": false,
      "archived": false,
      "bookmarked": null,
      "liked": null,
      "tags": [
        "operational"
      ],
      "tags_descriptions": {},
      "like_count": 1,
      "views": 49,
      "category_id": 34,
      "featured_link": null,
      "has_accepted_answer": true,
      "posters": [
        {
          "extras": null,
          "description": "Original Poster",
          "user": {
            "id": 22348,
            "username": "23f2005597",
            "name": "NARAYAN_BABU_MURALI",
            "avatar_template": "/user_avatar/discourse.onlinedegree.iitm.ac.in/23f2005597/{size}/68111_2.png",
            "primary_group_name": "ds-students",
            "flair_name": "ds-students",
            "flair_group_id": 294,
            "trust_level": 0
          }
        },
        {
          "extras": null,
          "description": "Frequent Poster, Accepted Answer",
          "user": {
            "id": 15475,
            "username": "22f3002293",
            "name": "Rajat Goel",
            "avatar_template": "/user_avatar/discourse.onlinedegree.iitm.ac.in/22f3002293/{size}/92210_2.png",
            "primary_group_name": "ds-students",
            "flair_name": "ds-students",
            "flair_group_id": 294,
            "trust_level": 2
          }
        },
        {
          "extras": "latest",
          "description": "Most Recent Poster",
          "user": {
            "id": 3230,
            "username": "shriaviator",
            "name": "Srinivas Chilukuri",
            "avatar_template": "https://avatars.discourse-cdn.com/v4/letter/s/59ef9b/{size}.png",
            "primary_group_name": "ds-students",
            "flair_name": "Community-TA",
            "flair_url": "handshake-angle",
            "flair_bg_color": "717BF7",
            "flair_color": "6BEE3D",
            "flair_group_id": 89,
            "trust_level": 2
          }
        }
      ]
    },
    {
      "id": 170131,
      "title": "Problem with TDS GA Scores",
      "fancy_title": "Problem with TDS GA Scores",
      "slug": "problem-with-tds-ga-scores",
      "posts_count": 2,
      "reply_count": 0,
      "highest_post_number": 2,
      "image_url": "https://europe1.discourse-cdn.com/flex013/uploads/iitm/optimized/3X/5/5/55a128c9bfe559f473f6bbefc14cd659cb0f36b4_2_1024x545.png",
      "created_at": "2025-03-16T18:46:29.577Z",
      "last_posted_at": "2025-03-17T03:38:14.468Z",
      "bumped": true,
      "bumped_at": "2025-03-17T03:38:14.468Z",
      "archetype": "regular",
      "unseen": false,
      "pinned": false,
      "unpinned": null,
      "visible": true,
      "closed": false,
      "archived": false,
      "bookmarked": null,
      "liked": null,
      "tags": [
        "clarification",
        "miscellaneous",
        "diploma-level"
      ],
      "tags_descriptions": {},
      "like_count": 0,
      "views": 75,
      "category_id": 34,
      "featured_link": null,
      "has_accepted_answer": false,
      "posters": [
        {
          "extras": null,
          "description": "Original Poster",
          "user": {
            "id": 34916,
            "username": "22f3001561",
            "name": "Khushi Patel",
            "avatar_template": "/user_avatar/discourse.onlinedegree.iitm.ac.in/22f3001561/{size}/120037_2.png",
            "primary_group_name": "ds-students",
            "flair_name": "ds-students",
            "flair_group_id": 294,
            "trust_level": 0
          }
        },
        {
          "extras": "latest",
          "description": "Most Recent Poster",
          "user": {
            "id": 16094,
            "username": "carlton",
            "name": "Carlton D'Silva",
            "avatar_template": "/user_avatar/discourse.onlinedegree.iitm.ac.in/carlton/{size}/56317_2.png",
            "primary_group_name": "ds-students",
            "flair_name": "ds-students",
            "flair_group_id": 294,
            "trust_level": 3
          }
        }
      ]
    },
    {
      "id": 168310,
      "title": "Request for a functionality to revise the GAs of TDS",
      "fancy_title": "Request for a functionality to revise the GAs of TDS",
      "slug": "request-for-a-functionality-to-revise-the-gas-of-tds",
      "posts_count": 1,
      "reply_count": 0,
      "highest_post_number": 1,
      "image_url": null,
      "created_at": "2025-02-24T10:45:52.091Z",
      "last_posted_at": "2025-02-24T10:45:52.414Z",
      "bumped": true,
      "bumped_at": "2025-02-24T10:45:52.414Z",
      "archetype": "regular",
      "unseen": false,
      "pinned": false,
      "unpinned": null,
      "visible": true,
      "closed": false,
      "archived": false,
      "bookmarked": null,
      "liked": null,
      "tags": [
        "operational",
        "extra-resources",
        "diploma-level",
        "guidelines"
      ],
      "tags_descriptions": {},
      "like_count": 2,
      "views": 63,
      "category_id": 34,
      "featured_link": null,
      "has_accepted_answer": false,
      "posters": [
        {
          "extras": "latest single",
          "description": "Original Poster, Most Recent Poster",
          "user": {
            "id": 16209,
            "username": "22f3002813",
            "name": "Aryan Bartwal",
            "avatar_template": "https://avatars.discourse-cdn.com/v4/letter/2/9dc877/{size}.png",
            "primary_group_name": "ds-students",
            "flair_name": "ds-students",
            "flair_group_id": 294,
            "trust_level": 0
          }
        }
      ]
    }
  ],
  "summarizable": false,
  "valid_reactions": [
    "heart",
    "+1",
    "laughing",
    "open_mouth",
    "clap",
    "confetti_ball",
    "rocket",
    "-1"
  ],
  "accepted_answer": {
    "post_number": 4,
    "username": "s.anand",
    "name": null,
    "excerpt": "<a class=\"mention\" href=\"/u/22f2000559\">@22f2000559</a> \u2013 Good point. I\u2019ve enabled access now. \n<a class=\"mention\" href=\"/u/parthpatel\">@parthpatel</a> \u2013 nice workaround!",
    "accepter_name": null,
    "accepter_username": "s.anand"
  },
  "can_vote": false,
  "vote_count": 0,
  "user_voted": false,
  "discourse_zendesk_plugin_zendesk_id": null,
  "discourse_zendesk_plugin_zendesk_url": "https://your-url.zendesk.com/agent/tickets/",
  "details": {
    "can_edit": false,
    "notification_level": 1,
    "can_create_post": true,
    "can_reply_as_new_topic": true,
    "can_flag_topic": true,
    "participants": [
      {
        "id": 9419,
        "username": "s.anand",
        "name": "Anand S",
        "avatar_template": "/user_avatar/discourse.onlinedegree.iitm.ac.in/s.anand/{size}/15264_2.png",
        "post_count": 2,
        "primary_group_name": "faculty",
        "flair_name": "faculty",
        "flair_url": "chalkboard-user",
        "flair_color": "000",
        "flair_bg_color": "f2c26e",
        "flair_group_id": 54,
        "trust_level": 4
      },
      {
        "id": 3672,
        "username": "parthpatel",
        "name": "Parth Patel",
        "avatar_template": "/user_avatar/discourse.onlinedegree.iitm.ac.in/parthpatel/{size}/253_2.png",
        "post_count": 2,
        "primary_group_name": "ds-students",
        "flair_name": "ds-students",
        "flair_url": null,
        "flair_color": "",
        "flair_bg_color": "",
        "flair_group_id": 294,
        "trust_level": 1
      },
      {
        "id": 13976,
        "username": "22f2000559",
        "name": "Anushka Kumar",
        "avatar_template": "/user_avatar/discourse.onlinedegree.iitm.ac.in/22f2000559/{size}/13152_2.png",
        "post_count": 2,
        "primary_group_name": "ds-students",
        "flair_name": "ds-students",
        "flair_url": null,
        "flair_color": "",
        "flair_bg_color": "",
        "flair_group_id": 294,
        "trust_level": 1
      },
      {
        "id": 7795,
        "username": "Yogesh1",
        "name": "Yogesh",
        "avatar_template": "/user_avatar/discourse.onlinedegree.iitm.ac.in/yogesh1/{size}/32697_2.png",
        "post_count": 1,
        "primary_group_name": "ds-students",
        "flair_name": "ds-students",
        "flair_url": null,
        "flair_color": "",
        "flair_bg_color": "",
        "flair_group_id": 294,
        "trust_level": 1
      }
    ],
    "created_by": {
      "id": 13976,
      "username": "22f2000559",
      "name": "Anushka Kumar",
      "avatar_template": "/user_avatar/discourse.onlinedegree.iitm.ac.in/22f2000559/{size}/13152_2.png"
    },
    "last_poster": {
      "id": 13976,
      "username": "22f2000559",
      "name": "Anushka Kumar",
      "avatar_template": "/user_avatar/discourse.onlinedegree.iitm.ac.in/22f2000559/{size}/13152_2.png"
    }
  },
  "pending_posts": [],
  "bookmarks": []
}