{
  "post_stream": {
    "posts": [
      {
        "id": 594226,
        "name": "Mahesh Singh Bohra ",
        "username": "23f1001236",
        "avatar_template": "/user_avatar/discourse.onlinedegree.iitm.ac.in/23f1001236/{size}/114091_2.png",
        "created_at": "2025-02-13T02:19:53.249Z",
        "cooked": "Is it important to use an IITM mail ID in GitHub for the project?\n@carlton",
        "post_number": 1,
        "post_type": 1,
        "posts_count": 2,
        "updated_at": "2025-02-17T19:10:50.948Z",
        "reply_count": 0,
        "reply_to_post_number": null,
        "quote_count": 0,
        "incoming_link_count": 1,
        "reads": 53,
        "readers_count": 52,
        "score": 14.8,
        "yours": false,
        "topic_id": 166891,
        "topic_slug": "regarding-github-mail-for-project",
        "display_username": "Mahesh Singh Bohra ",
        "primary_group_name": "ds-students",
        "flair_name": "ds-students",
        "flair_url": null,
        "flair_bg_color": "",
        "flair_color": "",
        "flair_group_id": 294,
        "badges_granted": [],
        "version": 2,
        "can_edit": false,
        "can_delete": false,
        "can_recover": false,
        "can_see_hidden_post": false,
        "can_wiki": false,
        "read": false,
        "user_title": null,
        "bookmarked": false,
        "actions_summary": [
          {
            "id": 2,
            "can_act": true
          },
          {
            "id": 6,
            "can_act": true
          },
          {
            "id": 3,
            "can_act": true
          },
          {
            "id": 4,
            "can_act": true
          },
          {
            "id": 8,
            "can_act": true
          },
          {
            "id": 10,
            "can_act": true
          },
          {
            "id": 7,
            "can_act": true
          }
        ],
        "moderator": false,
        "admin": false,
        "staff": false,
        "user_id": 25222,
        "hidden": false,
        "trust_level": 1,
        "deleted_at": null,
        "user_deleted": false,
        "edit_reason": null,
        "can_view_edit_history": true,
        "wiki": false,
        "post_url": "/t/regarding-github-mail-for-project/166891/1",
        "user_cakedate": "2024-01-19",
        "reactions": [],
        "current_user_reaction": null,
        "reaction_users_count": 0,
        "current_user_used_main_reaction": false,
        "can_accept_answer": false,
        "can_unaccept_answer": false,
        "accepted_answer": false,
        "topic_accepted_answer": true,
        "can_vote": false
      },
      {
        "id": 594777,
        "name": "Carlton D'Silva",
        "username": "carlton",
        "avatar_template": "/user_avatar/discourse.onlinedegree.iitm.ac.in/carlton/{size}/56317_2.png",
        "created_at": "2025-02-14T05:12:27.093Z",
        "cooked": "Currently we do not have any explicit policy regarding requiring IITM email as the github profile name or the github repo owner.\nWe DO however require you to use your IITM email when submitting the project submission form.\nWe are clarifying with operations at the moment if this arrangement satisfies their requirements. If it changes we will make a general announcement via email, portal and discourse.\n(we do not expect the current requirements of github to change)\nKind regards",
        "post_number": 2,
        "post_type": 1,
        "posts_count": 2,
        "updated_at": "2025-02-14T05:12:27.093Z",
        "reply_count": 0,
        "reply_to_post_number": null,
        "quote_count": 0,
        "incoming_link_count": 0,
        "reads": 40,
        "readers_count": 39,
        "score": 22.2,
        "yours": false,
        "topic_id": 166891,
        "topic_slug": "regarding-github-mail-for-project",
        "display_username": "Carlton D'Silva",
        "primary_group_name": "ds-students",
        "flair_name": "ds-students",
        "flair_url": null,
        "flair_bg_color": "",
        "flair_color": "",
        "flair_group_id": 294,
        "badges_granted": [],
        "version": 1,
        "can_edit": false,
        "can_delete": false,
        "can_recover": false,
        "can_see_hidden_post": false,
        "can_wiki": false,
        "read": false,
        "user_title": "Regular",
        "title_is_group": false,
        "bookmarked": false,
        "actions_summary": [
          {
            "id": 2,
            "count": 1,
            "can_act": true
          },
          {
            "id": 6,
            "can_act": true
          },
          {
            "id": 3,
            "can_act": true
          },
          {
            "id": 4,
            "can_act": true
          },
          {
            "id": 8,
            "can_act": true
          },
          {
            "id": 10,
            "can_act": true
          },
          {
            "id": 7,
            "can_act": true
          }
        ],
        "moderator": false,
        "admin": false,
        "staff": false,
        "group_moderator": true,
        "user_id": 16094,
        "hidden": false,
        "trust_level": 3,
        "deleted_at": null,
        "user_deleted": false,
        "edit_reason": null,
        "can_view_edit_history": true,
        "wiki": false,
        "post_url": "/t/regarding-github-mail-for-project/166891/2",
        "user_cakedate": "2023-01-25",
        "reactions": [
          {
            "id": "heart",
            "type": "emoji",
            "count": 1
          }
        ],
        "current_user_reaction": null,
        "reaction_users_count": 1,
        "current_user_used_main_reaction": false,
        "can_accept_answer": false,
        "can_unaccept_answer": false,
        "accepted_answer": true,
        "topic_accepted_answer": true
      }
    ],
    "stream": [
      594226,
      594777
    ]
  },
  "timeline_lookup": [
    [
      1,
      120
    ],
    [
      2,
      118
    ]
  ],
  "suggested_topics": [
    {
      "id": 176644,
      "title": "Project 1 deadline extension",
      "fancy_title": "Project 1 deadline extension",
      "slug": "project-1-deadline-extension",
      "posts_count": 10,
      "reply_count": 0,
      "highest_post_number": 10,
      "image_url": null,
      "created_at": "2025-05-29T08:07:52.701Z",
      "last_posted_at": "2025-06-02T05:33:44.600Z",
      "bumped": true,
      "bumped_at": "2025-06-02T05:33:44.600Z",
      "archetype": "regular",
      "unseen": false,
      "last_read_post_number": 5,
      "unread": 0,
      "new_posts": 5,
      "unread_posts": 5,
      "pinned": false,
      "unpinned": null,
      "visible": true,
      "closed": false,
      "archived": false,
      "notification_level": 2,
      "bookmarked": false,
      "liked": true,
      "tags": [
        "diploma-level",
        "term2-2025"
      ],
      "tags_descriptions": {},
      "like_count": 40,
      "views": 173,
      "category_id": 34,
      "featured_link": null,
      "has_accepted_answer": false,
      "posters": [
        {
          "extras": null,
          "description": "Original Poster",
          "user": {
            "id": 23245,
            "username": "23f3001439",
            "name": "Siddarth S",
            "avatar_template": "/user_avatar/discourse.onlinedegree.iitm.ac.in/23f3001439/{size}/87894_2.png",
            "primary_group_name": "ds-students",
            "flair_name": "ds-students",
            "flair_group_id": 294,
            "trust_level": 0
          }
        },
        {
          "extras": null,
          "description": "Frequent Poster",
          "user": {
            "id": 12950,
            "username": "22f1001753",
            "name": "Prateek Gupta",
            "avatar_template": "/user_avatar/discourse.onlinedegree.iitm.ac.in/22f1001753/{size}/47479_2.png",
            "primary_group_name": "ds-students",
            "flair_name": "ds-students",
            "flair_group_id": 294,
            "trust_level": 1
          }
        },
        {
          "extras": null,
          "description": "Frequent Poster",
          "user": {
            "id": 30643,
            "username": "Rajat_Raj",
            "name": "Rajat Raj Singh",
            "avatar_template": "/user_avatar/discourse.onlinedegree.iitm.ac.in/rajat_raj/{size}/119975_2.png",
            "primary_group_name": "ds-students",
            "flair_name": "ds-students",
            "flair_group_id": 294,
            "trust_level": 1
          }
        },
        {
          "extras": null,
          "description": "Frequent Poster",
          "user": {
            "id": 23587,
            "username": "23f3001435",
            "name": "Sonu kumar",
            "avatar_template": "/user_avatar/discourse.onlinedegree.iitm.ac.in/23f3001435/{size}/66883_2.png",
            "primary_group_name": "ds-students",
            "flair_name": "ds-students",
            "flair_group_id": 294,
            "trust_level": 1
          }
        },
        {
          "extras": "latest",
          "description": "Most Recent Poster",
          "user": {
            "id": 17041,
            "username": "22f3003226",
            "name": "Shibashish ",
            "avatar_template": "/user_avatar/discourse.onlinedegree.iitm.ac.in/22f3003226/{size}/97251_2.png",
            "primary_group_name": "ds-students",
            "flair_name": "ds-students",
            "flair_group_id": 294,
            "trust_level": 1
          }
        }
      ]
    },
    {
      "id": 173524,
      "title": "GA1 - Development Tools - Discussion Thread [TDS May 2025]",
      "fancy_title": "GA1 - Development Tools - Discussion Thread [TDS May 2025]",
      "slug": "ga1-development-tools-discussion-thread-tds-may-2025",
      "posts_count": 81,
      "reply_count": 52,
      "highest_post_number": 86,
      "image_url": null,
      "created_at": "2025-05-01T11:39:00.734Z",
      "last_posted_at": "2025-05-31T18:44:32.559Z",
      "bumped": true,
      "bumped_at": "2025-05-31T18:44:32.559Z",
      "archetype": "regular",
      "unseen": false,
      "last_read_post_number": 30,
      "unread": 0,
      "new_posts": 56,
      "unread_posts": 56,
      "pinned": false,
      "unpinned": null,
      "visible": true,
      "closed": false,
      "archived": false,
      "notification_level": 2,
      "bookmarked": false,
      "liked": false,
      "tags": [
        "term2-2025",
        "graded-assignment"
      ],
      "tags_descriptions": {},
      "like_count": 25,
      "views": 1221,
      "category_id": 34,
      "featured_link": null,
      "has_accepted_answer": false,
      "posters": [
        {
          "extras": null,
          "description": "Original Poster",
          "user": {
            "id": 9419,
            "username": "s.anand",
            "name": "Anand S",
            "avatar_template": "/user_avatar/discourse.onlinedegree.iitm.ac.in/s.anand/{size}/15264_2.png",
            "primary_group_name": "faculty",
            "flair_name": "faculty",
            "flair_url": "chalkboard-user",
            "flair_bg_color": "f2c26e",
            "flair_color": "000",
            "flair_group_id": 54,
            "trust_level": 4
          }
        },
        {
          "extras": null,
          "description": "Frequent Poster",
          "user": {
            "id": 22472,
            "username": "Advaith52",
            "name": "Advaith Sanil Kumar",
            "avatar_template": "/user_avatar/discourse.onlinedegree.iitm.ac.in/advaith52/{size}/67172_2.png",
            "primary_group_name": "ds-students",
            "flair_name": "ds-students",
            "flair_group_id": 294,
            "trust_level": 1
          }
        },
        {
          "extras": null,
          "description": "Frequent Poster",
          "user": {
            "id": 16094,
            "username": "carlton",
            "name": "Carlton D'Silva",
            "avatar_template": "/user_avatar/discourse.onlinedegree.iitm.ac.in/carlton/{size}/56317_2.png",
            "primary_group_name": "ds-students",
            "flair_name": "ds-students",
            "flair_group_id": 294,
            "trust_level": 3
          }
        },
        {
          "extras": null,
          "description": "Frequent Poster",
          "user": {
            "id": 15658,
            "username": "HritikRoshan_HRM",
            "name": "HRITIK ROSHAN MAURYA",
            "avatar_template": "/user_avatar/discourse.onlinedegree.iitm.ac.in/hritikroshan_hrm/{size}/66975_2.png",
            "primary_group_name": "ds-students",
            "flair_name": "ds-students",
            "flair_group_id": 294,
            "trust_level": 1
          }
        },
        {
          "extras": "latest",
          "description": "Most Recent Poster",
          "user": {
            "id": 7234,
            "username": "21f3000813",
            "name": "Suraj mishra",
            "avatar_template": "/user_avatar/discourse.onlinedegree.iitm.ac.in/21f3000813/{size}/12622_2.png",
            "primary_group_name": "ds-students",
            "flair_name": "ds-students",
            "flair_group_id": 294,
            "trust_level": 1
          }
        }
      ]
    },
    {
      "id": 178878,
      "title": "Getting an api key error upon running npx -y promptfoo eval --config project-tds-virtual-ta-promptfoo.yaml",
      "fancy_title": "Getting an api key error upon running npx -y promptfoo eval &ndash;config project-tds-virtual-ta-promptfoo.yaml",
      "slug": "getting-an-api-key-error-upon-running-npx-y-promptfoo-eval-config-project-tds-virtual-ta-promptfoo-yaml",
      "posts_count": 2,
      "reply_count": 0,
      "highest_post_number": 2,
      "image_url": null,
      "created_at": "2025-06-11T15:59:44.146Z",
      "last_posted_at": "2025-06-12T09:04:32.396Z",
      "bumped": true,
      "bumped_at": "2025-06-12T09:04:32.396Z",
      "archetype": "regular",
      "unseen": true,
      "pinned": false,
      "unpinned": null,
      "visible": true,
      "closed": false,
      "archived": false,
      "bookmarked": null,
      "liked": null,
      "tags": [
        "clarification",
        "diploma-level",
        "term2-2025"
      ],
      "tags_descriptions": {},
      "like_count": 0,
      "views": 34,
      "category_id": 34,
      "featured_link": null,
      "has_accepted_answer": false,
      "posters": [
        {
          "extras": "latest single",
          "description": "Original Poster, Most Recent Poster",
          "user": {
            "id": 23837,
            "username": "23f1000129",
            "name": "Suyash Raj",
            "avatar_template": "/user_avatar/discourse.onlinedegree.iitm.ac.in/23f1000129/{size}/122013_2.png",
            "primary_group_name": "ds-students",
            "flair_name": "ds-students",
            "flair_group_id": 294,
            "trust_level": 0
          }
        }
      ]
    },
    {
      "id": 178898,
      "title": "Api Key Error",
      "fancy_title": "Api Key Error",
      "slug": "api-key-error",
      "posts_count": 2,
      "reply_count": 0,
      "highest_post_number": 2,
      "image_url": null,
      "created_at": "2025-06-11T18:29:53.636Z",
      "last_posted_at": "2025-06-12T06:50:28.438Z",
      "bumped": true,
      "bumped_at": "2025-06-12T06:50:28.438Z",
      "archetype": "regular",
      "unseen": true,
      "pinned": false,
      "unpinned": null,
      "visible": true,
      "closed": false,
      "archived": false,
      "bookmarked": null,
      "liked": null,
      "tags": [
        "clarification",
        "diploma-level",
        "term2-2025"
      ],
      "tags_descriptions": {},
      "like_count": 0,
      "views": 37,
      "category_id": 34,
      "featured_link": null,
      "has_accepted_answer": false,
      "posters": [
        {
          "extras": null,
          "description": "Original Poster",
          "user": {
            "id": 30904,
            "username": "24ds2000087",
            "name": "Banani Mallick",
            "avatar_template": "/user_avatar/discourse.onlinedegree.iitm.ac.in/24ds2000087/{size}/119469_2.png",
            "primary_group_name": "ds-students",
            "flair_name": "ds-students",
            "flair_group_id": 294,
            "trust_level": 0
          }
        },
        {
          "extras": "latest",
          "description": "Most Recent Poster",
          "user": {
            "id": 24803,
            "username": "23f2003651",
            "name": "Akshobh Verma",
            "avatar_template": "/user_avatar/discourse.onlinedegree.iitm.ac.in/23f2003651/{size}/67172_2.png",
            "primary_group_name": "ds-students",
            "flair_name": "ds-students",
            "flair_group_id": 294,
            "trust_level": 1
          }
        }
      ]
    },
    {
      "id": 178881,
      "title": "GA4 - Data Sourcing - Discussion Thread [TDS May 2025]",
      "fancy_title": "GA4 - Data Sourcing - Discussion Thread [TDS May 2025]",
      "slug": "ga4-data-sourcing-discussion-thread-tds-may-2025",
      "posts_count": 1,
      "reply_count": 0,
      "highest_post_number": 1,
      "image_url": null,
      "created_at": "2025-06-11T16:23:45.872Z",
      "last_posted_at": "2025-06-11T16:23:46.149Z",
      "bumped": true,
      "bumped_at": "2025-06-11T16:23:46.149Z",
      "archetype": "regular",
      "unseen": true,
      "pinned": false,
      "unpinned": null,
      "visible": true,
      "closed": false,
      "archived": false,
      "bookmarked": null,
      "liked": null,
      "tags": [
        "term2-2025",
        "graded-assignment",
        "week-4"
      ],
      "tags_descriptions": {},
      "like_count": 2,
      "views": 42,
      "category_id": 34,
      "featured_link": null,
      "has_accepted_answer": false,
      "posters": [
        {
          "extras": "latest single",
          "description": "Original Poster, Most Recent Poster",
          "user": {
            "id": 9419,
            "username": "s.anand",
            "name": "Anand S",
            "avatar_template": "/user_avatar/discourse.onlinedegree.iitm.ac.in/s.anand/{size}/15264_2.png",
            "primary_group_name": "faculty",
            "flair_name": "faculty",
            "flair_url": "chalkboard-user",
            "flair_bg_color": "f2c26e",
            "flair_color": "000",
            "flair_group_id": 54,
            "trust_level": 4
          }
        }
      ]
    }
  ],
  "tags": [
    "clarification",
    "term1-2025",
    "tds-project-1"
  ],
  "tags_descriptions": {},
  "id": 166891,
  "title": "Regarding Github Mail For Project",
  "fancy_title": "Regarding Github Mail For Project",
  "posts_count": 2,
  "created_at": "2025-02-13T02:19:53.023Z",
  "views": 68,
  "reply_count": 0,
  "like_count": 1,
  "last_posted_at": "2025-02-14T05:12:27.093Z",
  "visible": true,
  "closed": false,
  "archived": false,
  "has_summary": false,
  "archetype": "regular",
  "slug": "regarding-github-mail-for-project",
  "category_id": 34,
  "word_count": 94,
  "deleted_at": null,
  "user_id": 25222,
  "featured_link": null,
  "pinned_globally": false,
  "pinned_at": null,
  "pinned_until": null,
  "image_url": null,
  "slow_mode_seconds": 0,
  "draft": null,
  "draft_key": "topic_166891",
  "draft_sequence": 0,
  "unpinned": null,
  "pinned": false,
  "current_post_number": 1,
  "highest_post_number": 2,
  "deleted_by": null,
  "actions_summary": [
    {
      "id": 4,
      "count": 0,
      "hidden": false,
      "can_act": true
    },
    {
      "id": 8,
      "count": 0,
      "hidden": false,
      "can_act": true
    },
    {
      "id": 10,
      "count": 0,
      "hidden": false,
      "can_act": true
    },
    {
      "id": 7,
      "count": 0,
      "hidden": false,
      "can_act": true
    }
  ],
  "chunk_size": 20,
  "bookmarked": false,
  "topic_timer": null,
  "message_bus_last_id": 0,
  "participant_count": 2,
  "show_read_indicator": false,
  "thumbnails": null,
  "slow_mode_enabled_until": null,
  "tags_disable_ads": false,
  "related_topics": [
    {
      "id": 158592,
      "title": "Regarding Github Account For Project 2",
      "fancy_title": "Regarding Github Account For Project 2",
      "slug": "regarding-github-account-for-project-2",
      "posts_count": 2,
      "reply_count": 0,
      "highest_post_number": 2,
      "image_url": null,
      "created_at": "2024-12-09T21:15:14.496Z",
      "last_posted_at": "2024-12-10T04:09:31.991Z",
      "bumped": true,
      "bumped_at": "2024-12-10T04:09:31.991Z",
      "archetype": "regular",
      "unseen": false,
      "pinned": false,
      "unpinned": null,
      "visible": true,
      "closed": false,
      "archived": false,
      "bookmarked": null,
      "liked": null,
      "tags": [
        "term3-2024",
        "tds-project-2"
      ],
      "tags_descriptions": {},
      "like_count": 1,
      "views": 93,
      "category_id": 34,
      "featured_link": null,
      "has_accepted_answer": true,
      "posters": [
        {
          "extras": null,
          "description": "Original Poster",
          "user": {
            "id": 15485,
            "username": "Ksoham",
            "name": "Soham Sachin Kulkarni",
            "avatar_template": "/user_avatar/discourse.onlinedegree.iitm.ac.in/ksoham/{size}/60244_2.png",
            "primary_group_name": "ds-students",
            "flair_name": "ds-students",
            "flair_group_id": 294,
            "trust_level": 1
          }
        },
        {
          "extras": "latest",
          "description": "Most Recent Poster, Accepted Answer",
          "user": {
            "id": 16762,
            "username": "22f3003031",
            "name": "Sid",
            "avatar_template": "/user_avatar/discourse.onlinedegree.iitm.ac.in/22f3003031/{size}/94910_2.png",
            "primary_group_name": "ds-students",
            "flair_name": "ds-students",
            "flair_group_id": 294,
            "trust_level": 1
          }
        }
      ]
    },
    {
      "id": 176323,
      "title": "Clarification on Email ID for GitHub Account Submission for TDS Course Assignment",
      "fancy_title": "Clarification on Email ID for GitHub Account Submission for TDS Course Assignment",
      "slug": "clarification-on-email-id-for-github-account-submission-for-tds-course-assignment",
      "posts_count": 2,
      "reply_count": 0,
      "highest_post_number": 2,
      "image_url": null,
      "created_at": "2025-05-25T10:42:16.326Z",
      "last_posted_at": "2025-05-25T11:12:21.484Z",
      "bumped": true,
      "bumped_at": "2025-05-25T11:12:21.484Z",
      "archetype": "regular",
      "unseen": false,
      "pinned": false,
      "unpinned": null,
      "visible": true,
      "closed": false,
      "archived": false,
      "bookmarked": null,
      "liked": null,
      "tags": [
        "clarification",
        "diploma-level",
        "term2-2025"
      ],
      "tags_descriptions": {},
      "like_count": 1,
      "views": 45,
      "category_id": 34,
      "featured_link": null,
      "has_accepted_answer": false,
      "posters": [
        {
          "extras": null,
          "description": "Original Poster",
          "user": {
            "id": 19016,
            "username": "Priyank",
            "name": "Priyank Solanki ",
            "avatar_template": "/user_avatar/discourse.onlinedegree.iitm.ac.in/priyank/{size}/66833_2.png",
            "primary_group_name": "ds-students",
            "flair_name": "ds-students",
            "flair_group_id": 294,
            "trust_level": 0
          }
        },
        {
          "extras": "latest",
          "description": "Most Recent Poster",
          "user": {
            "id": 16656,
            "username": "22f3003023",
            "name": "Sanvi Sneh",
            "avatar_template": "/user_avatar/discourse.onlinedegree.iitm.ac.in/22f3003023/{size}/119245_2.png",
            "primary_group_name": "ds-students",
            "flair_name": "ds-students",
            "flair_group_id": 294,
            "trust_level": 0
          }
        }
      ]
    },
    {
      "id": 139011,
      "title": "Github Tracker",
      "fancy_title": "Github Tracker",
      "slug": "github-tracker",
      "posts_count": 2,
      "reply_count": 0,
      "highest_post_number": 2,
      "image_url": null,
      "created_at": "2024-07-08T18:31:11.118Z",
      "last_posted_at": "2024-12-22T17:57:01.527Z",
      "bumped": true,
      "bumped_at": "2024-12-22T17:57:01.527Z",
      "archetype": "regular",
      "unseen": false,
      "pinned": false,
      "unpinned": null,
      "visible": true,
      "closed": false,
      "archived": false,
      "bookmarked": null,
      "liked": null,
      "tags": [
        "clarification",
        "diploma-level",
        "term2-2024"
      ],
      "tags_descriptions": {},
      "like_count": 1,
      "views": 108,
      "category_id": 50,
      "featured_link": null,
      "has_accepted_answer": false,
      "posters": [
        {
          "extras": null,
          "description": "Original Poster",
          "user": {
            "id": 1413,
            "username": "Nitesh_Arya",
            "name": "Nitesh Arya",
            "avatar_template": "/user_avatar/discourse.onlinedegree.iitm.ac.in/nitesh_arya/{size}/861_2.png",
            "primary_group_name": "ds-students",
            "flair_name": "ds-students",
            "flair_group_id": 294,
            "trust_level": 1
          }
        },
        {
          "extras": "latest",
          "description": "Most Recent Poster",
          "user": {
            "id": 13676,
            "username": "Nik0",
            "name": "Saksham Sirohi",
            "avatar_template": "/user_avatar/discourse.onlinedegree.iitm.ac.in/nik0/{size}/12401_2.png",
            "primary_group_name": "ds-students",
            "flair_name": "ds-students",
            "flair_group_id": 294,
            "trust_level": 1
          }
        }
      ]
    },
    {
      "id": 166473,
      "title": "Doubt regarding mad1 project -github account creation",
      "fancy_title": "Doubt regarding mad1 project -github account creation",
      "slug": "doubt-regarding-mad1-project-github-account-creation",
      "posts_count": 2,
      "reply_count": 0,
      "highest_post_number": 2,
      "image_url": null,
      "created_at": "2025-02-07T07:52:54.309Z",
      "last_posted_at": "2025-02-07T08:18:07.201Z",
      "bumped": true,
      "bumped_at": "2025-02-07T08:18:07.201Z",
      "archetype": "regular",
      "unseen": false,
      "pinned": false,
      "unpinned": null,
      "visible": true,
      "closed": false,
      "archived": false,
      "bookmarked": null,
      "liked": null,
      "tags": [
        "clarification",
        "diploma-level",
        "term2-2025"
      ],
      "tags_descriptions": {},
      "like_count": 0,
      "views": 41,
      "category_id": 49,
      "featured_link": null,
      "has_accepted_answer": false,
      "posters": [
        {
          "extras": null,
          "description": "Original Poster",
          "user": {
            "id": 20139,
            "username": "pragyatripathi",
            "name": "Pragya Tripathi",
            "avatar_template": "/user_avatar/discourse.onlinedegree.iitm.ac.in/pragyatripathi/{size}/67340_2.png",
            "primary_group_name": "ds-students",
            "flair_name": "ds-students",
            "flair_group_id": 294,
            "trust_level": 1
          }
        },
        {
          "extras": "latest",
          "description": "Most Recent Poster",
          "user": {
            "id": 15870,
            "username": "22f3002374",
            "name": "Anmol Sarraf",
            "avatar_template": "/user_avatar/discourse.onlinedegree.iitm.ac.in/22f3002374/{size}/56939_2.png",
            "primary_group_name": "ds-students",
            "flair_name": "ds-students",
            "flair_group_id": 294,
            "trust_level": 1
          }
        }
      ]
    },
    {
      "id": 166192,
      "title": "Mad 1 github query",
      "fancy_title": "Mad 1 github query",
      "slug": "mad-1-github-query",
      "posts_count": 5,
      "reply_count": 2,
      "highest_post_number": 5,
      "image_url": null,
      "created_at": "2025-02-03T07:55:31.494Z",
      "last_posted_at": "2025-02-05T05:28:36.613Z",
      "bumped": true,
      "bumped_at": "2025-02-05T05:28:36.613Z",
      "archetype": "regular",
      "unseen": false,
      "pinned": false,
      "unpinned": null,
      "visible": true,
      "closed": false,
      "archived": false,
      "bookmarked": null,
      "liked": null,
      "tags": [
        "clarification"
      ],
      "tags_descriptions": {},
      "like_count": 1,
      "views": 104,
      "category_id": 29,
      "featured_link": null,
      "has_accepted_answer": false,
      "posters": [
        {
          "extras": null,
          "description": "Original Poster",
          "user": {
            "id": 38830,
            "username": "24dp3000019",
            "name": "Aditya Narthi",
            "avatar_template": "https://avatars.discourse-cdn.com/v4/letter/2/85e7bf/{size}.png",
            "primary_group_name": "ds-students",
            "flair_name": "ds-students",
            "flair_group_id": 294,
            "trust_level": 1
          }
        },
        {
          "extras": null,
          "description": "Frequent Poster",
          "user": {
            "id": 34540,
            "username": "sachin_01",
            "name": "Sachin Tiwari ",
            "avatar_template": "/user_avatar/discourse.onlinedegree.iitm.ac.in/sachin_01/{size}/110690_2.png",
            "primary_group_name": "ds-students",
            "flair_name": "ds-students",
            "flair_group_id": 294,
            "trust_level": 1
          }
        },
        {
          "extras": null,
          "description": "Frequent Poster",
          "user": {
            "id": 7527,
            "username": "TusharVerma",
            "name": "Tushar Verma",
            "avatar_template": "https://avatars.discourse-cdn.com/v4/letter/t/4af34b/{size}.png",
            "primary_group_name": "ds-students",
            "flair_name": "ds-students",
            "flair_group_id": 294,
            "trust_level": 1
          }
        },
        {
          "extras": "latest",
          "description": "Most Recent Poster",
          "user": {
            "id": 39399,
            "username": "shri_krishna_pandey",
            "name": "Shri Krishna Pandey",
            "avatar_template": "/user_avatar/discourse.onlinedegree.iitm.ac.in/shri_krishna_pandey/{size}/110579_2.png",
            "primary_group_name": "course_support",
            "flair_name": "course_support",
            "flair_url": "scale-balanced",
            "flair_bg_color": "0040ff",
            "flair_color": "1affc6",
            "flair_group_id": 41,
            "trust_level": 4
          }
        }
      ]
    }
  ],
  "summarizable": false,
  "valid_reactions": [
    "heart",
    "+1",
    "laughing",
    "open_mouth",
    "clap",
    "confetti_ball",
    "rocket",
    "-1"
  ],
  "accepted_answer": {
    "post_number": 2,
    "username": "carlton",
    "name": null,
    "excerpt": "Currently we do not have any explicit policy regarding requiring IITM email as the github profile name or the github repo owner. \nWe DO however require you to use your IITM email when submitting the project submission form. \nWe are clarifying with operations at the moment if this arrangement satisfi&hellip;",
    "accepter_name": null,
    "accepter_username": "23f1001236"
  },
  "can_vote": false,
  "vote_count": 0,
  "user_voted": false,
  "discourse_zendesk_plugin_zendesk_id": null,
  "discourse_zendesk_plugin_zendesk_url": "https://your-url.zendesk.com/agent/tickets/",
  "details": {
    "can_edit": false,
    "notification_level": 1,
    "can_create_post": true,
    "can_reply_as_new_topic": true,
    "can_flag_topic": true,
    "participants": [
      {
        "id": 16094,
        "username": "carlton",
        "name": "Carlton D'Silva",
        "avatar_template": "/user_avatar/discourse.onlinedegree.iitm.ac.in/carlton/{size}/56317_2.png",
        "post_count": 1,
        "primary_group_name": "ds-students",
        "flair_name": "ds-students",
        "flair_url": null,
        "flair_color": "",
        "flair_bg_color": "",
        "flair_group_id": 294,
        "trust_level": 3
      },
      {
        "id": 25222,
        "username": "23f1001236",
        "name": "Mahesh Singh Bohra ",
        "avatar_template": "/user_avatar/discourse.onlinedegree.iitm.ac.in/23f1001236/{size}/114091_2.png",
        "post_count": 1,
        "primary_group_name": "ds-students",
        "flair_name": "ds-students",
        "flair_url": null,
        "flair_color": "",
        "flair_bg_color": "",
        "flair_group_id": 294,
        "trust_level": 1
      }
    ],
    "created_by": {
      "id": 25222,
      "username": "23f1001236",
      "name": "Mahesh Singh Bohra ",
      "avatar_template": "/user_avatar/discourse.onlinedegree.iitm.ac.in/23f1001236/{size}/114091_2.png"
    },
    "last_poster": {
      "id": 16094,
      "username": "carlton",
      "name": "Carlton D'Silva",
      "avatar_template": "/user_avatar/discourse.onlinedegree.iitm.ac.in/carlton/{size}/56317_2.png"
    }
  },
  "pending_posts": [],
  "bookmarks": []
}