{
  "post_stream": {
    "posts": [
      {
        "id": 590136,
        "name": "Sompartha Sinha",
        "username": "23f3002530",
        "avatar_template": "/user_avatar/discourse.onlinedegree.iitm.ac.in/23f3002530/{size}/66753_2.png",
        "created_at": "2025-02-03T06:54:27.787Z",
        "cooked": "@carlton @s.anand\ndear sir\ni have taken tds in this term. after the first assignment there was no checkbox provided to any graded assignment .for this reason i just saved the assignment at the portal link .and now after the deadline its showing my assignment had not been submitted. pls do something please do it fast.",
        "post_number": 1,
        "post_type": 1,
        "posts_count": 21,
        "updated_at": "2025-02-03T08:15:54.289Z",
        "reply_count": 0,
        "reply_to_post_number": null,
        "quote_count": 0,
        "incoming_link_count": 1,
        "reads": 97,
        "readers_count": 96,
        "score": 17.2,
        "yours": false,
        "topic_id": 166189,
        "topic_slug": "tds-assignment-is-not-submitting",
        "display_username": "Sompartha Sinha",
        "primary_group_name": "ds-students",
        "flair_name": "ds-students",
        "flair_url": null,
        "flair_bg_color": "",
        "flair_color": "",
        "flair_group_id": 294,
        "badges_granted": [],
        "version": 2,
        "can_edit": false,
        "can_delete": false,
        "can_recover": false,
        "can_see_hidden_post": false,
        "can_wiki": false,
        "read": false,
        "user_title": "",
        "bookmarked": false,
        "actions_summary": [
          {
            "id": 2,
            "can_act": true
          },
          {
            "id": 6,
            "can_act": true
          },
          {
            "id": 3,
            "can_act": true
          },
          {
            "id": 4,
            "can_act": true
          },
          {
            "id": 8,
            "can_act": true
          },
          {
            "id": 10,
            "can_act": true
          },
          {
            "id": 7,
            "can_act": true
          }
        ],
        "moderator": false,
        "admin": false,
        "staff": false,
        "user_id": 24614,
        "hidden": false,
        "trust_level": 0,
        "deleted_at": null,
        "user_deleted": false,
        "edit_reason": null,
        "can_view_edit_history": true,
        "wiki": false,
        "post_url": "/t/tds-assignment-is-not-submitting/166189/1",
        "user_cakedate": "2023-12-31",
        "reactions": [],
        "current_user_reaction": null,
        "reaction_users_count": 0,
        "current_user_used_main_reaction": false,
        "can_accept_answer": false,
        "can_unaccept_answer": false,
        "accepted_answer": false,
        "topic_accepted_answer": true,
        "can_vote": false
      },
      {
        "id": 590232,
        "name": "Saransh Saini",
        "username": "Saransh_Saini",
        "avatar_template": "/user_avatar/discourse.onlinedegree.iitm.ac.in/saransh_saini/{size}/123495_2.png",
        "created_at": "2025-02-03T10:42:34.471Z",
        "cooked": "\n\n\n\nGA2 - Deployment Tools - Discussion Thread [TDS Jan 2025] Tools in Data Science\n\n\n    We have removed that button, cause it was causing confusion among the students. \nIf you have saved your answers on the TDS portal then you need not worry, you will be marked. The button was just there to ensure you saw the assignment on the TDS portal. \nRegards, \nTDS TA\n  \n\nRead this",
        "post_number": 4,
        "post_type": 1,
        "posts_count": 21,
        "updated_at": "2025-02-03T10:42:34.471Z",
        "reply_count": 1,
        "reply_to_post_number": null,
        "quote_count": 0,
        "incoming_link_count": 0,
        "reads": 89,
        "readers_count": 88,
        "score": 35.6,
        "yours": false,
        "topic_id": 166189,
        "topic_slug": "tds-assignment-is-not-submitting",
        "display_username": "Saransh Saini",
        "primary_group_name": "ds-students",
        "flair_name": "ds-students",
        "flair_url": null,
        "flair_bg_color": "",
        "flair_color": "",
        "flair_group_id": 294,
        "badges_granted": [],
        "version": 1,
        "can_edit": false,
        "can_delete": false,
        "can_recover": false,
        "can_see_hidden_post": false,
        "can_wiki": false,
        "link_counts": [
          {
            "url": "https://discourse.onlinedegree.iitm.ac.in/t/ga2-deployment-tools-discussion-thread-tds-jan-2025/161120/171",
            "internal": true,
            "reflection": false,
            "title": "GA2 - Deployment Tools - Discussion Thread [TDS Jan 2025]",
            "clicks": 0
          }
        ],
        "read": false,
        "user_title": "Course TA",
        "title_is_group": false,
        "bookmarked": false,
        "actions_summary": [
          {
            "id": 2,
            "count": 1,
            "can_act": true
          },
          {
            "id": 6,
            "can_act": true
          },
          {
            "id": 3,
            "can_act": true
          },
          {
            "id": 4,
            "can_act": true
          },
          {
            "id": 8,
            "can_act": true
          },
          {
            "id": 10,
            "can_act": true
          },
          {
            "id": 7,
            "can_act": true
          }
        ],
        "moderator": false,
        "admin": false,
        "staff": false,
        "group_moderator": true,
        "user_id": 13078,
        "hidden": false,
        "trust_level": 1,
        "deleted_at": null,
        "user_deleted": false,
        "edit_reason": null,
        "can_view_edit_history": true,
        "wiki": false,
        "post_url": "/t/tds-assignment-is-not-submitting/166189/4",
        "user_cakedate": "2022-05-02",
        "user_birthdate": "1904-08-04",
        "reactions": [
          {
            "id": "heart",
            "type": "emoji",
            "count": 1
          }
        ],
        "current_user_reaction": null,
        "reaction_users_count": 1,
        "current_user_used_main_reaction": false,
        "can_accept_answer": false,
        "can_unaccept_answer": false,
        "accepted_answer": false,
        "topic_accepted_answer": true
      },
      {
        "id": 590930,
        "name": "Kumar Rishabh ",
        "username": "Rishabh2",
        "avatar_template": "/user_avatar/discourse.onlinedegree.iitm.ac.in/rishabh2/{size}/66901_2.png",
        "created_at": "2025-02-05T17:17:25.350Z",
        "cooked": "I saved that too but right now scores of GA2 isn\u2019t visible for me. And in score section it\u2019s showing assignment not submitted. @Saransh_Saini",
        "post_number": 5,
        "post_type": 1,
        "posts_count": 21,
        "updated_at": "2025-02-05T17:17:42.342Z",
        "reply_count": 1,
        "reply_to_post_number": 4,
        "quote_count": 0,
        "incoming_link_count": 0,
        "reads": 64,
        "readers_count": 63,
        "score": 16.2,
        "yours": false,
        "topic_id": 166189,
        "topic_slug": "tds-assignment-is-not-submitting",
        "display_username": "Kumar Rishabh ",
        "primary_group_name": "ds-students",
        "flair_name": "ds-students",
        "flair_url": null,
        "flair_bg_color": "",
        "flair_color": "",
        "flair_group_id": 294,
        "badges_granted": [],
        "version": 1,
        "can_edit": false,
        "can_delete": false,
        "can_recover": false,
        "can_see_hidden_post": false,
        "can_wiki": false,
        "read": false,
        "user_title": null,
        "reply_to_user": {
          "id": 13078,
          "username": "Saransh_Saini",
          "name": "Saransh Saini",
          "avatar_template": "/user_avatar/discourse.onlinedegree.iitm.ac.in/saransh_saini/{size}/123495_2.png"
        },
        "bookmarked": false,
        "actions_summary": [
          {
            "id": 2,
            "can_act": true
          },
          {
            "id": 6,
            "can_act": true
          },
          {
            "id": 3,
            "can_act": true
          },
          {
            "id": 4,
            "can_act": true
          },
          {
            "id": 8,
            "can_act": true
          },
          {
            "id": 10,
            "can_act": true
          },
          {
            "id": 7,
            "can_act": true
          }
        ],
        "moderator": false,
        "admin": false,
        "staff": false,
        "user_id": 20017,
        "hidden": false,
        "trust_level": 1,
        "deleted_at": null,
        "user_deleted": false,
        "edit_reason": null,
        "can_view_edit_history": true,
        "wiki": false,
        "post_url": "/t/tds-assignment-is-not-submitting/166189/5",
        "user_cakedate": "2023-06-12",
        "reactions": [],
        "current_user_reaction": null,
        "reaction_users_count": 0,
        "current_user_used_main_reaction": false,
        "can_accept_answer": false,
        "can_unaccept_answer": false,
        "accepted_answer": false,
        "topic_accepted_answer": true
      },
      {
        "id": 591015,
        "name": "Carlton D'Silva",
        "username": "carlton",
        "avatar_template": "/user_avatar/discourse.onlinedegree.iitm.ac.in/carlton/{size}/56317_2.png",
        "created_at": "2025-02-06T02:24:28.000Z",
        "cooked": "Your scores are evaluated on a site that is external to the seek portal and is not integrated with the seek portal. Therefore seek does not know if you have submitted or not and by default says that it has not been submitted because it cannot see your external evaluation. There will not be a fix for this for some time.\nScores for GA1, GA2, GA3, GA4, GA5, Project1, Project2, ROE will NOT be inside your seek portal.\nThe scores will only be visible in the dashboard. Just ignore anything inside seek portal. The dashboard is where all your subject score cards exists.\nAs stated in multiple places on discourse as well as in live sessions, The final score is always your last submission. If your dashboard score does not match your final submission score on the assignment page, only then contact us regarding your marks.\nKind regards",
        "post_number": 6,
        "post_type": 1,
        "posts_count": 21,
        "updated_at": "2025-02-07T03:21:14.642Z",
        "reply_count": 0,
        "reply_to_post_number": 5,
        "quote_count": 0,
        "incoming_link_count": 0,
        "reads": 57,
        "readers_count": 56,
        "score": 40.2,
        "yours": false,
        "topic_id": 166189,
        "topic_slug": "tds-assignment-is-not-submitting",
        "display_username": "Carlton D'Silva",
        "primary_group_name": "ds-students",
        "flair_name": "ds-students",
        "flair_url": null,
        "flair_bg_color": "",
        "flair_color": "",
        "flair_group_id": 294,
        "badges_granted": [],
        "version": 2,
        "can_edit": false,
        "can_delete": false,
        "can_recover": false,
        "can_see_hidden_post": false,
        "can_wiki": false,
        "read": false,
        "user_title": "Regular",
        "title_is_group": false,
        "reply_to_user": {
          "id": 20017,
          "username": "Rishabh2",
          "name": "Kumar Rishabh ",
          "avatar_template": "/user_avatar/discourse.onlinedegree.iitm.ac.in/rishabh2/{size}/66901_2.png"
        },
        "bookmarked": false,
        "actions_summary": [
          {
            "id": 2,
            "count": 2,
            "can_act": true
          },
          {
            "id": 6,
            "can_act": true
          },
          {
            "id": 3,
            "can_act": true
          },
          {
            "id": 4,
            "can_act": true
          },
          {
            "id": 8,
            "can_act": true
          },
          {
            "id": 10,
            "can_act": true
          },
          {
            "id": 7,
            "can_act": true
          }
        ],
        "moderator": false,
        "admin": false,
        "staff": false,
        "group_moderator": true,
        "user_id": 16094,
        "hidden": false,
        "trust_level": 3,
        "deleted_at": null,
        "user_deleted": false,
        "edit_reason": null,
        "can_view_edit_history": true,
        "wiki": false,
        "via_email": true,
        "post_url": "/t/tds-assignment-is-not-submitting/166189/6",
        "user_cakedate": "2023-01-25",
        "reactions": [
          {
            "id": "heart",
            "type": "emoji",
            "count": 2
          }
        ],
        "current_user_reaction": null,
        "reaction_users_count": 2,
        "current_user_used_main_reaction": false,
        "can_accept_answer": false,
        "can_unaccept_answer": false,
        "accepted_answer": true,
        "topic_accepted_answer": true
      },
      {
        "id": 591407,
        "name": "Sompartha Sinha",
        "username": "23f3002530",
        "avatar_template": "/user_avatar/discourse.onlinedegree.iitm.ac.in/23f3002530/{size}/66753_2.png",
        "created_at": "2025-02-03T05:35:17.285Z",
        "cooked": "@Jivraj @iamprasna  i have taken tds in this term. after the first assignment there was no checkbox provided to any graded assignment .for this reason i just saved the assignment at the portal link .and now after the deadline its showing my assignment  had not been submitted. pls do something please do it fast.",
        "post_number": 7,
        "post_type": 1,
        "posts_count": 21,
        "updated_at": "2025-02-07T03:23:18.117Z",
        "reply_count": 0,
        "reply_to_post_number": null,
        "quote_count": 0,
        "incoming_link_count": 0,
        "reads": 41,
        "readers_count": 40,
        "score": 7.6,
        "yours": false,
        "topic_id": 166189,
        "topic_slug": "tds-assignment-is-not-submitting",
        "display_username": "Sompartha Sinha",
        "primary_group_name": "ds-students",
        "flair_name": "ds-students",
        "flair_url": null,
        "flair_bg_color": "",
        "flair_color": "",
        "flair_group_id": 294,
        "badges_granted": [],
        "version": 2,
        "can_edit": false,
        "can_delete": false,
        "can_recover": false,
        "can_see_hidden_post": false,
        "can_wiki": false,
        "read": false,
        "user_title": "",
        "bookmarked": false,
        "actions_summary": [
          {
            "id": 2,
            "can_act": true
          },
          {
            "id": 6,
            "can_act": true
          },
          {
            "id": 3,
            "can_act": true
          },
          {
            "id": 4,
            "can_act": true
          },
          {
            "id": 8,
            "can_act": true
          },
          {
            "id": 10,
            "can_act": true
          },
          {
            "id": 7,
            "can_act": true
          }
        ],
        "moderator": false,
        "admin": false,
        "staff": false,
        "user_id": 24614,
        "hidden": false,
        "trust_level": 0,
        "deleted_at": null,
        "user_deleted": false,
        "edit_reason": null,
        "can_view_edit_history": true,
        "wiki": false,
        "post_url": "/t/tds-assignment-is-not-submitting/166189/7",
        "user_cakedate": "2023-12-31",
        "reactions": [],
        "current_user_reaction": null,
        "reaction_users_count": 0,
        "current_user_used_main_reaction": false,
        "can_accept_answer": false,
        "can_unaccept_answer": false,
        "accepted_answer": false,
        "topic_accepted_answer": true
      },
      {
        "id": 591364,
        "name": "Srinivas Chilukuri",
        "username": "shriaviator",
        "avatar_template": "https://avatars.discourse-cdn.com/v4/letter/s/59ef9b/{size}.png",
        "created_at": "2025-02-07T02:08:32.080Z",
        "cooked": "@23f3002530\nTopic moved to the appropriate category in order to get faster responses.\nPlease make it easier for others to help you, by ensuring that topics are created in the correct categories.",
        "post_number": 10,
        "post_type": 1,
        "posts_count": 21,
        "updated_at": "2025-02-07T03:23:18.428Z",
        "reply_count": 1,
        "reply_to_post_number": null,
        "quote_count": 0,
        "incoming_link_count": 0,
        "reads": 44,
        "readers_count": 43,
        "score": 13.2,
        "yours": false,
        "topic_id": 166189,
        "topic_slug": "tds-assignment-is-not-submitting",
        "display_username": "Srinivas Chilukuri",
        "primary_group_name": "ds-students",
        "flair_name": "Community-TA",
        "flair_url": "handshake-angle",
        "flair_bg_color": "717BF7",
        "flair_color": "6BEE3D",
        "flair_group_id": 89,
        "badges_granted": [],
        "version": 1,
        "can_edit": false,
        "can_delete": false,
        "can_recover": false,
        "can_see_hidden_post": false,
        "can_wiki": false,
        "read": false,
        "user_title": "Community-TA",
        "title_is_group": false,
        "bookmarked": false,
        "actions_summary": [
          {
            "id": 2,
            "can_act": true
          },
          {
            "id": 6,
            "can_act": true
          },
          {
            "id": 3,
            "can_act": true
          },
          {
            "id": 4,
            "can_act": true
          },
          {
            "id": 8,
            "can_act": true
          },
          {
            "id": 10,
            "can_act": true
          },
          {
            "id": 7,
            "can_act": true
          }
        ],
        "moderator": false,
        "admin": false,
        "staff": false,
        "group_moderator": true,
        "user_id": 3230,
        "hidden": false,
        "trust_level": 2,
        "deleted_at": null,
        "user_deleted": false,
        "edit_reason": null,
        "can_view_edit_history": true,
        "wiki": false,
        "post_url": "/t/tds-assignment-is-not-submitting/166189/10",
        "user_cakedate": "2021-05-03",
        "user_birthdate": "1904-04-05",
        "reactions": [],
        "current_user_reaction": null,
        "reaction_users_count": 0,
        "current_user_used_main_reaction": false,
        "can_accept_answer": false,
        "can_unaccept_answer": false,
        "accepted_answer": false,
        "topic_accepted_answer": true
      },
      {
        "id": 591405,
        "name": "Carlton D'Silva",
        "username": "carlton",
        "avatar_template": "/user_avatar/discourse.onlinedegree.iitm.ac.in/carlton/{size}/56317_2.png",
        "created_at": "2025-02-07T03:17:32.740Z",
        "cooked": "@23f3002530\nPlease refer to this post.\n\n\n\n\nTds: assignment is not submitting Tools in Data Science\n\n\n    Your scores are evaluated on a site that is external to the seek portal and is not integrated with the seek portal. Therefore seek does not know if you have submitted or not and by default says that it has not been submitted because it cannot see your external evaluation. There will not be a fix for this for some time. \nScores for GA1, GA2, GA3, GA4, GA5, Project1, Project2, ROE will NOT be inside your seek portal. \nThe scores will only be visible in the dashboard. Just ignore anything inside se\u2026\n  \n\nKind regards",
        "post_number": 11,
        "post_type": 1,
        "posts_count": 21,
        "updated_at": "2025-02-07T03:23:18.430Z",
        "reply_count": 0,
        "reply_to_post_number": 10,
        "quote_count": 0,
        "incoming_link_count": 0,
        "reads": 40,
        "readers_count": 39,
        "score": 6.8,
        "yours": false,
        "topic_id": 166189,
        "topic_slug": "tds-assignment-is-not-submitting",
        "display_username": "Carlton D'Silva",
        "primary_group_name": "ds-students",
        "flair_name": "ds-students",
        "flair_url": null,
        "flair_bg_color": "",
        "flair_color": "",
        "flair_group_id": 294,
        "badges_granted": [],
        "version": 1,
        "can_edit": false,
        "can_delete": false,
        "can_recover": false,
        "can_see_hidden_post": false,
        "can_wiki": false,
        "read": false,
        "user_title": "Regular",
        "title_is_group": false,
        "reply_to_user": {
          "id": 3230,
          "username": "shriaviator",
          "name": "Srinivas Chilukuri",
          "avatar_template": "https://avatars.discourse-cdn.com/v4/letter/s/59ef9b/{size}.png"
        },
        "bookmarked": false,
        "actions_summary": [
          {
            "id": 2,
            "can_act": true
          },
          {
            "id": 6,
            "can_act": true
          },
          {
            "id": 3,
            "can_act": true
          },
          {
            "id": 4,
            "can_act": true
          },
          {
            "id": 8,
            "can_act": true
          },
          {
            "id": 10,
            "can_act": true
          },
          {
            "id": 7,
            "can_act": true
          }
        ],
        "moderator": false,
        "admin": false,
        "staff": false,
        "group_moderator": true,
        "user_id": 16094,
        "hidden": false,
        "trust_level": 3,
        "deleted_at": null,
        "user_deleted": false,
        "edit_reason": null,
        "can_view_edit_history": true,
        "wiki": false,
        "post_url": "/t/tds-assignment-is-not-submitting/166189/11",
        "user_cakedate": "2023-01-25",
        "reactions": [],
        "current_user_reaction": null,
        "reaction_users_count": 0,
        "current_user_used_main_reaction": false,
        "can_accept_answer": false,
        "can_unaccept_answer": false,
        "accepted_answer": false,
        "topic_accepted_answer": true
      },
      {
        "id": 591410,
        "name": "Bhavana G V",
        "username": "bhavanagv",
        "avatar_template": "/user_avatar/discourse.onlinedegree.iitm.ac.in/bhavanagv/{size}/120208_2.png",
        "created_at": "2025-02-06T20:28:05.908Z",
        "cooked": "Screenshot (313)1920\u00d71080 243 KB",
        "post_number": 12,
        "post_type": 1,
        "posts_count": 21,
        "updated_at": "2025-02-07T03:23:46.570Z",
        "reply_count": 0,
        "reply_to_post_number": null,
        "quote_count": 0,
        "incoming_link_count": 0,
        "reads": 34,
        "readers_count": 33,
        "score": 5.8,
        "yours": false,
        "topic_id": 166189,
        "topic_slug": "tds-assignment-is-not-submitting",
        "display_username": "Bhavana G V",
        "primary_group_name": "ds-students",
        "flair_name": "ds-students",
        "flair_url": null,
        "flair_bg_color": "",
        "flair_color": "",
        "flair_group_id": 294,
        "badges_granted": [],
        "version": 1,
        "can_edit": false,
        "can_delete": false,
        "can_recover": false,
        "can_see_hidden_post": false,
        "can_wiki": false,
        "read": false,
        "user_title": null,
        "bookmarked": false,
        "actions_summary": [
          {
            "id": 2,
            "can_act": true
          },
          {
            "id": 6,
            "can_act": true
          },
          {
            "id": 3,
            "can_act": true
          },
          {
            "id": 4,
            "can_act": true
          },
          {
            "id": 8,
            "can_act": true
          },
          {
            "id": 10,
            "can_act": true
          },
          {
            "id": 7,
            "can_act": true
          }
        ],
        "moderator": false,
        "admin": false,
        "staff": false,
        "user_id": 41676,
        "hidden": false,
        "trust_level": 0,
        "deleted_at": null,
        "user_deleted": false,
        "edit_reason": null,
        "can_view_edit_history": true,
        "wiki": false,
        "post_url": "/t/tds-assignment-is-not-submitting/166189/12",
        "user_cakedate": "2024-11-01",
        "reactions": [],
        "current_user_reaction": null,
        "reaction_users_count": 0,
        "current_user_used_main_reaction": false,
        "can_accept_answer": false,
        "can_unaccept_answer": false,
        "accepted_answer": false,
        "topic_accepted_answer": true
      },
      {
        "id": 591335,
        "name": "Carlton D'Silva",
        "username": "carlton",
        "avatar_template": "/user_avatar/discourse.onlinedegree.iitm.ac.in/carlton/{size}/56317_2.png",
        "created_at": "2025-02-07T00:46:09.257Z",
        "cooked": "Dear Bhavanagv,\nThe scores have not been pushed to the dashboard yet. Ignore seek portal. Seek portal will not have your submission or your scores because it is evaluated externally from the seek portal.\nKind regards",
        "post_number": 13,
        "post_type": 1,
        "posts_count": 21,
        "updated_at": "2025-02-07T03:23:46.697Z",
        "reply_count": 0,
        "reply_to_post_number": null,
        "quote_count": 0,
        "incoming_link_count": 0,
        "reads": 32,
        "readers_count": 31,
        "score": 5.4,
        "yours": false,
        "topic_id": 166189,
        "topic_slug": "tds-assignment-is-not-submitting",
        "display_username": "Carlton D'Silva",
        "primary_group_name": "ds-students",
        "flair_name": "ds-students",
        "flair_url": null,
        "flair_bg_color": "",
        "flair_color": "",
        "flair_group_id": 294,
        "badges_granted": [],
        "version": 1,
        "can_edit": false,
        "can_delete": false,
        "can_recover": false,
        "can_see_hidden_post": false,
        "can_wiki": false,
        "read": false,
        "user_title": "Regular",
        "title_is_group": false,
        "bookmarked": false,
        "actions_summary": [
          {
            "id": 2,
            "can_act": true
          },
          {
            "id": 6,
            "can_act": true
          },
          {
            "id": 3,
            "can_act": true
          },
          {
            "id": 4,
            "can_act": true
          },
          {
            "id": 8,
            "can_act": true
          },
          {
            "id": 10,
            "can_act": true
          },
          {
            "id": 7,
            "can_act": true
          }
        ],
        "moderator": false,
        "admin": false,
        "staff": false,
        "group_moderator": true,
        "user_id": 16094,
        "hidden": false,
        "trust_level": 3,
        "deleted_at": null,
        "user_deleted": false,
        "edit_reason": null,
        "can_view_edit_history": true,
        "wiki": false,
        "post_url": "/t/tds-assignment-is-not-submitting/166189/13",
        "user_cakedate": "2023-01-25",
        "reactions": [],
        "current_user_reaction": null,
        "reaction_users_count": 0,
        "current_user_used_main_reaction": false,
        "can_accept_answer": false,
        "can_unaccept_answer": false,
        "accepted_answer": false,
        "topic_accepted_answer": true
      },
      {
        "id": 591414,
        "name": "Reva Lakshmy Paul",
        "username": "22f3000585",
        "avatar_template": "/user_avatar/discourse.onlinedegree.iitm.ac.in/22f3000585/{size}/111045_2.png",
        "created_at": "2025-02-03T12:50:07.690Z",
        "cooked": "I had submitted the assignment still it\u2019s shwoing that my score is 0 and that i have not submitted the assignment.\nCan you please look into it as i had saved my answers as well timely.\nimage547\u00d7258 12.3 KB",
        "post_number": 14,
        "post_type": 1,
        "posts_count": 21,
        "updated_at": "2025-02-07T03:24:12.598Z",
        "reply_count": 0,
        "reply_to_post_number": null,
        "quote_count": 0,
        "incoming_link_count": 0,
        "reads": 30,
        "readers_count": 29,
        "score": 35.2,
        "yours": false,
        "topic_id": 166189,
        "topic_slug": "tds-assignment-is-not-submitting",
        "display_username": "Reva Lakshmy Paul",
        "primary_group_name": "ds-students",
        "flair_name": "ds-students",
        "flair_url": null,
        "flair_bg_color": "",
        "flair_color": "",
        "flair_group_id": 294,
        "badges_granted": [],
        "version": 1,
        "can_edit": false,
        "can_delete": false,
        "can_recover": false,
        "can_see_hidden_post": false,
        "can_wiki": false,
        "read": false,
        "user_title": null,
        "bookmarked": false,
        "actions_summary": [
          {
            "id": 2,
            "count": 2,
            "can_act": true
          },
          {
            "id": 6,
            "can_act": true
          },
          {
            "id": 3,
            "can_act": true
          },
          {
            "id": 4,
            "can_act": true
          },
          {
            "id": 8,
            "can_act": true
          },
          {
            "id": 10,
            "can_act": true
          },
          {
            "id": 7,
            "can_act": true
          }
        ],
        "moderator": false,
        "admin": false,
        "staff": false,
        "user_id": 16552,
        "hidden": false,
        "trust_level": 1,
        "deleted_at": null,
        "user_deleted": false,
        "edit_reason": null,
        "can_view_edit_history": true,
        "wiki": false,
        "post_url": "/t/tds-assignment-is-not-submitting/166189/14",
        "user_cakedate": "2023-01-29",
        "reactions": [
          {
            "id": "heart",
            "type": "emoji",
            "count": 2
          }
        ],
        "current_user_reaction": null,
        "reaction_users_count": 2,
        "current_user_used_main_reaction": false,
        "can_accept_answer": false,
        "can_unaccept_answer": false,
        "accepted_answer": false,
        "topic_accepted_answer": true
      },
      {
        "id": 590388,
        "name": "Pururaj Singh Shekhawat",
        "username": "Pururaj",
        "avatar_template": "/user_avatar/discourse.onlinedegree.iitm.ac.in/pururaj/{size}/109839_2.png",
        "created_at": "2025-02-03T18:47:17.785Z",
        "cooked": "same thing with my assignment even though i submitted it",
        "post_number": 15,
        "post_type": 1,
        "posts_count": 21,
        "updated_at": "2025-02-07T03:24:12.733Z",
        "reply_count": 0,
        "reply_to_post_number": null,
        "quote_count": 0,
        "incoming_link_count": 0,
        "reads": 58,
        "readers_count": 57,
        "score": 11.0,
        "yours": false,
        "topic_id": 166189,
        "topic_slug": "tds-assignment-is-not-submitting",
        "display_username": "Pururaj Singh Shekhawat",
        "primary_group_name": "ds-students",
        "flair_name": "ds-students",
        "flair_url": null,
        "flair_bg_color": "",
        "flair_color": "",
        "flair_group_id": 294,
        "badges_granted": [],
        "version": 1,
        "can_edit": false,
        "can_delete": false,
        "can_recover": false,
        "can_see_hidden_post": false,
        "can_wiki": false,
        "read": false,
        "user_title": null,
        "bookmarked": false,
        "actions_summary": [
          {
            "id": 2,
            "can_act": true
          },
          {
            "id": 6,
            "can_act": true
          },
          {
            "id": 3,
            "can_act": true
          },
          {
            "id": 4,
            "can_act": true
          },
          {
            "id": 8,
            "can_act": true
          },
          {
            "id": 10,
            "can_act": true
          },
          {
            "id": 7,
            "can_act": true
          }
        ],
        "moderator": false,
        "admin": false,
        "staff": false,
        "user_id": 39397,
        "hidden": false,
        "trust_level": 1,
        "deleted_at": null,
        "user_deleted": false,
        "edit_reason": null,
        "can_view_edit_history": true,
        "wiki": false,
        "post_url": "/t/tds-assignment-is-not-submitting/166189/15",
        "user_cakedate": "2024-10-03",
        "reactions": [],
        "current_user_reaction": null,
        "reaction_users_count": 0,
        "current_user_used_main_reaction": false,
        "can_accept_answer": false,
        "can_unaccept_answer": false,
        "accepted_answer": false,
        "topic_accepted_answer": true
      },
      {
        "id": 590403,
        "name": "Jivraj Singh Shekhawat",
        "username": "Jivraj",
        "avatar_template": "https://avatars.discourse-cdn.com/v4/letter/j/b9bd4f/{size}.png",
        "created_at": "2025-02-03T22:46:28.017Z",
        "cooked": "Scores will soon be pushed to seek portal, till then it will show 0.",
        "post_number": 16,
        "post_type": 1,
        "posts_count": 21,
        "updated_at": "2025-02-07T03:24:12.737Z",
        "reply_count": 0,
        "reply_to_post_number": null,
        "quote_count": 0,
        "incoming_link_count": 0,
        "reads": 53,
        "readers_count": 52,
        "score": 10.2,
        "yours": false,
        "topic_id": 166189,
        "topic_slug": "tds-assignment-is-not-submitting",
        "display_username": "Jivraj Singh Shekhawat",
        "primary_group_name": "ds-students",
        "flair_name": "ds-students",
        "flair_url": null,
        "flair_bg_color": "",
        "flair_color": "",
        "flair_group_id": 294,
        "badges_granted": [],
        "version": 1,
        "can_edit": false,
        "can_delete": false,
        "can_recover": false,
        "can_see_hidden_post": false,
        "can_wiki": false,
        "read": false,
        "user_title": "Course TA",
        "title_is_group": false,
        "bookmarked": false,
        "actions_summary": [
          {
            "id": 2,
            "can_act": true
          },
          {
            "id": 6,
            "can_act": true
          },
          {
            "id": 3,
            "can_act": true
          },
          {
            "id": 4,
            "can_act": true
          },
          {
            "id": 8,
            "can_act": true
          },
          {
            "id": 10,
            "can_act": true
          },
          {
            "id": 7,
            "can_act": true
          }
        ],
        "moderator": false,
        "admin": false,
        "staff": false,
        "group_moderator": true,
        "user_id": 15651,
        "hidden": false,
        "trust_level": 2,
        "deleted_at": null,
        "user_deleted": false,
        "edit_reason": null,
        "can_view_edit_history": true,
        "wiki": false,
        "post_url": "/t/tds-assignment-is-not-submitting/166189/16",
        "user_cakedate": "2023-01-25",
        "reactions": [],
        "current_user_reaction": null,
        "reaction_users_count": 0,
        "current_user_used_main_reaction": false,
        "can_accept_answer": false,
        "can_unaccept_answer": false,
        "accepted_answer": false,
        "topic_accepted_answer": true
      },
      {
        "id": 590647,
        "name": "Hrishikesh",
        "username": "HRISHIKESH",
        "avatar_template": "/user_avatar/discourse.onlinedegree.iitm.ac.in/hrishikesh/{size}/67577_2.png",
        "created_at": "2025-02-04T15:23:50.195Z",
        "cooked": "Same for me\u2026deadline is over and assignment not submitted\u2026",
        "post_number": 17,
        "post_type": 1,
        "posts_count": 21,
        "updated_at": "2025-02-07T03:24:12.741Z",
        "reply_count": 0,
        "reply_to_post_number": null,
        "quote_count": 0,
        "incoming_link_count": 0,
        "reads": 45,
        "readers_count": 44,
        "score": 8.6,
        "yours": false,
        "topic_id": 166189,
        "topic_slug": "tds-assignment-is-not-submitting",
        "display_username": "Hrishikesh",
        "primary_group_name": "ds-students",
        "flair_name": "ds-students",
        "flair_url": null,
        "flair_bg_color": "",
        "flair_color": "",
        "flair_group_id": 294,
        "badges_granted": [],
        "version": 1,
        "can_edit": false,
        "can_delete": false,
        "can_recover": false,
        "can_see_hidden_post": false,
        "can_wiki": false,
        "read": false,
        "user_title": null,
        "bookmarked": false,
        "actions_summary": [
          {
            "id": 2,
            "can_act": true
          },
          {
            "id": 6,
            "can_act": true
          },
          {
            "id": 3,
            "can_act": true
          },
          {
            "id": 4,
            "can_act": true
          },
          {
            "id": 8,
            "can_act": true
          },
          {
            "id": 10,
            "can_act": true
          },
          {
            "id": 7,
            "can_act": true
          }
        ],
        "moderator": false,
        "admin": false,
        "staff": false,
        "user_id": 29371,
        "hidden": false,
        "trust_level": 1,
        "deleted_at": null,
        "user_deleted": false,
        "edit_reason": null,
        "can_view_edit_history": true,
        "wiki": false,
        "post_url": "/t/tds-assignment-is-not-submitting/166189/17",
        "user_cakedate": "2024-02-25",
        "reactions": [],
        "current_user_reaction": null,
        "reaction_users_count": 0,
        "current_user_used_main_reaction": false,
        "can_accept_answer": false,
        "can_unaccept_answer": false,
        "accepted_answer": false,
        "topic_accepted_answer": true
      },
      {
        "id": 590738,
        "name": "Shashannk",
        "username": "23f2003413",
        "avatar_template": "/user_avatar/discourse.onlinedegree.iitm.ac.in/23f2003413/{size}/66883_2.png",
        "created_at": "2025-02-05T06:58:39.938Z",
        "cooked": "same issue here as well",
        "post_number": 18,
        "post_type": 1,
        "posts_count": 21,
        "updated_at": "2025-02-07T03:24:12.748Z",
        "reply_count": 0,
        "reply_to_post_number": null,
        "quote_count": 0,
        "incoming_link_count": 0,
        "reads": 39,
        "readers_count": 38,
        "score": 7.4,
        "yours": false,
        "topic_id": 166189,
        "topic_slug": "tds-assignment-is-not-submitting",
        "display_username": "Shashannk",
        "primary_group_name": "ds-students",
        "flair_name": "ds-students",
        "flair_url": null,
        "flair_bg_color": "",
        "flair_color": "",
        "flair_group_id": 294,
        "badges_granted": [],
        "version": 1,
        "can_edit": false,
        "can_delete": false,
        "can_recover": false,
        "can_see_hidden_post": false,
        "can_wiki": false,
        "read": false,
        "user_title": null,
        "bookmarked": false,
        "actions_summary": [
          {
            "id": 2,
            "can_act": true
          },
          {
            "id": 6,
            "can_act": true
          },
          {
            "id": 3,
            "can_act": true
          },
          {
            "id": 4,
            "can_act": true
          },
          {
            "id": 8,
            "can_act": true
          },
          {
            "id": 10,
            "can_act": true
          },
          {
            "id": 7,
            "can_act": true
          }
        ],
        "moderator": false,
        "admin": false,
        "staff": false,
        "user_id": 22439,
        "hidden": false,
        "trust_level": 1,
        "deleted_at": null,
        "user_deleted": false,
        "edit_reason": null,
        "can_view_edit_history": true,
        "wiki": false,
        "post_url": "/t/tds-assignment-is-not-submitting/166189/18",
        "user_cakedate": "2023-09-22",
        "reactions": [],
        "current_user_reaction": null,
        "reaction_users_count": 0,
        "current_user_used_main_reaction": false,
        "can_accept_answer": false,
        "can_unaccept_answer": false,
        "accepted_answer": false,
        "topic_accepted_answer": true
      },
      {
        "id": 590981,
        "name": "Sameer Naik",
        "username": "SameerNaik",
        "avatar_template": "/user_avatar/discourse.onlinedegree.iitm.ac.in/sameernaik/{size}/66764_2.png",
        "created_at": "2025-02-05T18:37:49.504Z",
        "cooked": "Yes, same observation for my assignment as well.",
        "post_number": 19,
        "post_type": 1,
        "posts_count": 21,
        "updated_at": "2025-02-07T03:24:12.751Z",
        "reply_count": 1,
        "reply_to_post_number": null,
        "quote_count": 0,
        "incoming_link_count": 0,
        "reads": 32,
        "readers_count": 31,
        "score": 10.8,
        "yours": false,
        "topic_id": 166189,
        "topic_slug": "tds-assignment-is-not-submitting",
        "display_username": "Sameer Naik",
        "primary_group_name": "ds-students",
        "flair_name": "ds-students",
        "flair_url": null,
        "flair_bg_color": "",
        "flair_color": "",
        "flair_group_id": 294,
        "badges_granted": [],
        "version": 1,
        "can_edit": false,
        "can_delete": false,
        "can_recover": false,
        "can_see_hidden_post": false,
        "can_wiki": false,
        "read": false,
        "user_title": null,
        "bookmarked": false,
        "actions_summary": [
          {
            "id": 2,
            "can_act": true
          },
          {
            "id": 6,
            "can_act": true
          },
          {
            "id": 3,
            "can_act": true
          },
          {
            "id": 4,
            "can_act": true
          },
          {
            "id": 8,
            "can_act": true
          },
          {
            "id": 10,
            "can_act": true
          },
          {
            "id": 7,
            "can_act": true
          }
        ],
        "moderator": false,
        "admin": false,
        "staff": false,
        "user_id": 20397,
        "hidden": false,
        "trust_level": 1,
        "deleted_at": null,
        "user_deleted": false,
        "edit_reason": null,
        "can_view_edit_history": true,
        "wiki": false,
        "post_url": "/t/tds-assignment-is-not-submitting/166189/19",
        "user_cakedate": "2023-06-12",
        "reactions": [],
        "current_user_reaction": null,
        "reaction_users_count": 0,
        "current_user_used_main_reaction": false,
        "can_accept_answer": false,
        "can_unaccept_answer": false,
        "accepted_answer": false,
        "topic_accepted_answer": true
      },
      {
        "id": 591014,
        "name": "Carlton D'Silva",
        "username": "carlton",
        "avatar_template": "/user_avatar/discourse.onlinedegree.iitm.ac.in/carlton/{size}/56317_2.png",
        "created_at": "2025-02-06T02:23:54.000Z",
        "cooked": "Scores for GA1, GA2, GA3, GA4, GA5, Project1, Project2, ROE will NOT be inside your seek portal.\nThe scores will only be visible in the dashboard. Just ignore anything inside the seek portal.\nAs stated in multiple places in discourse as well as in live sessions, The final score is always your last submission.\nKind regards",
        "post_number": 20,
        "post_type": 1,
        "posts_count": 21,
        "updated_at": "2025-02-07T03:24:12.755Z",
        "reply_count": 1,
        "reply_to_post_number": 19,
        "quote_count": 0,
        "incoming_link_count": 1,
        "reads": 35,
        "readers_count": 34,
        "score": 16.2,
        "yours": false,
        "topic_id": 166189,
        "topic_slug": "tds-assignment-is-not-submitting",
        "display_username": "Carlton D'Silva",
        "primary_group_name": "ds-students",
        "flair_name": "ds-students",
        "flair_url": null,
        "flair_bg_color": "",
        "flair_color": "",
        "flair_group_id": 294,
        "badges_granted": [],
        "version": 1,
        "can_edit": false,
        "can_delete": false,
        "can_recover": false,
        "can_see_hidden_post": false,
        "can_wiki": false,
        "read": false,
        "user_title": "Regular",
        "title_is_group": false,
        "reply_to_user": {
          "id": 20397,
          "username": "SameerNaik",
          "name": "Sameer Naik",
          "avatar_template": "/user_avatar/discourse.onlinedegree.iitm.ac.in/sameernaik/{size}/66764_2.png"
        },
        "bookmarked": false,
        "actions_summary": [
          {
            "id": 2,
            "can_act": true
          },
          {
            "id": 6,
            "can_act": true
          },
          {
            "id": 3,
            "can_act": true
          },
          {
            "id": 4,
            "can_act": true
          },
          {
            "id": 8,
            "can_act": true
          },
          {
            "id": 10,
            "can_act": true
          },
          {
            "id": 7,
            "can_act": true
          }
        ],
        "moderator": false,
        "admin": false,
        "staff": false,
        "group_moderator": true,
        "user_id": 16094,
        "hidden": false,
        "trust_level": 3,
        "deleted_at": null,
        "user_deleted": false,
        "edit_reason": null,
        "can_view_edit_history": true,
        "wiki": false,
        "via_email": true,
        "post_url": "/t/tds-assignment-is-not-submitting/166189/20",
        "user_cakedate": "2023-01-25",
        "reactions": [],
        "current_user_reaction": null,
        "reaction_users_count": 0,
        "current_user_used_main_reaction": false,
        "can_accept_answer": false,
        "can_unaccept_answer": false,
        "accepted_answer": false,
        "topic_accepted_answer": true
      },
      {
        "id": 591798,
        "name": "Yashraj Pradip Haridas",
        "username": "23f2000232",
        "avatar_template": "/user_avatar/discourse.onlinedegree.iitm.ac.in/23f2000232/{size}/67018_2.png",
        "created_at": "2025-02-07T14:50:45.736Z",
        "cooked": "There are some errors in grading for GA2 and  GA3 for TDS, even after submitting the assignments score 0 was given and the seek portal displayed assignment was not submitted given that the login was from my own account and was submitted before the time and still got a score of 0.\nScreenshot 2025-02-07 2013161859\u00d7960 88.4 KB\nand the same happened for the 3rd assignment",
        "post_number": 21,
        "post_type": 1,
        "posts_count": 21,
        "updated_at": "2025-02-07T15:06:56.194Z",
        "reply_count": 1,
        "reply_to_post_number": null,
        "quote_count": 0,
        "incoming_link_count": 1,
        "reads": 24,
        "readers_count": 23,
        "score": 14.0,
        "yours": false,
        "topic_id": 166189,
        "topic_slug": "tds-assignment-is-not-submitting",
        "display_username": "Yashraj Pradip Haridas",
        "primary_group_name": "ds-students",
        "flair_name": "ds-students",
        "flair_url": null,
        "flair_bg_color": "",
        "flair_color": "",
        "flair_group_id": 294,
        "badges_granted": [],
        "version": 1,
        "can_edit": false,
        "can_delete": false,
        "can_recover": false,
        "can_see_hidden_post": false,
        "can_wiki": false,
        "link_counts": [
          {
            "url": "https://discourse.onlinedegree.iitm.ac.in/t/ga4-data-sourcing-discussion-thread-tds-jan-2025/165959/120",
            "internal": true,
            "reflection": true,
            "title": "GA4 - Data Sourcing - Discussion Thread [TDS Jan 2025]",
            "clicks": 0
          }
        ],
        "read": false,
        "user_title": null,
        "bookmarked": false,
        "actions_summary": [
          {
            "id": 2,
            "can_act": true
          },
          {
            "id": 6,
            "can_act": true
          },
          {
            "id": 3,
            "can_act": true
          },
          {
            "id": 4,
            "can_act": true
          },
          {
            "id": 8,
            "can_act": true
          },
          {
            "id": 10,
            "can_act": true
          },
          {
            "id": 7,
            "can_act": true
          }
        ],
        "moderator": false,
        "admin": false,
        "staff": false,
        "user_id": 17966,
        "hidden": false,
        "trust_level": 0,
        "deleted_at": null,
        "user_deleted": false,
        "edit_reason": null,
        "can_view_edit_history": true,
        "wiki": false,
        "post_url": "/t/tds-assignment-is-not-submitting/166189/21",
        "user_cakedate": "2023-06-03",
        "reactions": [],
        "current_user_reaction": null,
        "reaction_users_count": 0,
        "current_user_used_main_reaction": false,
        "can_accept_answer": false,
        "can_unaccept_answer": false,
        "accepted_answer": false,
        "topic_accepted_answer": true
      },
      {
        "id": 591804,
        "name": "Carlton D'Silva",
        "username": "carlton",
        "avatar_template": "/user_avatar/discourse.onlinedegree.iitm.ac.in/carlton/{size}/56317_2.png",
        "created_at": "2025-02-07T15:07:24.073Z",
        "cooked": "Please refer to this post.\n\n\n\n\nTds: assignment is not submitting Tools in Data Science\n\n\n    Scores for GA1, GA2, GA3, GA4, GA5, Project1, Project2, ROE will NOT be inside your seek portal. \nThe scores will only be visible in the dashboard. Just ignore anything inside the seek portal. \nAs stated in multiple places in discourse as well as in live sessions, The final score is always your last submission. \nKind regards\n  \n\n",
        "post_number": 22,
        "post_type": 1,
        "posts_count": 21,
        "updated_at": "2025-02-07T15:07:24.073Z",
        "reply_count": 0,
        "reply_to_post_number": 21,
        "quote_count": 0,
        "incoming_link_count": 0,
        "reads": 28,
        "readers_count": 27,
        "score": 19.8,
        "yours": false,
        "topic_id": 166189,
        "topic_slug": "tds-assignment-is-not-submitting",
        "display_username": "Carlton D'Silva",
        "primary_group_name": "ds-students",
        "flair_name": "ds-students",
        "flair_url": null,
        "flair_bg_color": "",
        "flair_color": "",
        "flair_group_id": 294,
        "badges_granted": [],
        "version": 1,
        "can_edit": false,
        "can_delete": false,
        "can_recover": false,
        "can_see_hidden_post": false,
        "can_wiki": false,
        "read": false,
        "user_title": "Regular",
        "title_is_group": false,
        "reply_to_user": {
          "id": 17966,
          "username": "23f2000232",
          "name": "Yashraj Pradip Haridas",
          "avatar_template": "/user_avatar/discourse.onlinedegree.iitm.ac.in/23f2000232/{size}/67018_2.png"
        },
        "bookmarked": false,
        "actions_summary": [
          {
            "id": 2,
            "count": 1,
            "can_act": true
          },
          {
            "id": 6,
            "can_act": true
          },
          {
            "id": 3,
            "can_act": true
          },
          {
            "id": 4,
            "can_act": true
          },
          {
            "id": 8,
            "can_act": true
          },
          {
            "id": 10,
            "can_act": true
          },
          {
            "id": 7,
            "can_act": true
          }
        ],
        "moderator": false,
        "admin": false,
        "staff": false,
        "group_moderator": true,
        "user_id": 16094,
        "hidden": false,
        "trust_level": 3,
        "deleted_at": null,
        "user_deleted": false,
        "edit_reason": null,
        "can_view_edit_history": true,
        "wiki": false,
        "post_url": "/t/tds-assignment-is-not-submitting/166189/22",
        "user_cakedate": "2023-01-25",
        "reactions": [
          {
            "id": "heart",
            "type": "emoji",
            "count": 1
          }
        ],
        "current_user_reaction": null,
        "reaction_users_count": 1,
        "current_user_used_main_reaction": false,
        "can_accept_answer": false,
        "can_unaccept_answer": false,
        "accepted_answer": false,
        "topic_accepted_answer": true
      },
      {
        "id": 592129,
        "name": "Dnyaneshwari Rajendra Mahajan",
        "username": "Dnyanu27",
        "avatar_template": "/user_avatar/discourse.onlinedegree.iitm.ac.in/dnyanu27/{size}/70017_2.png",
        "created_at": "2025-02-08T12:32:16.079Z",
        "cooked": "Only 1st Graded assignment scores are visible on dashboard.  I have submitted 2nd and 3rd GA before the deadline but still it showing \u201cnot submitted\u201d on the seek portal\u2026",
        "post_number": 23,
        "post_type": 1,
        "posts_count": 21,
        "updated_at": "2025-02-08T12:32:16.079Z",
        "reply_count": 0,
        "reply_to_post_number": 20,
        "quote_count": 0,
        "incoming_link_count": 0,
        "reads": 28,
        "readers_count": 27,
        "score": 4.8,
        "yours": false,
        "topic_id": 166189,
        "topic_slug": "tds-assignment-is-not-submitting",
        "display_username": "Dnyaneshwari Rajendra Mahajan",
        "primary_group_name": "ds-students",
        "flair_name": "ds-students",
        "flair_url": null,
        "flair_bg_color": "",
        "flair_color": "",
        "flair_group_id": 294,
        "badges_granted": [],
        "version": 1,
        "can_edit": false,
        "can_delete": false,
        "can_recover": false,
        "can_see_hidden_post": false,
        "can_wiki": false,
        "read": false,
        "user_title": null,
        "reply_to_user": {
          "id": 16094,
          "username": "carlton",
          "name": "Carlton D'Silva",
          "avatar_template": "/user_avatar/discourse.onlinedegree.iitm.ac.in/carlton/{size}/56317_2.png"
        },
        "bookmarked": false,
        "actions_summary": [
          {
            "id": 2,
            "can_act": true
          },
          {
            "id": 6,
            "can_act": true
          },
          {
            "id": 3,
            "can_act": true
          },
          {
            "id": 4,
            "can_act": true
          },
          {
            "id": 8,
            "can_act": true
          },
          {
            "id": 10,
            "can_act": true
          },
          {
            "id": 7,
            "can_act": true
          }
        ],
        "moderator": false,
        "admin": false,
        "staff": false,
        "user_id": 12666,
        "hidden": false,
        "trust_level": 0,
        "deleted_at": null,
        "user_deleted": false,
        "edit_reason": null,
        "can_view_edit_history": true,
        "wiki": false,
        "post_url": "/t/tds-assignment-is-not-submitting/166189/23",
        "user_cakedate": "2022-05-01",
        "reactions": [],
        "current_user_reaction": null,
        "reaction_users_count": 0,
        "current_user_used_main_reaction": false,
        "can_accept_answer": false,
        "can_unaccept_answer": false,
        "accepted_answer": false,
        "topic_accepted_answer": true
      },
      {
        "id": 633606,
        "name": "SATISH KUMAR",
        "username": "21f3000697",
        "avatar_template": "/user_avatar/discourse.onlinedegree.iitm.ac.in/21f3000697/{size}/8382_2.png",
        "created_at": "2025-05-31T09:10:55.326Z",
        "cooked": "I recently got mail and checked my marks for GA2 and noticed that the final score is showing as 4.25, but while attempting the assignment earlier, I had scored 7.25 shown after submission.\nCould you please help me understand how the marks were reduced? I want to ensure there was no error or misunderstanding in the evaluation.",
        "post_number": 24,
        "post_type": 1,
        "posts_count": 21,
        "updated_at": "2025-05-31T09:10:55.326Z",
        "reply_count": 1,
        "reply_to_post_number": null,
        "quote_count": 0,
        "incoming_link_count": 0,
        "reads": 20,
        "readers_count": 19,
        "score": 8.0,
        "yours": false,
        "topic_id": 166189,
        "topic_slug": "tds-assignment-is-not-submitting",
        "display_username": "SATISH KUMAR",
        "primary_group_name": "ds-students",
        "flair_name": "ds-students",
        "flair_url": null,
        "flair_bg_color": "",
        "flair_color": "",
        "flair_group_id": 294,
        "badges_granted": [],
        "version": 1,
        "can_edit": false,
        "can_delete": false,
        "can_recover": false,
        "can_see_hidden_post": false,
        "can_wiki": false,
        "read": false,
        "user_title": null,
        "bookmarked": false,
        "actions_summary": [
          {
            "id": 2,
            "can_act": true
          },
          {
            "id": 6,
            "can_act": true
          },
          {
            "id": 3,
            "can_act": true
          },
          {
            "id": 4,
            "can_act": true
          },
          {
            "id": 8,
            "can_act": true
          },
          {
            "id": 10,
            "can_act": true
          },
          {
            "id": 7,
            "can_act": true
          }
        ],
        "moderator": false,
        "admin": false,
        "staff": false,
        "user_id": 7189,
        "hidden": false,
        "trust_level": 1,
        "deleted_at": null,
        "user_deleted": false,
        "edit_reason": null,
        "can_view_edit_history": true,
        "wiki": false,
        "post_url": "/t/tds-assignment-is-not-submitting/166189/24",
        "user_cakedate": "2021-09-12",
        "reactions": [],
        "current_user_reaction": null,
        "reaction_users_count": 0,
        "current_user_used_main_reaction": false,
        "can_accept_answer": false,
        "can_unaccept_answer": false,
        "accepted_answer": false,
        "topic_accepted_answer": true
      }
    ],
    "stream": [
      590136,
      590232,
      590930,
      591015,
      591407,
      591364,
      591405,
      591410,
      591335,
      591414,
      590388,
      590403,
      590647,
      590738,
      590981,
      591014,
      591798,
      591804,
      592129,
      633606,
      633608
    ]
  },
  "timeline_lookup": [
    [
      1,
      129
    ],
    [
      3,
      127
    ],
    [
      5,
      129
    ],
    [
      6,
      126
    ],
    [
      7,
      125
    ],
    [
      8,
      126
    ],
    [
      10,
      129
    ],
    [
      13,
      128
    ],
    [
      14,
      127
    ],
    [
      17,
      125
    ],
    [
      19,
      124
    ],
    [
      20,
      12
    ]
  ],
  "tags": [
    "diploma-level",
    "graded-assignment"
  ],
  "tags_descriptions": {},
  "id": 166189,
  "title": "Tds: assignment is not submitting",
  "fancy_title": "Tds: assignment is not submitting",
  "posts_count": 21,
  "created_at": "2025-02-03T06:54:27.692Z",
  "views": 141,
  "reply_count": 5,
  "like_count": 7,
  "last_posted_at": "2025-05-31T09:14:12.326Z",
  "visible": true,
  "closed": false,
  "archived": false,
  "has_summary": false,
  "archetype": "regular",
  "slug": "tds-assignment-is-not-submitting",
  "category_id": 34,
  "word_count": 817,
  "deleted_at": null,
  "user_id": 24614,
  "featured_link": null,
  "pinned_globally": false,
  "pinned_at": null,
  "pinned_until": null,
  "image_url": null,
  "slow_mode_seconds": 0,
  "draft": null,
  "draft_key": "topic_166189",
  "draft_sequence": 0,
  "unpinned": null,
  "pinned": false,
  "current_post_number": 1,
  "highest_post_number": 25,
  "deleted_by": null,
  "actions_summary": [
    {
      "id": 4,
      "count": 0,
      "hidden": false,
      "can_act": true
    },
    {
      "id": 8,
      "count": 0,
      "hidden": false,
      "can_act": true
    },
    {
      "id": 10,
      "count": 0,
      "hidden": false,
      "can_act": true
    },
    {
      "id": 7,
      "count": 0,
      "hidden": false,
      "can_act": true
    }
  ],
  "chunk_size": 20,
  "bookmarked": false,
  "topic_timer": null,
  "message_bus_last_id": 3,
  "participant_count": 15,
  "show_read_indicator": false,
  "thumbnails": null,
  "slow_mode_enabled_until": null,
  "tags_disable_ads": false,
  "related_topics": null,
  "summarizable": false,
  "valid_reactions": [
    "heart",
    "+1",
    "laughing",
    "open_mouth",
    "clap",
    "confetti_ball",
    "rocket",
    "-1"
  ],
  "accepted_answer": {
    "post_number": 6,
    "username": "carlton",
    "name": null,
    "excerpt": "Your scores are evaluated on a site that is external to the seek portal and is not integrated with the seek portal. Therefore seek does not know if you have submitted or not and by default says that it has not been submitted because it cannot see your external evaluation. There will not be a fix for&hellip;",
    "accepter_name": null,
    "accepter_username": "carlton"
  },
  "can_vote": false,
  "vote_count": 0,
  "user_voted": false,
  "discourse_zendesk_plugin_zendesk_id": null,
  "discourse_zendesk_plugin_zendesk_url": "https://your-url.zendesk.com/agent/tickets/",
  "details": {
    "can_edit": false,
    "notification_level": 1,
    "can_create_post": true,
    "can_reply_as_new_topic": true,
    "can_flag_topic": true,
    "participants": [
      {
        "id": 16094,
        "username": "carlton",
        "name": "Carlton D'Silva",
        "avatar_template": "/user_avatar/discourse.onlinedegree.iitm.ac.in/carlton/{size}/56317_2.png",
        "post_count": 6,
        "primary_group_name": "ds-students",
        "flair_name": "ds-students",
        "flair_url": null,
        "flair_color": "",
        "flair_bg_color": "",
        "flair_group_id": 294,
        "trust_level": 3
      },
      {
        "id": 24614,
        "username": "23f3002530",
        "name": "Sompartha Sinha",
        "avatar_template": "/user_avatar/discourse.onlinedegree.iitm.ac.in/23f3002530/{size}/66753_2.png",
        "post_count": 2,
        "primary_group_name": "ds-students",
        "flair_name": "ds-students",
        "flair_url": null,
        "flair_color": "",
        "flair_bg_color": "",
        "flair_group_id": 294,
        "trust_level": 0
      },
      {
        "id": 20017,
        "username": "Rishabh2",
        "name": "Kumar Rishabh ",
        "avatar_template": "/user_avatar/discourse.onlinedegree.iitm.ac.in/rishabh2/{size}/66901_2.png",
        "post_count": 1,
        "primary_group_name": "ds-students",
        "flair_name": "ds-students",
        "flair_url": null,
        "flair_color": "",
        "flair_bg_color": "",
        "flair_group_id": 294,
        "trust_level": 1
      },
      {
        "id": 12666,
        "username": "Dnyanu27",
        "name": "Dnyaneshwari Rajendra Mahajan",
        "avatar_template": "/user_avatar/discourse.onlinedegree.iitm.ac.in/dnyanu27/{size}/70017_2.png",
        "post_count": 1,
        "primary_group_name": "ds-students",
        "flair_name": "ds-students",
        "flair_url": null,
        "flair_color": "",
        "flair_bg_color": "",
        "flair_group_id": 294,
        "trust_level": 0
      },
      {
        "id": 20397,
        "username": "SameerNaik",
        "name": "Sameer Naik",
        "avatar_template": "/user_avatar/discourse.onlinedegree.iitm.ac.in/sameernaik/{size}/66764_2.png",
        "post_count": 1,
        "primary_group_name": "ds-students",
        "flair_name": "ds-students",
        "flair_url": null,
        "flair_color": "",
        "flair_bg_color": "",
        "flair_group_id": 294,
        "trust_level": 1
      },
      {
        "id": 15651,
        "username": "Jivraj",
        "name": "Jivraj Singh Shekhawat",
        "avatar_template": "https://avatars.discourse-cdn.com/v4/letter/j/b9bd4f/{size}.png",
        "post_count": 1,
        "primary_group_name": "ds-students",
        "flair_name": "ds-students",
        "flair_url": null,
        "flair_color": "",
        "flair_bg_color": "",
        "flair_group_id": 294,
        "trust_level": 2
      },
      {
        "id": 39397,
        "username": "Pururaj",
        "name": "Pururaj Singh Shekhawat",
        "avatar_template": "/user_avatar/discourse.onlinedegree.iitm.ac.in/pururaj/{size}/109839_2.png",
        "post_count": 1,
        "primary_group_name": "ds-students",
        "flair_name": "ds-students",
        "flair_url": null,
        "flair_color": "",
        "flair_bg_color": "",
        "flair_group_id": 294,
        "trust_level": 1
      },
      {
        "id": 17966,
        "username": "23f2000232",
        "name": "Yashraj Pradip Haridas",
        "avatar_template": "/user_avatar/discourse.onlinedegree.iitm.ac.in/23f2000232/{size}/67018_2.png",
        "post_count": 1,
        "primary_group_name": "ds-students",
        "flair_name": "ds-students",
        "flair_url": null,
        "flair_color": "",
        "flair_bg_color": "",
        "flair_group_id": 294,
        "trust_level": 0
      },
      {
        "id": 3230,
        "username": "shriaviator",
        "name": "Srinivas Chilukuri",
        "avatar_template": "https://avatars.discourse-cdn.com/v4/letter/s/59ef9b/{size}.png",
        "post_count": 1,
        "primary_group_name": "ds-students",
        "flair_name": "Community-TA",
        "flair_url": "handshake-angle",
        "flair_color": "6BEE3D",
        "flair_bg_color": "717BF7",
        "flair_group_id": 89,
        "trust_level": 2
      },
      {
        "id": 22439,
        "username": "23f2003413",
        "name": "Shashannk",
        "avatar_template": "/user_avatar/discourse.onlinedegree.iitm.ac.in/23f2003413/{size}/66883_2.png",
        "post_count": 1,
        "primary_group_name": "ds-students",
        "flair_name": "ds-students",
        "flair_url": null,
        "flair_color": "",
        "flair_bg_color": "",
        "flair_group_id": 294,
        "trust_level": 1
      },
      {
        "id": 29371,
        "username": "HRISHIKESH",
        "name": "Hrishikesh",
        "avatar_template": "/user_avatar/discourse.onlinedegree.iitm.ac.in/hrishikesh/{size}/67577_2.png",
        "post_count": 1,
        "primary_group_name": "ds-students",
        "flair_name": "ds-students",
        "flair_url": null,
        "flair_color": "",
        "flair_bg_color": "",
        "flair_group_id": 294,
        "trust_level": 1
      },
      {
        "id": 16552,
        "username": "22f3000585",
        "name": "Reva Lakshmy Paul",
        "avatar_template": "/user_avatar/discourse.onlinedegree.iitm.ac.in/22f3000585/{size}/111045_2.png",
        "post_count": 1,
        "primary_group_name": "ds-students",
        "flair_name": "ds-students",
        "flair_url": null,
        "flair_color": "",
        "flair_bg_color": "",
        "flair_group_id": 294,
        "trust_level": 1
      },
      {
        "id": 13078,
        "username": "Saransh_Saini",
        "name": "Saransh Saini",
        "avatar_template": "/user_avatar/discourse.onlinedegree.iitm.ac.in/saransh_saini/{size}/123495_2.png",
        "post_count": 1,
        "primary_group_name": "ds-students",
        "flair_name": "ds-students",
        "flair_url": null,
        "flair_color": "",
        "flair_bg_color": "",
        "flair_group_id": 294,
        "trust_level": 1
      },
      {
        "id": 7189,
        "username": "21f3000697",
        "name": "SATISH KUMAR",
        "avatar_template": "/user_avatar/discourse.onlinedegree.iitm.ac.in/21f3000697/{size}/8382_2.png",
        "post_count": 1,
        "primary_group_name": "ds-students",
        "flair_name": "ds-students",
        "flair_url": null,
        "flair_color": "",
        "flair_bg_color": "",
        "flair_group_id": 294,
        "trust_level": 1
      },
      {
        "id": 41676,
        "username": "bhavanagv",
        "name": "Bhavana G V",
        "avatar_template": "/user_avatar/discourse.onlinedegree.iitm.ac.in/bhavanagv/{size}/120208_2.png",
        "post_count": 1,
        "primary_group_name": "ds-students",
        "flair_name": "ds-students",
        "flair_url": null,
        "flair_color": "",
        "flair_bg_color": "",
        "flair_group_id": 294,
        "trust_level": 0
      }
    ],
    "created_by": {
      "id": 24614,
      "username": "23f3002530",
      "name": "Sompartha Sinha",
      "avatar_template": "/user_avatar/discourse.onlinedegree.iitm.ac.in/23f3002530/{size}/66753_2.png"
    },
    "last_poster": {
      "id": 16094,
      "username": "carlton",
      "name": "Carlton D'Silva",
      "avatar_template": "/user_avatar/discourse.onlinedegree.iitm.ac.in/carlton/{size}/56317_2.png"
    }
  },
  "pending_posts": [],
  "bookmarks": []
}